id,title,platforms,genres,description,languages,multilanguage,regions,year,developer,publisher
1,MotoGP 19,"[""PC""]","[""Guida""]","MotoGP 19 è un videogioco di simulazione di corse motociclistiche sviluppato da Milestone S.r.l. e pubblicato da Milestone S.r.l. per PC, PlayStation 4, Xbox One e Nintendo Switch.",[],1,"[""Europa""]",2019,Milestone,Milestone
2,MotoGP 18,"[""PC""]","[""Guida""]","MotoGP 18 è un videogioco di simulazione di motociclismo sviluppato da Milestone S.r.l. e pubblicato da Milestone S.r.l. per PC, PlayStation 4, Xbox One e Nintendo Switch.",[],1,"[""Europa""]",2018,Milestone,Milestone
3,MotoGP 17,"[""PC""]","[""Guida""]",MotoGP 17 è un videogioco di simulazione di motociclismo sviluppato da Milestone S.r.l. e pubblicato da Milestone S.r.l. per PC.,[],1,"[""Europa""]",2017,Milestone,Milestone
4,MotoGP 15,"[""PC""]","[""Guida""]","MotoGP 15 è un videogioco di simulazione di motociclismo sviluppato da Milestone S.r.l. e pubblicato da Bandai Namco Entertainment per PC, PlayStation 4, PlayStation 3, Xbox One e Xbox 360 nel 2015.",[],1,"[""Europa""]",2015,Milestone,Bandai Namco
5,MotoGP 14,"[""PC""]","[""Guida""]","MotoGP 14 è un videogioco di simulazione di motociclismo sviluppato da Milestone S.r.l. e pubblicato da Bandai Namco Entertainment per PC, PlayStation 3, PlayStation 4, Xbox 360 e Xbox One.",[],1,"[""Europa""]",2014,Milestone,Bandai Namco
6,MotoGP 13,"[""PC""]","[""Guida""]","MotoGP 13 è un videogioco di simulazione di motociclismo sviluppato da Milestone S.r.l. e pubblicato da Namco Bandai Games per PlayStation 3, PlayStation Vita, Xbox 360 e Microsoft Windows.",[],1,"[""Europa""]",2013,Milestone,Bandai Namco
7,MotoGP 08,"[""PC""]","[""Guida""]","MotoGP 08 è un videogioco di simulazione di corse motociclistiche, incentrato sul campionato MotoGP.",[],1,"[""Europa""]",2008,,
8,MotoGP 07,"[""PC""]","[""Guida""]","MotoGP 07 è un videogioco di simulazione di corse di motociclette basato sul campionato motociclistico MotoGP. Il gioco offre una riproduzione fedele delle moto e dei circuiti del campionato reale, permettendo ai giocatori di immergersi nell'atmosfera delle gare di MotoGP.",[],1,"[""Europa""]",2007,,
9,MotoGP 3,"[""PC""]","[""Guida""]","MotoGP 3 è un videogioco di simulazione di corse di motociclette della serie MotoGP, sviluppato da Milestone S.r.l. e pubblicato da THQ nel 2005.","[""Inglese""]",1,"[""Europa""]",2005,Milestone,THQ
10,MotoGP 2,"[""PC""]","[""Guida""]",MotoGP 2 è un videogioco di simulazione di corse di motociclette basato sul campionato motociclistico MotoGP.,"[""Inglese""]",1,"[""Europa""]",,,
12,FIFA Soccer 96,"[""PC""]","[""Sport""]",FIFA Soccer 96 è un videogioco di calcio pubblicato nel 1995 per PC. È parte della popolare serie di videogiochi FIFA della Electronic Arts.,"[""Inglese""]",0,"[""Europa""]",1995,,
13,FIFA International Soccer,"[""PC""]","[""Sport""]","FIFA International Soccer è un videogioco di calcio pubblicato nel 1993/1994 per PC, compatibile con Windows 95 e DOS.",[],1,"[""Europa""]",1993,,
18,Rune2,"[""PC""]","[""Azione""]",Gioco di azione ambientato in Europa,"[""Inglese""]",0,"[""Europa""]",,,
19,Rune,"[""PC""]","[""Azione""]",Rune è un videogioco di azione ambientato nell'era vichinga. Il giocatore impersona un guerriero vichingo che deve affrontare diverse sfide e nemici in un mondo fantasy ispirato alla mitologia norrena.,"[""Inglese""]",0,"[""Europa""]",2000,,
20,Deliver us the Moon,"[""Switch""]","[""Avventura""]",Una colonia lunare che fornisce una fornitura vitale di energia è scomparsa. Un astronauta solitario viene inviato sulla Luna per una missione cruciale per salvare l'umanità dall'estinzione. Riuscirete a salvare l'umanità o sarete dimenticati nell'oscuro abisso dello spazio?,"[""Italiano""]",0,"[""Europa""]",2024,,
21,Pack,"[""Altro""]","[""Collezione di giochi arcade"", ""Arcade""]",Collezione completa di soli giochi funzionanti (Giugno 2024),"[""Giapponese""]",1,"[""Europa"", ""USA"", ""Giappone""]",2024,,
22,Gioventù ribelle,"[""PC""]","[""Sparatutto""]","Gioventù ribelle è un videogioco freeware sparatutto in prima persona dedicato al 150º anniversario dell'Unità d'Italia, il videogioco è stato sviluppato dal Gruppo di Filiera dei Produttori Italiani di Videogiochi in collaborazione con la Presidenza del Consiglio dei ministri e dall'Istituto per la storia del Risorgimento italiano, Assoknowledge - Produttori Italiani di Videogiochi e Alberghi per la Gioventù. Gioventù ribelle è stato recepito molto negativamente sia dai videogiocatori che dalla stampa specializzata, tanto che due siti americani specializzati nel settore dei videogiochi, NeoGaf e Destructoid, lo hanno paragonato a Big Rigs, uno dei peggiori videogiochi di sempre.","[""Italiano""]",0,"[""Europa""]",2011,,
23,Mountain Bike Adrenaline,"[""PS2""]","[""Sport""]","Mountain Bike Adrenaline è un videogioco di simulazione di mountain bike per PlayStation 2. Il gioco offre diverse modalità di gioco, tra cui gare, sfide e modalità free ride, permettendo ai giocatori di esplorare diversi scenari naturali e affrontare percorsi impegnativi.",[],1,"[""Europa""]",2003,,
24,Black Hawk Down,"[""PS2""]","[""Sparatutto""]","Black Hawk Down è un videogioco sparatutto in prima persona ambientato durante l'Operazione Gothic Serpent, un conflitto armato avvenuto a Mogadiscio, in Somalia, nel 1993. Il giocatore impersona un soldato delle forze speciali statunitensi impegnato in una missione di cattura di due esponenti del regime di Siad Barre.",[],1,"[""Europa""]",2003,,
25,Sword of Mana,"[""Game Boy Advance""]","[""Ruolo""]","Sword of Mana è un gioco di ruolo d'azione sviluppato da Square Enix per Game Boy Advance. È il quinto capitolo della serie Mana, nonché il remake di Final Fantasy Adventure per Game Boy.","[""Italiano""]",0,"[""Europa""]",2003,Square Enix,
26,Godzilla: Domination!,"[""Game Boy Advance""]","[""Picchiaduro""]","Godzilla: Domination! è un videogioco di picchiaduro basato sulla serie di film di Godzilla, sviluppato e pubblicato da Pipeworks Software per Game Boy Advance nel 2002.",[],1,"[""Europa""]",2002,Pipeworks Software,Pipeworks Software
27,Medal of Honor: Underground,"[""Game Boy Advance""]","[""Sparatutto""]",Medal of Honor: Underground è un videogioco sparatutto in prima persona sviluppato da DreamWorks Interactive e pubblicato da Electronic Arts per Game Boy Advance nel 2000.,[],1,"[""Europa""]",2000,DreamWorks Interactive,Electronic Arts
28,Top Gun: Firestorm Advance,"[""Game Boy Advance""]","[""Shooter""]",Top Gun: Firestorm Advance è un videogioco di combattimento aereo sviluppato e pubblicato per Game Boy Advance nel 2002.,"[""Italiano""]",0,"[""Europa""]",2002,,
29,Driven,"[""Game Boy Advance""]","[""Guida""]",,"[""Italiano""]",0,"[""Europa""]",2002,,
30,Commandos Strike Force,"[""PS2""]","[""Sparatutto""]","Commandos Strike Force è un videogioco di strategia in tempo reale sviluppato da Pyro Studios e pubblicato da Eidos Interactive nel 2006 per PlayStation 2, Xbox e Microsoft Windows.",[],1,"[""Europa""]",2006,Pyro Studios,Eidos Interactive
31,Frequency,"[""PS2""]","[""Musica""]","Frequency è un videogioco di musica e ritmo sviluppato da Harmonix e pubblicato da SCEA nel 2001 per PlayStation 2. Il gioco consiste nel seguire il ritmo di brani musicali di diversi generi, come rock, elettronica e hip hop, attraverso la navigazione di tunnel tridimensionali.",[],1,"[""Europa""]",2001,Harmonix,SCEA
32,Broken Sword: The Shadow of the Templars,"[""Game Boy Advance""]","[""Avventura""]","Broken Sword: The Shadow of the Templars è un'avventura grafica sviluppata da Revolution Software e pubblicata nel 2002 per Game Boy Advance. È il secondo capitolo della serie Broken Sword, dopo il primo episodio uscito nel 1996 per PC.",[],1,"[""Europa""]",2002,Revolution Software,
33,Tom Clancy's Rainbow Six Rogue Spear,"[""Game Boy Advance""]","[""Tactical shooter""]",Tom Clancy's Rainbow Six Rogue Spear è un videogioco di genere tattico-sparatutto sviluppato da Red Storm Entertainment e pubblicato da Ubisoft per Game Boy Advance nel 1999.,[],1,"[""Europa""]",1999,Red Storm Entertainment,Ubisoft
34,Dragon Ball Raging Blast 2,"[""PS3""]","[""Azione""]","Dragon Ball Raging Blast 2 è un videogioco di combattimento basato sulla serie anime e manga Dragon Ball. Il gioco permette ai giocatori di rivivere le battaglie più iconiche della serie, controllando i personaggi preferiti e scontrandosi in epici duelli.",[],1,"[""Europa""]",2010,,
35,Soldier of Fortune: Gold Edition,"[""PS2""]","[""First person shooter""]",Soldier of Fortune: Gold Edition è un gioco di sparatutto in prima persona sviluppato da Raven Software e pubblicato da Activision. Il gioco mette il giocatore nei panni di un mercenario altamente addestrato che deve affrontare una serie di missioni pericolose in tutto il mondo.,[],1,"[""Europa""]",2002,Raven Software,Activision
36,Army Men Real Time Strategy,"[""PS2""]","[""Strategia""]",Army Men Real Time Strategy è un gioco di strategia in tempo reale ambientato in un mondo di giocattoli di plastica. I giocatori controllano squadre di soldatini di plastica in battaglie tattiche contro altri eserciti di giocattoli.,[],1,"[""Europa""]",2000,,
37,Sword Art Online Fatal Bullet,"[""Switch""]","[""Azione""]",Sword Art Online Fatal Bullet è un videogioco di ruolo d'azione ambientato nell'universo di Sword Art Online. Il giocatore assume il ruolo di un nuovo personaggio che si unisce ai protagonisti della serie in una nuova avventura all'interno del mondo virtuale di Gun Gale Online.,"[""Italiano""]",0,"[""Europa""]",2019,,
38,The Last Remnant Remastered,"[""Switch""]","[""Strategia""]","In questo mondo, fin dall'antichità esistono oggetti misteriosi chiamati ""Remnants"". Chi ha creato questi oggetti? Quando? E per quale motivo? Nessuno lo sapeva e nessuno aveva i mezzi per saperlo, ma si continuava a estrarre e utilizzare il loro colossale potere. Tuttavia, l'immenso potere dei Remnant ha gradualmente causato la perdita di equilibrio del mondo. Quando l'ulteriore separazione lacerò coloro che governano e coloro che seguono, scoppiò una guerra, l'inizio di una lunga e interminabile contesa. Mille anni dopo, inizia questa storia.","[""Italiano""]",0,"[""Europa""]",2019,,
39,Another code,"[""Switch""]","[""Avventura""]",Il gioco necessita di un controller switch!,"[""Italiano""]",0,"[""Europa""]",2024,,
40,Dave the Diver,"[""Switch""]","[""Avventura""]",Dave the Diver è un gioco di ruolo d'avventura casual per giocatore singolo che prevede l'esplorazione e la pesca in alto mare di giorno e la gestione di un ristorante di sushi di notte. Unisciti a Dave e ai suoi stravaganti amici per scoprire i segreti del misterioso Blue Hole.,"[""Inglese""]",0,"[""Europa""]",2023,,
41,Bioshock Remastered,"[""Switch""]","[""Azione""]","Esplora la città sottomarina di Rapture, un rifugio per le più grandi menti della società che si è trasformato in un incubo distopico causato dall'arroganza di un uomo. Tra le rovine sommerse dall'acqua è emerso un nuovo ecosistema, dove gli Splicer squilibrati danno la caccia alle Piccole Sorelle, che sarebbero indifese senza i loro massicci guardiani Big Daddy. Le uniche speranze di sopravvivenza sono la prontezza di riflessi, le armi recuperate e i poteri sovrumani garantiti dai plasmidi che alterano il DNA.","[""Italiano""]",0,"[""Europa""]",2020,,
42,I pinguini di madagascar: Il ritorno del dottor Blowhole,"[""PS3""]","[""Azione""]",,"[""Italiano""]",0,"[""Europa""]",2011,,
43,State of Emergency,"[""PS2""]","[""Picchiaduro""]",State of Emergency è un videogioco d'azione e picchiaduro sviluppato da VIS Entertainment e pubblicato da Rockstar Games nel 2002 per PlayStation 2.,[],1,"[""Europa""]",2002,VIS Entertainment,Rockstar Games
44,Bionicle,"[""PS2""]","[""Azione""]","Bionicle è un videogioco d'azione basato sulla linea di giocattoli Bionicle della Lego. Il gioco segue le avventure dei Toa, eroi biomeccanici, mentre combattono per salvare l'isola di Mata Nui dai malvagi Makuta.",[],1,"[""Europa""]",2003,,
45,Marvel Ultimate Alliance the black order,"[""Switch""]","[""Azione""]","Crea la tua squadra definitiva di supereroi Marvel da un cast enorme che comprende i Vendicatori, i Guardiani della Galassia, gli X-Men e altri ancora! Fai squadra con i tuoi amici per evitare la devastazione galattica per mano del folle tiranno cosmico Thanos e dei suoi spietati guerrafondai, l'Ordine Nero.","[""Italiano""]",0,"[""Europa""]",2019,,
46,Super Mario Bros Wonder,"[""Switch""]","[""Azione""]",Parti con Mario e i suoi amici per una nuova avventura a scorrimento orizzontale in 2D dove sorprese e meraviglie ti attendono a ogni angolo.,"[""Italiano""]",0,"[""Europa""]",2023,,
47,Grandia HD Collection,"[""Switch""]","[""Ruolo""]","Grandia HD Collection è una raccolta che include i primi due capitoli della serie Grandia, originariamente pubblicati per Sega Saturn e PlayStation. Questa versione HD rimasterizza i due giochi per offrire una grafica e un comparto audio aggiornati, mantenendo intatta l'esperienza di gioco originale.",[],1,"[""Europa""]",2019,,
48,Unlimited Saga,"[""PS2""]","[""Ruolo""]","Unlimited Saga è un videogioco di ruolo sviluppato da Square e pubblicato nel 2002 per PlayStation 2. Il gioco presenta un sistema di gioco unico e innovativo, con un'ambientazione fantasy e una trama che segue le avventure di sette personaggi diversi.",[],1,"[""Europa""]",2002,Square,
49,Arc the Lad,"[""PS1""]","[""Ruolo""]",,[],0,"[""Europa""]",1995,,
50,Outer Wilds,"[""Switch""]","[""Avventura""]","Vincitore del premio come miglior gioco ai BAFTA Games Awards 2020 e nominato gioco dell'anno 2019 da Giant Bomb, Polygon, Eurogamer e The Guardian, Outer Wilds è un mistero open world acclamato e premiato dalla critica che racconta di un sistema solare intrappolato in un loop temporale senza fine.","[""Italiano""]",0,"[""Europa""]",2023,,
51,Star Wars: Knights of the Old Republic,"[""Switch""]","[""Avventura""]","Quattromila anni prima dell'Impero Galattico, centinaia di Cavalieri Jedi sono caduti in battaglia contro gli spietati Sith e voi siete l'ultima speranza dell'Ordine Jedi. Riuscirete a dominare l'impressionante potere della Forza e a salvare la Repubblica? O cadrete nel fascino del lato oscuro? Un'epopea di Star Wars ambientata nell'epoca incontaminata che precede l'ascesa dell'Impero, ricca di personaggi, creature, veicoli e pianeti unici.","[""Italiano""]",0,"[""Europa""]",2021,,
52,Metal Gear Solid,"[""Switch""]","[""Azione""]","Ritorna alle origini del genere stealth action. Infiltrati nelle basi nemiche di tutto il mondo, completa le missioni in maniera furtiva e vivi l'avvincente storia cinematografica della serie di METAL GEAR.","[""Italiano""]",0,"[""Europa""]",2023,,
53,Wacky Races,"[""PS1""]","[""Guida""]","Wacky Races è un videogioco di corse basato sull'omonima serie animata degli anni '60. I giocatori possono scegliere tra i diversi personaggi della serie e gareggiare in piste folli e bizzarre, utilizzando vari power-up e abilità per sabotare gli avversari.",[],1,"[""Europa""]",1999,,
54,Front Mission 1st remake,"[""Switch""]","[""Azione""]","Nell'anno 2090, i conflitti mondiali vengono combattuti utilizzando gigantesche macchine da guerra chiamate Wanzers. L'isola di Huffman, l'unico luogo in cui l'Unione Cooperativa Oceania (O.C.U.) e gli Stati Continentali Unificati (U.C.S.) condividono un confine terrestre, è un focolaio di conflitti. Un plotone di ricognizione dell'O.C.U., guidato dal capitano Royd Clive, è incaricato di indagare su un impianto di munizioni degli Stati Uniti. Subiscono un'imboscata da parte degli U.C.S. Wanzers, scatenando una serie di eventi che fanno precipitare l'intera isola in guerra. La fidanzata di Royd, il tenente Karen Meure, scompare in azione.","[""Italiano""]",0,"[""Europa""]",2022,,
55,Children of Silentown,"[""Switch""]","[""Avventura""]","Lucy ha paura della foresta, come qualsiasi altro bambino: ogni notte, i ruggiti echeggianti le tolgono il sonno. Nemmeno i suoi sogni sono un luogo sicuro dove poter giocare. Le persone che scompaiono non sono rare nel villaggio, ma questa volta Lucy è abbastanza grande per indagare da sola. O almeno così pensa.","[""Italiano""]",0,"[""Europa""]",2023,,
56,Cocoon,"[""Switch""]","[""Avventura""]","Da Jeppe Carlsen, il principale progettista del gameplay di LIMBO e INSIDE, COCOON vi porta in un'avventura attraverso mondi dentro mondi. Padroneggiate le meccaniche di salto nel mondo per svelare un mistero cosmico.","[""Italiano""]",0,"[""Europa""]",2023,,
57,Grand Theft Auto San Andreas – The Definitive Edition,"[""Switch""]","[""Avventura""]","Cinque anni fa, Carl 'CJ' Johnson è fuggito dalla nebbia di Los Santos, San Andreas... una città che si stava distruggendo a causa di problemi di bande, droga e corruzione. Ora siamo all'inizio degli anni '90. CJ deve tornare a casa: sua madre è stata uccisa, la sua famiglia è andata in pezzi e i suoi amici d'infanzia stanno tutti andando verso il disastro. Al suo ritorno nel quartiere, un paio di poliziotti lo incastrano per omicidio, costringendo CJ a intraprendere un viaggio che lo porterà ad attraversare l'intero stato di San Andreas, per salvare la sua famiglia e prendere il controllo delle strade nella prossima iterazione della serie che ha cambiato tutto.","[""Italiano""]",0,"[""Europa""]",2021,,
58,Sengoku Anthology,"[""PS2""]","[""Picchiaduro""]",Sengoku Anthology è una raccolta di giochi di combattimento ambientati nell'era Sengoku del Giappone feudale. Offre una vasta selezione di personaggi e stili di combattimento tratti da vari titoli della serie Sengoku.,[],1,"[""Europa""]",2003,,
59,Scooby-Doo! Unmasked,"[""PS2""]","[""Avventura""]",Scooby-Doo! Unmasked è un videogioco di avventura basato sulla serie animata Scooby-Doo. Il gioco segue la Scooby Gang mentre indaga su una serie di misteriosi eventi soprannaturali.,[],1,"[""Europa""]",2005,,
60,Agent Hugo Hula Holiday,"[""PS2""]","[""Platformer 3d""]","Agent Hugo Hula Holiday è un gioco di piattaforme in 3D in cui il giocatore controlla il personaggio di Agent Hugo, un agente segreto che si ritrova in vacanza in un paradiso tropicale. Il gioco prevede l'esplorazione di vari livelli ambientati in spiagge, giungle e altri scenari esotici, con l'obiettivo di raccogliere oggetti e completare missioni.",[],1,"[""Europa""]",2002,,
61,Naruto Ultimate Ninja 2,"[""PS2""]","[""Combattimento""]",Naruto Ultimate Ninja 2 è un videogioco di combattimento basato sull'anime e manga di Naruto. Il gioco permette ai giocatori di controllare diversi personaggi della serie e di partecipare a battaglie intense e spettacolari.,[],1,"[""Europa""]",2005,,
62,BloodRayne,"[""PS2""]","[""Azione""]","BloodRayne è un videogioco di azione e avventura sviluppato da Terminal Reality e pubblicato da Majesco Entertainment nel 2002 per PlayStation 2. Il gioco segue le avventure di Rayne, una mezza vampira che combatte contro le forze del male durante la Seconda Guerra Mondiale.",[],1,"[""Europa""]",2002,Terminal Reality,Majesco Entertainment
63,Tekken 4,"[""PS2""]","[""Picchiaduro""]",Tekken 4 è un videogioco picchiaduro sviluppato e pubblicato da Namco nel 2002. È il quarto capitolo della serie Tekken ed è stato rilasciato esclusivamente per PlayStation 2.,[],1,"[""Europa""]",2002,Namco,Namco
64,Final Fantasy XII,"[""PS2""]","[""Ruolo""]","Final Fantasy XII è un videogioco di ruolo sviluppato da Square Enix e pubblicato nel 2006 per PlayStation 2. Ambientato nel mondo fantasy di Ivalice, il gioco segue le avventure di Vaan, un giovane ladro, e di altri personaggi mentre si trovano coinvolti in una guerra tra l'Impero Arcadiano e il Regno di Dalmasca.","[""Italiano""]",1,"[""USA""]",2006,Square Enix,
65,King's Field IV,"[""PS2""]","[""Ruolo""]",King's Field IV è un videogioco di ruolo sviluppato da FromSoftware e pubblicato da Agetec nel 2001 per PlayStation 2. È il quarto capitolo della serie King's Field.,"[""Giapponese""]",0,"[""Giappone""]",2001,FromSoftware,Agetec
66,Diabolik The Original Sin,"[""PS2""]","[""Avventura""]",Diabolik The Original Sin è un videogioco di avventura ambientato nel mondo del famoso personaggio dei fumetti Diabolik. Il giocatore veste i panni del ladro gentiluomo Diabolik e deve affrontare una serie di missioni e sfide per risolvere un mistero legato al suo passato.,[],1,"[""Europa""]",2004,,
67,Friends: The One with All the Trivia,"[""PS2""]","[""Trivia""]","Un gioco di trivia basato sulla popolare serie TV Friends. I giocatori possono testare le loro conoscenze sulla serie rispondendo a domande su personaggi, episodi e citazioni memorabili.","[""Inglese""]",0,"[""USA""]",2004,,
68,Tekken Tag Tournament,"[""PS2""]","[""Combattimento""]","Tekken Tag Tournament è un videogioco di arti marziali sviluppato e pubblicato da Namco nel 1999 per PlayStation 2. È uno spin-off della serie Tekken, che permette ai giocatori di formare coppie di combattenti per affrontare gli avversari.",[],1,"[""Europa""]",1999,Namco,Namco
69,Spider-Man 2,"[""PS2""]","[""Azione""]",Spider-Man 2 è un videogioco di azione e avventura basato sul film omonimo del 2004. Il giocatore assume il ruolo di Spider-Man e deve affrontare una serie di nemici e missioni per proteggere la città di New York.,[],1,"[""Europa""]",2004,,
70,Action Man A.T.O.M.: Alpha Teens on Machine,"[""PS2""]","[""Guida""]","Action Man A.T.O.M.: Alpha Teens on Machine è un videogioco di corse ambientato nell'universo di Action Man, in cui i giocatori possono gareggiare con i veicoli dei personaggi della serie.",[],1,"[""Europa""]",2004,,
71,The Sims 2 Castaway,"[""PS2""]","[""Virtual life""]",The Sims 2 Castaway è un videogioco di simulazione di vita sviluppato da Maxis e pubblicato da Electronic Arts per PlayStation 2. Il gioco fa parte della serie The Sims e segue le avventure di un Sim che si ritrova naufragato su un'isola deserta.,[],1,"[""Europa""]",2007,Maxis,Electronic Arts
72,Agent Hugo: Lemoontwist,"[""PS2""]","[""Avventura""]","Agent Hugo: Lemoontwist è un videogioco di avventura per PlayStation 2. Il giocatore controlla l'agente segreto Hugo, che deve affrontare una nuova missione per sventare i piani malvagi di un nemico.",[],1,"[""Europa""]",2003,,
73,Virtua Cop Elite Edition,"[""PS2""]","[""Sparatutto""]",Virtua Cop Elite Edition è un gioco di tiro in prima persona sviluppato da Sega AM2 e pubblicato da Sega per PlayStation 2 nel 2002. È una versione migliorata del classico Virtua Cop originariamente uscito per arcade nel 1994.,[],1,"[""Europa""]",2002,Sega AM2,Sega
74,Tekken 5,"[""PS2""]","[""Picchiaduro""]",Tekken 5 è un videogioco picchiaduro sviluppato e pubblicato da Namco nel 2004. È il quinto capitolo della serie Tekken ed è stato rilasciato inizialmente per PlayStation 2.,[],1,"[""Europa""]",2004,Namco,Namco
75,Underworld The Eternal War,"[""PS2""]","[""Sparatutto""]",Underworld The Eternal War è un videogioco di genere sparatutto ambientato in un mondo sotterraneo in cui due fazioni si combattono in una guerra eterna.,[],1,"[""Europa""]",2003,,
76,"Demo per PlayStation 2 (n. 39) fornito con Official PlayStation Magazine 2, numero 27","[""PS2""]","[""Demo""]","Questo è un disco demo per PlayStation 2 (n. 39) fornito con Official PlayStation Magazine 2, numero 27, una rivista diffusa in Belgio e nei Paesi Bassi. Contiene demo di vari giochi tra cui Beyond Good & Evil, Conflict Desert Storm 2, Disney's Extreme Skate Adventure, FIFA 2004, Freestyle Metal X, Ghosthunter, Ironstorm World War Zero, Jak II, Judge Dredd vs Judge Death, Legacy of Kain: Defiance, MOH Rising Sun, My Street, Prince of Persia TSOT, Rolling, The Italian Job e Whiplash.",[],1,"[""Europa""]",2003,,
77,Mortal Kombat Armageddon,"[""PS2""]","[""Picchiaduro""]",Mortal Kombat Armageddon è un videogioco picchiaduro sviluppato e pubblicato da Midway Games nel 2006 per PlayStation 2 e Xbox. È il settimo capitolo principale della serie Mortal Kombat.,[],1,"[""Europa""]",2006,Midway Games,Midway Games
78,Mortal Kombat: Shaolin Monks,"[""PS2""]","[""Picchiaduro""]",Mortal Kombat: Shaolin Monks è un videogioco picchiaduro sviluppato da Midway Games e pubblicato nel 2005 per PlayStation 2 e Xbox. Il gioco è ambientato nell'universo di Mortal Kombat e segue le avventure di Liu Kang e Kung Lao dopo gli eventi di Mortal Kombat II.,[],1,"[""Europa""]",2005,Midway Games,
79,Wild Arms 5,"[""PS2""]","[""Ruolo""]",Wild Arms 5 è un videogioco di ruolo sviluppato da Media.Vision e pubblicato da Xseed Games per PlayStation 2 nel 2006. È il quinto capitolo della serie Wild Arms.,[],1,"[""Europa""]",2006,Media,Xseed Games
80,Mortal Kombat Deadly Alliance,"[""PS2""]","[""Picchiaduro""]",Mortal Kombat Deadly Alliance è un videogioco picchiaduro sviluppato e pubblicato da Midway Games nel 2002 per PlayStation 2. È il sesto capitolo della serie Mortal Kombat.,[],1,"[""Europa""]",2002,Midway Games,Midway Games
81,Mortal Kombat Deception,"[""PS2""]","[""Picchiaduro""]",Mortal Kombat Deception è un videogioco picchiaduro sviluppato e pubblicato da Midway Games nel 2004 per PlayStation 2 e Xbox. È il sesto capitolo principale della serie Mortal Kombat.,[],1,"[""Europa""]",2004,Midway Games,Midway Games
82,God of War II,"[""PS2""]","[""Picchiaduro""]","God of War II è un videogioco d'azione e avventura sviluppato da SCE Santa Monica Studio e pubblicato da Sony Computer Entertainment per PlayStation 2 nel 2007. È il sequel di God of War, uscito nel 2005, e continua la storia del protagonista Kratos, il Fantasma di Sparta.",[],1,"[""Europa""]",2007,SCE Santa Monica Studio,Sony Computer Entertainment
83,God of War,"[""PS2""]","[""Picchiaduro""]","God of War è un videogioco d'azione e avventura sviluppato da SCE Santa Monica Studio e pubblicato da Sony Computer Entertainment per PlayStation 2 nel 2005. Il gioco segue le avventure di Kratos, un guerriero spartano che viene ingaggiato dagli dei dell'Olimpo per uccidere Ares, il dio della guerra.",[],1,"[""Europa""]",2005,SCE Santa Monica Studio,Sony Computer Entertainment
84,MAME Collection,"[""PC""]","[""Emulatore di arcade""]",Pacchetto di 2500 giochi arcade classici emulati tramite MAME (Multiple Arcade Machine Emulator).,"[""Giapponese""]",1,"[""Internazionale""]",2023,,
85,Demon Slayer -Kimetsu no Yaiba- The Hinokami Chronicles,"[""Switch""]","[""Azione""]","Rivivi i momenti memorabili dell'anime Demon Slayer: Kimetsu no Yaiba dalla prospettiva del suo protagonista, Tanjiro Kamado! Segui la storia di Demon Slayer: Kimetsu no Yaiba Il Capitolo dell'Incrollabile Determinazione di Tanjiro Kamado, in cui Tanjiro Kamado entra nella squadra ammazzademoni, a Demon Slayer -Kimetsu no Yaiba- The Movie: il treno Mugen, con il pilastro delle fiamme Kyojuro Rengoku! Affronta i demoni della serie animata con tecniche di lotta riprodotte alla perfezione in 3D!",[],1,"[""Europa""]",2022,,
86,Rocket Car: Ultimate Ball League Machines,"[""Switch""]","[""Macchine""]","Ti presentiamo Rocket Car: Ultimate Ball League Machines, la miscela perfetta di auto veloci ed emozionante azione calcistica! Scegli tra una varietà di veicoli eleganti, ognuno con le sue abilità uniche. Che tu preferisca le auto sportive veloci o le macchine potenti, c'è una corsa per tutti in Rocket Car.",[],1,"[""Europa""]",2023,,
87,Mortal Kombat Outbreak v3.5 - Cyber Invasion,"[""PC""]","[""Picchiaduro""]",Mortal Kombat Outbreak v3.5 - Cyber Invasion versione MUGEN per PC senza installazione. Speciale personaggio Bruce Lee. Ci sono altri personaggi nascosti basta scorrere oltre il personaggio a bordo stringa perimetrale.,[],1,"[""USA""]",2023,,
88,WWE SmackDown! vs RAW 2006,"[""PS2""]","[""Wrestling""]",WWE SmackDown! vs RAW 2006 è un videogioco di wrestling sviluppato da Yuke's e pubblicato da THQ per PlayStation 2 nel 2005. È il settimo capitolo della serie WWE SmackDown! e il secondo della serie WWE SmackDown! vs. RAW.,[],1,"[""Europa""]",2005,Yuke's,THQ
89,Starfield,"[""PC""]","[""Ruolo""]","Starfield prende forma in una frazione della galassia nota come Sistemi Colonizzati, l'insieme di un centinaio di stelle che sono divenute da tempo la nuova casa della specie umana. Le più grandi sono le Colonie Unite e gli indipendentisti del Collettivo Freestar, due potenze che hanno infiammato il vuoto siderale attraverso la grande Guerra Coloniale, le cui cicatrici restano tutt'ora impresse a fuoco nelle dozzine di strutture belliche abbandonate, oltre che nei cuori dei reduci e dei civili. Una volta mossi i primi passi sul terreno sconosciuto - ovvero aree molto vaste delimitate da confini invisibili - attorno all'astronave vengono generati in maniera procedurale una serie di punti di interesse e strutture costruite a mano dagli artisti della casa, al fine di riempire gli spazi di un mondo tanto esagerato. Costruisci il tuo universo.",[],0,"[""Europa""]",2023,,
90,Red Dead Redemption,"[""PS3"", ""Xbox 360""]","[""Open world"", ""Western"", ""Terza persona""]","Red Dead Redemption è un videogioco di genere western open world sviluppato da Rockstar Games. Ambientato nel 1911, il gioco segue la storia di John Marston, un ex fuorilegge costretto a cacciare i suoi ex compagni di banda per salvare la sua famiglia.","[""Italiano""]",0,"[""Europa""]",2010,Rockstar Games,
91,Baldur's Gate III,"[""PC""]","[""Ruolo""]","Baldur's Gate, un nome che riecheggia attraverso le epoche dei giochi di ruolo, una reliquia preziosa che è stata per anni nelle mani di Wizards of the Coast, ha finalmente fatto il suo atteso ritorno. Fin dai primi passi in questo mondo di incredibili avventure, è chiaro che Baldur's Gate III ha abbracciato appieno l'anima di Dungeons & Dragons, consegnando ai giocatori un'esperienza che sembra l'incarnazione stessa delle epiche sessioni di gioco di ruolo. In Baldur's Gate III, avrete la possibilità di selezionare tra diversi personaggi pregenerati, noti come personaggi origine. Questi sette personaggi originari, che vanno dalla misteriosa guerriera Githyanki Lae'zel, al mago caduto in disgrazia Gale di Waterdeep, saranno anche i compagni che vi seguiranno in questa epica avventura. Ognuno di questi personaggi è dotato di una trama propria con quest uniche collegate.",[],1,"[""Europa""]",2023,,
92,The Waterhorse: La Leggenda Degli Abissi,"[""PS2""]","[""Simulazione""]","Il gioco in uscita per PS2, DS e PC è la trasposizione ufficiale del film di Sony Pictures che ha ottenuto ottimi risultati di critica e di pubblico negli Stati Uniti. Infatti, insieme a Ratatouille, è considerato il miglior titolo per famiglie della stagione. Unisciti ad Angus e al suo incredibile amico Crusoe, il Water Horse, nell'avventura che li porterà fino ai confini del mondo per cercare di riottenere la libertà, ostacolata sia dalla guerra sia dal leggendario mostro di Loch Ness. Rivivi tutta l'emozione ed il coinvolgimento del film grazie a numerosissimi minigiochi dall'incredibile giocabilità. I controlli di Angus e Crusoe saranno straordinariamente accurati. Due modalità di gioco, Story Mode e Quick Play, per divertire ogni tipo di giocatore.",[],1,"[""Europa""]",2008,,
93,Toy Golf Extreme,"[""PS2""]","[""Sport""]","Toy Golf Extreme vi permetterà di giocare ad una specie di pazzo mini-golf all'interno di una casa, in locali come il garage, il soggiorno, la cucina, la camera da letto, ecc... per un totale di 45 buche.",[],1,"[""Europa""]",2007,,
94,CCleaner,"[""PC""]","[""Utilità di sistema""]","CCleaner è uno strumento indispensabile per mantenere efficiente il PC, grazie ai numerosi strumenti di analisi, pulizia e ottimizzazione. Il programma combina funzioni interessanti, tra cui una dedicata alla pulizia del sistema, in grado di eliminare i file temporanei e quelli inutilizzati.",[],1,"[""Internazionale""]",2022,,
95,Monster Hunter Generations Ultimate,"[""Switch""]","[""Azione"", ""Avventura""]","Monster Hunter Generations Ultimate presenta una combinazione di varie caratteristiche, tra cui il classico gameplay della serie, arricchito da altri meccaniche, aree esplorabili e mostri, tra cui due tra i preferiti dai fan: lo Zinogre, veloce come un lampo e il furtivo Nargacuga dalla coda lunga.",[],1,"[""Europa""]",2018,,
96,Family Guy - Video Game!,"[""PS2""]","[""Avventura""]","La struttura del gioco si riflette su diversi episodi dello show televisivo e il suo gioco è simile a un gioco arcade. La storia del gioco consente al giocatore di controllare i tre personaggi principali, Peter, Stewie e Brian dalla serie. Tutte le storie sono collegate in modi specifici. Nella storia di Stewie, il suo fratellastro, Bertram, ritorna e spera di conquistare il mondo. La trama di Stewie ruota attorno al tentativo di fermarlo. Nella trama di Peter, dopo essere stato schiacciato dalla sua parabola satellitare, Peter ha l'impressione che un signor Belvedere, un personaggio della TV degli anni '80, abbia rapito la sua famiglia. Peter cerca la sua nemesi attraverso il gioco. E infine, nella trama di Brian, Brian viene arrestato per un cane premiato apparentemente impregnante Seabreeze. Brian, che non lo ha fatto, deve trovare il vero colpevole.",[],1,"[""Europa""]",2006,,
97,Paper Mario: Sticker Star,"[""Nintendo 3DS""]","[""Avventura""]","Paper Mario ritorna e questa volta affronta una nuova avventura davvero ""appiccicosa""! Questa volta dovrai aiutare Mario a porre rimedio al disastro che Bowser ha provocato usando i fantastici poteri di nuovi adesivi. Il familiare mondo di Paper Mario con il suo cast di colorati personaggi prende vita in Paper Mario: Sticker Star per Nintendo 3DS! Grazie agli straordinari effetti grafici in 3D ti sembrerà di osservare ed esplorare un mondo di diorami in miniatura!",[],1,"[""Europa""]",2012,,
98,WWE 2k23 + DLC (Tutti Sbloccati),"[""PC""]","[""Wrestling""]","La novità di questa edizione è il gioco di guerra a tutto campo: Questo tipo di match ricco di azione, molto amato dai fan, fa il suo debutto in WWE 2K23 e regala un'azione da cardiopalma in multiplayer 3v3 e 4v4 all'interno di due ring affiancati, circondati da una doppia gabbia d'acciaio!","[""Italiano"", ""Inglese""]",0,"[""Europa""]",2023,,
99,Returnal,"[""PC""]","[""Sparatutto""]","Selene Vassos è un'astronauta scelta dalla ASTRA Corporation per esplorare i confini dell'universo a bordo della sua navicella spaziale Helios. Durante l'investigazione di un particolare segnale denominato Pallida Ombra, la navicella è vittima di un'avaria ai motori costringendo Selene ad effettuare un atterraggio di fortuna sul pianeta FISCHER-265-I, conosciuto comunemente come Atropos. L'obiettivo della protagonista diventa quindi quello di raggiungere ad ogni costo il segnale, nella speranza di poter mettersi in contatto con Astra e inviare le sue coordinate per ricevere soccorso. Esplorando il territorio, inospitale sia per clima che per vegetazione, Selene si imbatte in un cadavere, rimanendo senza parole dopo l'identificazione della sua stessa salma. Dopo questo avvenimento viene a conoscenza di come il tessuto spazio temporale sia lacerato.",[],1,"[""Europa""]",2023,,
100,Rush Rally 3,"[""PC""]","[""Guida""]","Corri a 60 FPS (120+ FPS sui dispositivi supportati), di notte o di giorno, in tutte le intemperie! Oltre 100 livelli nuovi e originali, ciascuno con superfici diverse, come neve, ghiaia, asfalto e sterrato! Quindici anni di esperienza hanno dato vita a uno dei migliori modelli dinamici automobilistici mai esistiti che include danni e deformazione del veicolo in tempo reale. Prova la nuova modalità Carriera, partecipa a un Rally Singolo in diversi Paesi o gareggia testa a testa con le altre vetture in Rally Cross.","[""Italiano""]",0,"[""Europa""]",2022,,
101,Tennis Elbow 4,"[""PC""]","[""Sport""]","Creato da e per gli appassionati di tennis, Tennis Elbow 4 è il sequel di TE2013 e offre una simulazione di tennis con una curva di apprendimento facile e intuitiva, ma con un'eccezionale profondità di gioco.",[],1,"[""Europa""]",2021,,
102,101-IN-1 Sports Party Megamix,"[""Wii""]","[""Sport""]","101 Sports Party Megamix è una collezione di 101 giochi legati al mondo dello sport. Gioca a tennis, basket, fai una gara di velocità o pratica lo sci. Si può giocare in modalità singola o con gli amici. Completa 101 Games , usa il particolare controller della Wii per entrare nel vivo del gioco. Fai il punteggio massimo e sblocca i giochi. 101 giochi di sport. Dozzine di giochi per 4 giocatori per competere con gli amici. Gioca le differenti modalità, incluso il multiplayer per determinare il miglior giocatore. Molte ore di puro divertimento.",[],1,"[""Europa""]",2022,,
103,Crisis Core Final Fantasy VII Reunion,"[""Switch""]","[""Ruolo""]","CRISIS CORE –FINAL FANTASY VII– REUNION è il remaster HD del celebre prequel di FINAL FANTASY VII. La grafica in HD, il doppiaggio di tutti i dialoghi e un nuovo arrangiamento della colonna sonora danno vita a un'avventura coinvolgente. CRISIS CORE –FINAL FANTASY VII– REUNION è la storia di Zack Fair, un giovane guerriero che insegue un sogno e combatte per difendere il proprio onore. Al suo fianco troverai eroi leggendari, un ragazzo destinato a salvare il mondo e una giovane donna che stringe tra le mani il fato del pianeta. Il legame che unisce Zack e Cloud viene svelato in questa epica storia di amore ed eroismo, che supera il limite di un semplice remaster HD.",[],1,"[""Europa""]",2022,,
104,Pink Pong,"[""PS2""]","[""Sport""]","Pink Pong per PS2 è un gioco che si basa più sulla plasticità delle signore che si affrontano su una vera simulazione di tennis da tavolo. Il nostro eroe deve affrontare una dozzina di signore, dall'infermiera alla studentessa, alla modella o alla vicina di casa, per vederle sgambettare. Ma non dimenticate di rilanciare la palla!","[""Inglese""]",0,"[""Europa""]",2005,,
105,Spin Drive Ping Pong,"[""PS2""]","[""Sport""]","Spin Drive Ping Pong è un videogioco di ping pong per PlayStation 2. Il gioco offre modalità di gioco single player e multiplayer, con diverse opzioni di personalizzazione e modalità di gioco.","[""Inglese""]",1,"[""Europa""]",2003,,
106,Euro Truck Simulator 2,"[""PC""]","[""Guida"", ""Simulazione""]","Euro Truck Simulator 2 è un videogioco di simulazione di guida di camion ambientato in Europa. Il giocatore assume il ruolo di un autotrasportatore che deve consegnare merci in diverse città europee, rispettando i tempi di consegna e le normative stradali. Il gioco offre un'esperienza realistica di guida di veicoli pesanti attraverso paesaggi dettagliati e autostrade realistiche.",[],1,"[""Europa""]",2012,,
107,WWE 2K22 (Tutti i DLC),"[""PC""]","[""Wrestling""]",WWE 2K22 è il videogioco di wrestling sviluppato da Visual Concepts e pubblicato da 2K Sports. Questa versione include tutti i DLC rilasciati.,"[""Italiano"", ""Inglese""]",0,"[""Europa""]",2022,Visual Concepts,2K Sports
108,eFootball PES 2021,"[""PC""]","[""Sport""]",eFootball PES 2021 è un videogioco di calcio sviluppato e pubblicato da Konami. È l'edizione 2021 della serie Pro Evolution Soccer.,[],1,"[""Europa""]",2021,Konami,Konami
109,WWE 2K20 (Tutti i DLC),"[""PC""]","[""Wrestling""]","WWE 2K20 è il videogioco di wrestling sviluppato da Visual Concepts e pubblicato da 2K Sports per PlayStation 4, Xbox One e Microsoft Windows. È il ventunesimo capitolo della serie WWE 2K.","[""Italiano"", ""Inglese""]",0,"[""Europa""]",2019,Visual Concepts,2K Sports
110,WWE 2K19 (Tutti i DLC),"[""PC""]","[""Wrestling""]","WWE 2K19 è il videogioco di wrestling sviluppato da Visual Concepts e pubblicato da 2K Sports per PlayStation 4, Xbox One e Microsoft Windows. Il gioco include tutti i DLC rilasciati.","[""Italiano"", ""Inglese""]",0,"[""Europa""]",2018,Visual Concepts,2K Sports
111,The Sims 4: Deluxe Edition,"[""PC""]","[""Simulazione""]","The Sims 4: Deluxe Edition è un videogioco di simulazione di vita sviluppato da Maxis e pubblicato da Electronic Arts. È il quarto capitolo della serie The Sims e offre una vasta gamma di opzioni per creare e personalizzare i propri Sims, costruire case e vivere una vita virtuale.",[],1,"[""Europa""]",2014,Maxis,Electronic Arts
112,MotoGP 21 + 2 DLCs + Windows 7 Fix,"[""PC""]","[""Guida"", ""Sport""]",Gioco di simulazione di motociclismo che permette di gareggiare nella stagione 2021 del Campionato Mondiale MotoGP. Include 2 DLC aggiuntivi e un fix per il funzionamento su Windows 7.,[],1,"[""Europa""]",2021,,
113,Building Simulator,"[""PC""]","[""Simulazione""]","Building Simulator è un gioco di simulazione in cui i giocatori possono costruire, gestire e far crescere la propria impresa edile. Il gioco offre un'esperienza realistica e dettagliata del processo di costruzione, dalla progettazione alla realizzazione di edifici residenziali e commerciali.",[],1,"[""Europa""]",2022,,
114,Monster Energy Supercross - The Official Videogame 4,"[""PC""]","[""Sport"", ""Guida""]","Monster Energy Supercross - The Official Videogame 4 è il videogioco ufficiale del Campionato Mondiale di Supercross FIM. Offre un'esperienza di guida realistica e coinvolgente, con una grafica migliorata e nuove funzionalità per rendere il gioco ancora più immersivo.",[],1,"[""Europa""]",2021,,
115,FUSER: VIP Edition + 29 DLCs,"[""PC""]","[""Simulazione"", ""Musicale""]",Esperienza di DJ e creazione di mix musicali,[],1,"[""Europa""]",2020,,
116,Anno 1800 Digital Deluxe Edition,"[""PC""]","[""Simulazione""]","Anno 1800 è un gioco di strategia in tempo reale ambientato nell'era industriale. Costruisci e gestisci una fiorente città industriale, esplora nuove tecnologie, espandi il tuo impero coloniale e affronta i tuoi avversari in battaglie epiche.",[],1,"[""Europa""]",2019,,
117,Cyberpunk 2077,"[""PC""]","[""Azione""]","Cyberpunk 2077 è un gioco di ruolo d'azione ambientato in un vasto mondo aperto nella megalopoli di Night City, una città futuristica divisa in diverse regioni. Il giocatore assume il ruolo di V, un mercenario il cui obiettivo è quello di ottenere l'immortalità.",[],1,"[""Europa""]",2020,,
118,MotoGP 20,"[""PC""]","[""Guida""]","MotoGP 20 è un videogioco di simulazione di motociclismo sviluppato da Milestone S.r.l. e pubblicato da Milestone S.r.l. per PC, PlayStation 4, Xbox One e Nintendo Switch.",[],1,"[""Europa""]",2020,Milestone,Milestone
119,Guitar Hero World Tour,"[""PC""]","[""Musicale""]","Guitar Hero World Tour è un videogioco musicale sviluppato da Neversoft e pubblicato da Activision. Il gioco permette ai giocatori di suonare canzoni famose utilizzando una chitarra, un microfono e una batteria come controller.",[],1,"[""Europa""]",2008,Neversoft,Activision
120,SeriousSam4 Deluxe Edition,"[""PC""]","[""Azione""]","Serious Sam 4 è un frenetico sparatutto in prima persona che riporta il giocatore in un'epica avventura attraverso l'Europa, in un mondo invaso da orde di nemici alieni. Armato fino ai denti, il giocatore dovrà affrontare battaglie su larga scala contro migliaia di avversari, utilizzando un arsenale di armi potenti e un'ampia gamma di abilità.",[],1,"[""Europa""]",2020,,
121,Tennis World Tour 2,"[""PC""]","[""Sport""]","Tennis World Tour 2 è un videogioco di tennis che offre un'esperienza di gioco realistica e coinvolgente. Sviluppato per PC, il gioco permette ai giocatori di immergersi nel mondo del tennis professionistico, affrontando sfide e competizioni contro avversari di alto livello.",[],1,"[""Europa""]",2020,,
122,The Sims 4 Discover University,"[""PC""]","[""Simulazione""]","Esplora il campus universitario e vivi l'esperienza della vita da studente nei panni dei tuoi Sims. Scegli un percorso di studi, partecipa a lezioni ed esami, entra in organizzazioni studentesche e vivi la vita da fuorisede.",[],1,"[""Europa""]",2019,,
123,The Sims 4 Snowy Escape,"[""PC""]","[""Simulazione""]","Esplora le montagne innevate e scopri nuove attività all'aria aperta con The Sims 4 Snowy Escape. Scia, fai snowboard, arrampica e molto altro ancora in questa espansione che ti porta in una nuova affascinante ambientazione.",[],1,"[""Europa""]",2020,,
124,RIDE 4 + Update 1 + 3 DLCs,"[""PC""]","[""Guida"", ""Sport""]","RIDE 4 è un gioco di corse di motociclette che offre un'esperienza di guida realistica e coinvolgente. Il gioco include l'aggiornamento 1 e 3 DLC, offrendo un'ampia gamma di contenuti e opzioni di personalizzazione per gli appassionati di motociclismo.",[],1,"[""Europa""]",2020,,
125,Planet Zoo: Deluxe Edition,"[""PC""]","[""Simulazione""]","Planet Zoo: Deluxe Edition è un gioco di simulazione di parchi zoologici in cui i giocatori possono costruire, gestire e personalizzare il proprio parco zoologico. Il gioco include la versione base di Planet Zoo insieme a 4 DLC aggiuntivi.",[],1,"[""Europa""]",2019,,
126,Resident Evil Resistance,"[""PC""]","[""Horror""]","Resident Evil Resistance è uno spin-off multiplayer asimmetrico della serie Resident Evil, in cui quattro sopravvissuti devono collaborare per sfuggire a un misterioso Mastermind che controlla le trappole e i nemici di una struttura infestata.",[],1,"[""Europa""]",2020,,
127,Visage,"[""PC""]","[""Horror""]","Visage è un gioco di sopravvivenza horror in prima persona ambientato in una casa infestata. Il giocatore dovrà esplorare l'inquietante dimora, risolvere enigmi e affrontare entità soprannaturali per scoprire i segreti della casa e della sua oscura storia.",[],1,"[""Europa""]",2018,,
128,Resident Evil 3,"[""PC""]","[""Horror""]","Resident Evil 3 è un videogioco survival horror sviluppato e pubblicato da Capcom. È il terzo capitolo principale della serie Resident Evil ed è ambientato durante gli eventi di Resident Evil 2, raccontando la fuga di Jill Valentine dalla città di Raccoon City durante l'epidemia di zombie.",[],1,"[""Europa""]",1999,Capcom,Capcom
129,eFootball PES 2021 Season Update v1.01.00 Data Pack 1.00,"[""PC""]","[""Sport""]",eFootball PES 2021 Season Update v1.01.00 Data Pack 1.00,[],1,"[""Europa""]",2021,,
130,Age of Empires III: Definitive Edition + DLC,"[""PC""]","[""Strategia""]","Age of Empires III: Definitive Edition è una riedizione rimasterizzata del classico strategico in tempo reale Age of Empires III, originariamente pubblicato nel 2005. Questa versione definitiva include tutti i contenuti aggiuntivi e le espansioni rilasciate in precedenza, offrendo una esperienza di gioco arricchita e migliorata.",[],1,"[""Europa""]",2020,,
131,TEKKEN 7: Ultimate Edition + v3.30 + 21 DLCs,"[""PC""]","[""Picchiaduro""]","TEKKEN 7: Ultimate Edition è la versione definitiva del celebre picchiaduro della serie Tekken. Questa edizione include il gioco base, tutti gli aggiornamenti e 21 DLC.",[],1,"[""Europa""]",2017,,
132,Metal Slug Attack Reloaded,"[""Switch""]","[""Azione"", ""Sparatutto""]","METAL SLUG, un classico tra gli sparatutto, ha conservato la sua classica estetica 2D con pixel art ed è diventato un gioco di genere tower defense con controlli accessibili! Aiuta personaggi che conosci benissimo a crescere e crea il mazzo più forte. Usa ogni sorta di strategie per distruggere le basi nemiche! Il gioco include anche la modalità ""ANOTHER STORY"", che nessun fan della serie vorrà perdersi, e la modalità ""GALLERY"". Fai la guerra con giocatori di tutto il mondo per ottenere la gloria!",[],1,"[""Europa""]",2024,,
133,Personal Trainer,"[""PC""]","[""Avventura"", ""Simulazione""]","Torni a casa e trovi la tua fidanzata a letto con un altro uomo. Questo evento innesca una spirale discendente che alla fine ti porta a perdere il lavoro e la vita che hai creato. Fortunatamente, la generosità della tua bella cugina (Sophie) ti offre rifugio in un'altra città. Una notte, mentre dorme sul suo divano, l'ispirazione arriva dal meno probabile dei luoghi. Con il pretesto di essere gay, riesci a trovare lavoro in una palestra riservata esclusivamente alle donne. Sfrutterai questa opportunità per soddisfare la vendetta nel tuo cuore o prenderai invece la strada maestra?","[""Inglese""]",0,"[""USA""]",2024,,
134,The Smurfs – Village Party,"[""Switch""]","[""Avventura"", ""Piattaforma""]","Grande Puffo ha deciso di organizzare una festa eccezionale! Per farlo, chiede a tutti i Puffi di partecipare ai preparativi per rendere la festa indimenticabile! MODALITÀ PARTY GAME: - 50 minigiochi - 19 Puffi iconici giocabili + 31 costumi per il tuo Puffo giocabile - 6 tipi di giochi (sport, rapidità, fortuna, memoria, battaglia e precisione) - 2-4 giocatori in multiplayer locale MODALITÀ AVVENTURA: - Storia originale nel Villaggio dei Puffi - Incontra oltre 100 Puffi iconici - 10 diverse ambientazioni: Foresta incantata, Montagne innevate, Territorio di Gargamella Fate un giro per il villaggio e invitate tutti i Puffi sparsi per il mondo all'evento, ma fate attenzione a Gargamella perché ha sentito parlare della festa e farà di tutto per rovinarla...",[],1,"[""Europa""]",2024,,
135,The Spiderwick Chronicles,"[""PS2""]","[""Avventura"", ""Azione""]","The Spiderwick Chronicles ti mette nei panni di Jared, Mallory e Simon Grace e Brownie Thimbletack, mentre esplorano il mondo visibile e invisibile del maniero di Spiderwick usando il libro, Arthur Spiderwick's Field Guide to the Fantastical World Around You, raccolto dal loro zio molti anni prima.",[],1,"[""Europa""]",2008,,
136,The Red Star,"[""PS2""]","[""Azione"", ""Sparatutto""]",The Red Star è un videogioco di azione e sparatutto ambientato in un universo distopico ispirato alla cultura sovietica. Il giocatore controlla uno dei protagonisti in una serie di missioni che lo vedranno affrontare nemici e boss in combattimenti frenetici.,[],1,"[""Europa""]",2003,,
137,Sky Odyssey,"[""PS2""]","[""Simulazione"", ""Volo""]",Sky Odyssey è un gioco di simulazione di volo per PlayStation 2. Il gioco permette ai giocatori di pilotare diversi tipi di aeromobili attraverso scenari ambientati in tutto il mondo.,[],1,"[""Europa""]",2001,,
138,Rayman 3,"[""PS2""]","[""Platformer"", ""3d""]",Rayman 3 è un videogioco di piattaforme in 3D sviluppato da Ubisoft e pubblicato nel 2003 per PlayStation 2. Il gioco segue le avventure del protagonista Rayman mentre affronta nuove sfide e nemici.,[],1,"[""Europa""]",2003,Ubisoft,
139,Sea of Stars,"[""Switch""]","[""Avventura"", ""Ruolo""]","Sea of Stars racconta la storia di due Figli del Solstizio che combinano i poteri del sole e della luna per eseguire la Magia dell'Eclissi, l'unica forza in grado di contrastare le mostruose creazioni di un malvagio alchimista noto come The Fleshmancer.","[""Inglese""]",0,"[""Europa""]",2023,,
140,Dragon Quest X Awakening Five Races Offline,"[""Switch""]","[""Avventura"", ""Ruolo""]","Il gioco di ruolo in rete ""Dragon Quest X Online"" è stato riprogettato con una nuova grafica e un nuovo bilanciamento del gioco, in modo che possiate giocare da soli senza essere sempre connessi a Internet! Aggiunge vari elementi unici per l'""offline""! È inoltre possibile giocare in modo realistico con le voci dei personaggi!","[""Giapponese""]",0,"[""Giappone""]",2022,,
141,Shining Resonance Refrain,"[""Switch""]","[""Azione"", ""Ruolo""]","Vesti i panni di Yuma Ilvern e impedisci all'Impero di sfruttare il potere degli antichi draghi, compresa l'anima del Drago Splendente che è in te. Con l'aiuto dei tuoi amici, realizza il tuo destino, salva Astoria e libera la forza che hai sempre tenuto nascosta.",[],1,"[""Europa""]",2018,,
142,Prince of Persia: the lost crown,"[""Switch""]","[""Azione"", ""Piattaforma""]","Immergetevi in un platform d'azione e avventura elegante ed emozionante, ambientato in un mondo mitologico persiano in cui i confini del tempo e dello spazio possono essere manipolati. Vesti i panni di Sargon ed evolvi da prodigio della spada a straordinaria leggenda, padroneggiando combattimenti acrobatici e sbloccando nuovi Poteri del Tempo e super abilità uniche.","[""Inglese""]",0,"[""Europa""]",2023,,
143,Cartel Simulator,"[""PC""]","[""Avventura"", ""Punta"", ""Clicca"", ""Simulazione""]","Vesti i panni di un giovane uomo in un'immaginaria America Latina degli anni '80. Abbraccia il tuo destino mentre assumi il controllo del cartello della tua famiglia. La tua missione è ricostruire il nome offuscato della tua famiglia e sostenere l'eredità, affrontando sia le sfide che le opportunità lungo il percorso. Cartel Simulator è un simulatore/RPG per adulti realizzato in uno stile cinematografico unico con una trama incredibilmente coinvolgente, un sistema di creazione del personaggio, un sistema di combattimento coinvolgente e molte scene oscene con varie ragazze. Potrai anche catturare intere città.","[""Inglese""]",0,"[""USA""]",2024,,
144,Company of Heroes Collection,"[""Switch""]","[""Azione"", ""Strategia""]","Combatti sul fronte che vuoi: guida gli Americani, i Britannici, le forze della Wehrmacht o i Panzer Elite nelle campagne storiche per la Battaglia di Normandia. Altrimenti, crea delle battaglie personalizzate e schiera le fazioni l'una contro l'altra nella modalità Schermaglia, da rigiocare in tantissimi modi.","[""Italiano""]",0,"[""Europa""]",2023,,
145,Resident Evil 0,"[""Switch""]","[""Avventura"", ""Horror""]","La storia di Resident Evil 0 riporta i giocatori al 1998. Si moltiplicano le segnalazioni di omicidi insoliti alla periferia di Raccoon City. La divisione delle forze speciali della città, la S.T.A.R.S., invia la sua squadra Bravo - tra cui Rebecca Chambers, poliziotto alle prime armi - per indagare. Durante il tragitto, l'elicottero della squadra ha un problema al motore ed è costretto a fare un atterraggio di fortuna, dove trova un veicolo per il trasporto dei prigionieri ribaltato. Dividendosi per cercare nella zona, Rebecca scopre l'Ecliptic Express, un treno fermo sui binari. All'interno, incontra il condannato a morte ed ex tenente della Marina Billy Coen.","[""Italiano""]",0,"[""Europa""]",2019,,
146,Borderlands Game of the Year Edition,"[""Switch""]","[""Azione"", ""Sparatutto""]","Nei panni di uno dei Cacciatori della Cripta, esplorerai lo spietato mondo di Borderlands alla ricerca di tesori alieni, sparando e saccheggiando qualsiasi bottino si presenti davanti (insieme a un mix di roba da eroi). Incontra personaggi indimenticabili (e qualche perdente) e scopri se hai la stoffa per passare alla storia come un leggendario Cacciatore della Cripta.","[""Italiano""]",0,"[""Europa""]",2020,,
147,Def Jam: Fight for NY,"[""PS2""]","[""Azione"", ""Combattimento""]","Def Jam: Fight for NY è un videogioco di combattimento pubblicato nel 2004 per PlayStation 2, Xbox e GameCube. Il gioco è ambientato nell'industria musicale hip hop di New York e presenta numerosi artisti del genere come protagonisti.",[],1,"[""Europa""]",2004,,
148,Altered Beast,"[""PS2""]","[""Azione"", ""Avventura""]","Altered Beast è un videogioco arcade del 1988 sviluppato da Sega. Il giocatore controlla un guerriero resuscitato dagli dei greci per salvare la figlia di Zeus, Athena, rapita dal dio Neff. Il giocatore può trasformarsi in diverse creature mitologiche durante il gioco.",[],1,"[""Europa""]",1988,Sega,
149,Just Cause,"[""PS2""]","[""Azione"", ""Avventura""]","Just Cause è un videogioco d'azione e avventura sviluppato da Avalanche Studios e pubblicato da Eidos Interactive nel 2006 per PlayStation 2, Xbox e Microsoft Windows.",[],1,"[""USA""]",2006,Avalanche Studios,Eidos Interactive
150,Mr. Bean,"[""PS2""]","[""Azione"", ""Avventura""]","Gioco basato sul personaggio di Mr. Bean, noto per la sua comicità e i suoi esilaranti sketch.",[],1,"[""Europa""]",2003,,
151,Agent Hugo Roborumble,"[""PS2""]","[""Platformer"", ""3d""]",Agent Hugo Roborumble è un gioco di piattaforme in 3D per PlayStation 2.,[],1,"[""Europa""]",2002,,
152,NAMCOT Collection,"[""Switch""]","[""Azione"", ""Arcade""]",Raccolta di classici giochi arcade di Namco,[],1,"[""Europa""]",2018,,
153,Star Ocean The Second Story R,"[""Switch""]","[""Azione"", ""Ruolo""]","Fantasy e fantascienza si incontrano con uno stile grafico unico. Da pericolosi dungeon a vivaci città, il mondo di STAR OCEAN THE SECOND STORY R viene raffigurato con un affascinante stile 2.5D che combina una stupenda grafica 3D con personaggi 2D in pixel art.",[],1,"[""Europa""]",2023,,
154,Baten Kaitos I & II Remaster,"[""Switch""]","[""Avventura"", ""Ruolo""]","Tanto tempo fa, un grande conflitto si scatenò tra il dio malvagio e gli esseri umani. Dopo una feroce battaglia, gli uomini riuscirono a scacciare ed esiliare il dio malvagio, ma alla fine di tutto non restarono che desolazione e macerie. Gli uomini decisero quindi di abbandonare quella terra per vivere nei cieli. Questi racconti vennero tramandati fino a divenire leggende. In seguito gli uomini, a cui spuntarono le Ali del Cuore, iniziarono a condurre un'esistenza pacifica. Fu un'era di prolungata tranquillità... Ma nel silenzio, la caduta era già cominciata. Un giovane evoca il tuo nome, il nome dello spirito, e la storia può finalmente iniziare: un racconto ambientato su un continente sospeso nel cielo, dove pensieri e preghiere convivono.",[],1,"[""Europa"", ""Australia""]",2023,,
155,Risen,"[""Switch""]","[""Avventura"", ""Ruolo""]","Una misteriosa isola vulcanica. I violenti tremori dell'isola di Faranga non fanno presagire bene per i suoi abitanti. Antichi templi si sono innalzati dal suolo, portando alla luce delle bizzarre creature che terrorizzano la zona. Paura e panico si stanno diffondendo tra la popolazione. È la fine di ogni speranza? Un potente gruppo che si fa chiamare ""Gli Inquisitori"" si è prefissato di porre fine a questi eventi. Hanno inviato una spedizione a Faranga, ma una violenta tempesta ha sorpreso la nave in mare affondandola. Un eroe arriverà. Miracolosamente, tu sei sopravvissuto al naufragio e sei approdato da solo sulle rive dell'isola vulcanica. Ti troverai immerso tra i ribelli, una tirannia e dei rituali mistici. Spetta a te decidere da che parte far oscillare il pendolo del destino.","[""Italiano""]",0,"[""Europa""]",2023,,
156,Legacy Of Kain: Soul Reaver 2,"[""PS2""]","[""Azione"", ""Avventura""]","Il sequel dello storico gioco che ha appassionato un'intera generazione ai tempi della PlayStation. Ritorna Raziel in un action fedele al suo predecessore, la storia si infittisce e i misteri verranno rivelati.",[],1,"[""Europa""]",2001,,
157,ScoobyDoo And The Spooky Swamp,"[""PS2""]","[""Azione"", ""Picchiaduro""]",Scooby-Doo and the Spooky Swamp è un videogioco d'azione e picchiaduro basato sulla serie animata Scooby-Doo. Il gioco segue la Scooby Gang mentre indaga su una palude infestata da fantasmi e mostri.,[],1,"[""Europa""]",2010,,
158,Van Helsing,"[""PS2""]","[""Azione"", ""Avventura""]","Van Helsing è un gioco d'azione e avventura ambientato nell'universo del film omonimo. Il giocatore impersona il celebre cacciatore di mostri Van Helsing, impegnato in una missione per sconfiggere il Conte Dracula e altri pericolosi nemici soprannaturali.",[],1,"[""USA""]",2004,,
159,Eragon,"[""PS2""]","[""Azione"", ""Avventura""]","Eragon è un videogioco di azione e avventura basato sull'omonimo romanzo fantasy di Christopher Paolini. Il giocatore assume il ruolo di Eragon, un giovane fattore che scopre di essere il Cavaliere di un drago e viene coinvolto in una lotta contro l'Impero malvagio.",[],1,"[""Europa""]",2006,,
160,Ferrari Challenge,"[""PS2""]","[""Simulazione"", ""Guida""]",Ferrari Challenge è un videogioco di simulazione di guida e corse automobilistiche incentrato sulle vetture della casa automobilistica italiana Ferrari.,[],1,"[""Europa""]",2003,,
161,Shinobi,"[""PS2""]","[""Avventura"", ""Azione""]","Shinobi è un videogioco di azione e avventura sviluppato da Overworks e pubblicato da Sega per PlayStation 2 nel 2002. Il gioco segue le avventure di Hotsuma, un ninja che deve vendicare la morte del suo clan.",[],1,"[""Europa""]",2002,Overworks,Sega
162,Dropship,"[""PS2""]","[""Azione"", ""Simulazione""]","Dropship è un videogioco di azione e simulazione ambientato in un futuro distopico. Il giocatore assume il ruolo di un pilota di un veicolo aereo chiamato Dropship, impegnato in missioni di combattimento e trasporto.",[],1,"[""Europa""]",,,
163,Tomb Raider : I - II - III Remastered,"[""PC""]","[""Azione"", ""Avventura""]","Rivivi le avventure di Lara Croft , attraverso questa rivisitazione grafica ! Misteri e tesori perduti , ti aspettano in questa remastered , un capolavoro senza eguali!",[],1,"[""Europa""]",,,
164,WarChess,"[""PS2""]","[""Strategia""]","WarChess è un gioco di strategia ambientato in un mondo fantasy, in cui i giocatori si sfidano in battaglie epiche utilizzando unità di fantasia come draghi, maghi e guerrieri. Il gioco offre un'esperienza di gioco profonda e coinvolgente, con una vasta gamma di opzioni di personalizzazione e sviluppo delle proprie truppe.",[],1,"[""Europa""]",,,
165,Gunfighter 2,"[""PS2""]","[""Sparatutto""]",Gunfighter 2 è un videogioco di genere sparatutto ambientato nel selvaggio West.,[],1,"[""Europa""]",,,
166,Agent Hugo,"[""PS2""]","[""Avventura""]","Agent Hugo è un gioco di avventura per PlayStation 2 ambientato in un mondo di spionaggio e azione. Il giocatore assume il ruolo dell'agente segreto Hugo, impegnato in missioni di infiltrazione e risoluzione di enigmi per sventare piani malvagi.",[],1,"[""Europa""]",,,
167,Dragonslair 3D Special Edition,"[""PS2""]","[""Azione"", ""Avventura""]","Dragonslair 3D Special Edition è un'edizione speciale del gioco di azione e avventura Dragonslair, sviluppato per la console PlayStation 2.",[],1,"[""Europa""]",,,
168,Racing Battle C1 GrandPrix,"[""PS2""]","[""Guida""]",Racing Battle C1 GrandPrix è un videogioco di corse automobilistiche sviluppato e pubblicato per PlayStation 2 in Giappone.,"[""Giapponese""]",0,"[""Giappone""]",,,
169,Alias,"[""PS2""]","[""Sparatutto"", ""Avventura""]",Alias è un gioco di azione e avventura ambientato in un mondo futuristico. Il giocatore assume il ruolo di un agente segreto impegnato in missioni di spionaggio e combattimento contro forze nemiche.,[],1,"[""Europa""]",,,
170,Hugo Cannoncruise,"[""PS2""]","[""Avventura"", ""Azione""]",Gioco di avventura e azione ambientato in un mondo fantastico.,[],1,"[""Europa""]",,,
171,Hugo Magic in the Troll Woods,"[""PS2""]","[""Avventura"", ""Azione""]","Hugo Magic in the Troll Woods è un videogioco di avventura e azione per PlayStation 2, ambientato nel mondo fantasy di Hugo.",[],1,"[""Europa""]",,,
172,Hugo Bukkazoom,"[""PS2""]","[""Automobilismo""]","Hugo Bukkazoom è un gioco di corse automobilistiche per PlayStation 2 ambientato a Roma, Italia.",[],1,"[""Europa""]",,,
173,Eighteen 18 Wheeler American Pro Trucker,"[""PS2""]","[""Guida""]",Eighteen 18 Wheeler American Pro Trucker è un videogioco di guida e corse ambientato nel mondo dei camion da trasporto pesante. Il giocatore assume il ruolo di un autotrasportatore professionista che deve affrontare diverse sfide e percorsi attraverso gli Stati Uniti.,[],1,"[""Europa""]",,,
174,EvilTwin Cyprien's Chronicles,"[""PS2""]","[""Azione"", ""Platformer"", ""3d""]",EvilTwin Cyprien's Chronicles è un gioco d'azione e piattaforma in 3D per PlayStation 2.,[],1,"[""Europa""]",,,
175,Trader Life Simulator,"[""PC""]","[""Simulazione""]","Trader Life Simulator è un gioco di simulazione in cui i giocatori possono sperimentare la vita di un trader di mercato. Il gioco offre un'esperienza realistica e immersiva, permettendo ai giocatori di gestire il proprio portafoglio di investimenti, analizzare i mercati finanziari e prendere decisioni strategiche per massimizzare i propri profitti.",[],1,"[""Europa""]",,,
176,Ranch Simulator – The Realistic Multiplayer Agriculture Management Sandbox,"[""PC""]","[""Simulazione"", ""Gestionale""]","Ranch Simulator è un gioco di simulazione e gestione agricola realistico e multigiocatore. Potrai coltivare, raccogliere, cacciare e costruire il tuo ranch ideale in un vasto mondo sandbox.",[],1,"[""Europa""]",,,
177,Lost Angel,"[""PC""]","[""Strategia"", ""Avventura""]","Lost Angel è il primo lungometraggio interattivo FMV (full motion video) realizzato in Corea. Vi invitiamo al pericoloso viaggio dell'influencer Alex, che è in viaggio in Corea! La vostra scelta diventerà presto una nuova storia per questo film.",[],1,"[""Europa""]",,,
179,The Equinox Hunt,"[""PC""]","[""Azione""]",The Equinox Hunt è un gioco d'azione ambientato in Europa.,[],1,"[""Europa""]",,,
180,Fishing: North Atlantic,"[""PC""]","[""Pesca""]","Fishing: North Atlantic è un gioco di pesca ambientato nell'Oceano Atlantico settentrionale. Offre un'esperienza di pesca realistica e immersiva, con una vasta gamma di specie ittiche da catturare in diverse località.","[""Italiano""]",1,"[""Europa""]",,,
181,PVM Porn 5,"[""PS1""]","[""Erotico""]",Gioco erotico per adulti,"[""Inglese""]",0,"[""USA""]",,,
182,aROMa,"[""PS1""]","[""Pornografico""]",Gioco pornografico per PlayStation 1,"[""Inglese""]",0,"[""USA""]",,,
183,PVM Porn 3,"[""PS1""]","[""Erotico""]",Gioco erotico per adulti,"[""Inglese""]",0,"[""USA""]",,,
184,PVM Porn 2,"[""PS1""]","[""Hot""]",Nessuna descrizione disponibile,"[""Inglese""]",0,"[""USA""]",,,
186,New Paths,"[""PC""]","[""Hot""]",aROMa,"[""Inglese""]",0,"[""Europa""]",,,
187,Singles 2 Triple Trouble,"[""PC""]","[""Hot""]",Gioco di simulazione di vita e relazioni per adulti,"[""Inglese""]",0,"[""Europa""]",,,
188,AROMA,"[""PC""]","[""Avventura erotica""]",AROMA è un gioco di avventura erotica che segue le vicende di un protagonista che si ritrova coinvolto in una serie di situazioni sessuali con vari personaggi.,"[""Inglese""]",0,"[""Internazionale""]",2023,,
189,Milfy City,"[""PC""]","[""Hot""]",Gioco di avventura erotica ambientato in una città immaginaria,[],1,"[""Europa""]",,,
190,Curvy Cougars,"[""PC""]","[""Hot""]","Curvy Cougars è un gioco per adulti ambientato in una città urbana, dove il giocatore può interagire con donne mature e attraenti.","[""Inglese""]",0,"[""Europa""]",,,
191,Treasure of Nadia,"[""PC""]","[""Hot""]",Treasure of Nadia è un gioco di avventura e azione ambientato in un mondo fantastico. Il giocatore assume il ruolo di un esploratore che deve scoprire i segreti e i tesori nascosti della misteriosa regione di Nadia.,"[""Inglese""]",0,"[""Europa""]",,,
192,Kamehasutra Dragonball,"[""Fumetti""]","[""Hot""]",Fumetto a tema Dragonball con contenuti per adulti.,[],1,"[""Europa""]",,,
194,The Switch Up Dragonball,"[""Switch""]","[""Fumetti""]",Un'avventura interattiva basata sull'amato franchise di Dragonball.,[],1,"[""Europa""]",,,
195,La zia ha il culo grosso,"[""Fumetti""]","[""Hot""]",Fumetto erotico,"[""Italiano""]",0,"[""Europa""]",,,
196,Sins,"[""PS2""]","[""Simulazione""]","Sins è un gioco di simulazione per PlayStation 2 ambientato in un mondo fantasy. Il giocatore assume il ruolo di un signore feudale e deve gestire il proprio regno, prendendo decisioni strategiche per garantire la prosperità e la sicurezza dei suoi sudditi.",[],1,"[""Europa""]",,,
197,Blackmailing The Family,"[""PC""]","[""Hot""]",Questo gioco per PC è un'avventura interattiva per adulti che esplora temi di blackmail e relazioni familiari.,"[""Inglese""]",0,"[""Europa""]",,,
198,Airline 692,"[""PC""]","[""Simulazione""]","Airline 692 è un gioco di simulazione di linee aeree in cui i giocatori devono gestire una compagnia aerea, pianificare rotte, acquistare e gestire flotte di aerei, assumere personale e soddisfare le esigenze dei passeggeri.",[],1,"[""Europa""]",,,
199,Airline69,"[""PC""]","[""Hot""]","Airline69 è un gioco di simulazione di compagnia aerea ambientato in un contesto adulto e sensuale. Il giocatore assume il ruolo di un dirigente di una compagnia aerea e deve gestire tutte le operazioni, dalle rotte aeree al servizio a bordo, in un ambiente ricco di contenuti per adulti.","[""Inglese""]",0,"[""USA""]",,,
200,Extreme Strippoker,"[""PC""]","[""Hot""]",Gioco di strip poker per adulti,"[""Inglese""]",0,"[""USA""]",,,
201,Virtual Strippoker 3,"[""PC""]","[""Gioco per adulti""]","Virtual Strippoker 3 è un gioco di poker interattivo per adulti, in cui i giocatori possono scommettere e vedere le loro avversarie spogliarsi gradualmente durante la partita.","[""Inglese""]",0,"[""USA""]",,,
202,RealGirl Strippoker,"[""PC""]","[""Gioco per adulti""]",Gioco di strip poker con personaggi femminili,"[""Inglese""]",0,"[""USA""]",,,
203,StripPoker live,"[""PC""]","[""Hot""]",Gioco di strip poker in diretta,"[""Inglese""]",0,"[""USA""]",,,
204,StripPoker pro,"[""PC""]","[""Hot""]",Gioco di strip poker per PC,"[""Inglese""]",0,"[""USA""]",,,
205,StripPoker III: A Sizzling Game of Chance,"[""PC""]","[""Hot""]",Un gioco di poker a spogliamento progressivo,"[""Inglese""]",0,"[""USA""]",,,
206,StripPoker II: A Sizzling Game of Chance,"[""PC""]","[""Hot""]",Un gioco di poker a spogliamento progressivo,"[""Inglese""]",0,"[""USA""]",,,
208,Call of the Siren,"[""PC""]","[""Hot""]","Gioco basato sulla serie TV Buffy the Vampire Slayer, in cui il giocatore deve affrontare creature soprannaturali e risolvere misteri.","[""Inglese""]",0,"[""USA""]",,,
209,Leavventure sessuali di Johnny Abbot 2 parte 1 e parte 2,"[""PC""]","[""Hot""]",Questo gioco è la seconda parte delle avventure sessuali di Johnny Abbot.,[],1,"[""Europa""]",,,
210,Leavventure sessuali di Johnny Abbot,"[""PC""]","[""Hot""]",Aroma,"[""Inglese""]",0,"[""Europa""]",,,
211,Incontro con uno sconosciuto: Don Juan all'esame,"[""PS1""]","[""Avventura""]","Incontro con uno sconosciuto: Don Juan all'esame è un gioco di avventura per PlayStation 1. Il giocatore assume il ruolo di Don Juan, un personaggio famoso per le sue avventure amorose, che si trova a dover affrontare un esame inaspettato.",[],1,"[""Europa""]",1998,,
212,VirtualSex 2 starring Jenna Jameson,"[""PS1""]","[""Hot""]",Gioco di realtà virtuale erotica con la pornostar Jenna Jameson,"[""Inglese""]",0,"[""USA""]",,,
213,Virtual Sex,"[""PS1""]","[""Erotico""]",Virtual Sex è un gioco per adulti che offre un'esperienza di intrattenimento sessuale virtuale.,"[""Inglese""]",0,"[""USA""]",,,
214,College Seduction,"[""PC""]","[""Avventura erotica""]","Incredibile mondo universitario con segreti sporchi che ti aprono la porta per persuadere, manipolare, controllare e sedurre gli studenti. La trama non lineare ti porterà un gusto speziato di divertimento.","[""Inglese""]",0,"[""USA""]",,,
215,Simpledays,"[""PC""]","[""Hot""]",Mike è un ragazzo di 19 anni che un giorno inizia la sua vita sessuale. Incontra vecchi e nuovi amici. La vita lo sorprende con strane tentazioni. Lavoro e denaro sono i benvenuti. Il giusto è davvero giusto e lo sbagliato è davvero sbagliato? Come Mike può assaporare la vita e fino a che punto è disposto ad andare... beh .. vediamo.,"[""Inglese""]",0,"[""USA""]",,,
216,Personatrainer,"[""PC""]","[""Hot""]","Torni a casa e trovi la tua fidanzata a letto con un altro uomo. Questo evento innesca una spirale discendente che alla fine ti porta a perdere il lavoro e la vita che hai creato. Fortunatamente, la generosità della tua bellissima cugina (Sophie) ti offre rifugio in un'altra città. Una notte, mentre dorme sul suo divano, l'ispirazione arriva dal luogo meno probabile. Con la scusa di essere gay, riesci a entrare in una palestra che è solo per donne. Userai questa opportunità per soddisfare la vendetta nel tuo cuore o sceglierai invece la strada maestra?","[""Inglese""]",0,"[""USA""]",,,
217,Press X to Not Die,"[""PC""]","[""Horror"", ""Simulazione""]",Un gioco di sopravvivenza horror in cui devi premere il tasto X per non morire.,[],1,"[""Europa""]",,,
218,Space Hulk - Vengeance of the Blood Angels,"[""PS1""]","[""Sparatutto""]","Gioco di strategia in prima persona ambientato nell'universo di Warhammer 40,000, in cui i giocatori guidano un gruppo di Space Marines della Legione dei Sanguinari contro le orde di nemici alieni.","[""Inglese""]",0,"[""Europa""]",1995,,
219,Ghost Vibration,"[""PS2""]","[""Azione"", ""Avventura"", ""Sparatutto"", ""Horror""]","Ghost Vibration è un gioco d'azione e avventura con elementi di sparatutto e horror, ambientato in un'atmosfera inquietante e soprannaturale.",[],1,"[""Europa""]",,,
220,Saw,"[""PC""]","[""Simulazione"", ""Horror""]",Saw è un videogioco di simulazione e horror ambientato nell'universo della serie cinematografica Saw. Il giocatore deve affrontare una serie di enigmi e trappole mortali ideate dal serial killer Jigsaw.,[],1,"[""Europa""]",2009,,
221,Resident Evil 1.5,"[""PS1""]","[""Horror""]","Resident Evil 1.5 è il gioco progettato ma mai finito, successivamente ripreso con una patch che ha aggiunto ambienti, mostri, porte e altri contenuti che all'epoca non furono inseriti perché nacque Resident Evil 2.",[],1,"[""Europa""]",,,
222,Death Park 2,"[""Android""]","[""Horror""]","Inizia la tua avventura in uno dei migliori giochi spaventosi e raccapriccianti giochi horror! Nell'orrore ti troverai in una città inquietante piena di segreti, mostri e avventure. Agisci e salva tua sorella dal clown, scopri il mistero di Death Park e l'origine del clown spaventoso!",[],1,"[""Internazionale""]",,,
223,"Thing, The","[""PS2""]","[""Azione"", ""Avventura"", ""Horror""]",Gioco di azione e avventura con elementi horror ambientato in un contesto di fantascienza.,[],1,"[""Europa""]",,,
224,"Note, The","[""PS1""]","[""Horror"", ""Avventura""]",Dettagli del gioco non forniti,[],1,"[""Europa""]",,,
225,DarkWatch,"[""PS2""]","[""Sparatutto"", ""Horror""]",Gioco di azione e horror ambientato in un mondo oscuro e soprannaturale.,[],1,"[""Europa""]",2003,,
226,Evil Dead Regeneration,"[""PS2""]","[""Avventura"", ""Horror""]","Ritorna l'iconica serie horror Evil Dead in questo gioco d'azione e avventura per PS2. Impersona Ash, il protagonista della saga, e affronta orde di demoni e creature soprannaturali in un'epica battaglia per la sopravvivenza.","[""Inglese""]",0,"[""Europa""]",2005,,
227,Evil Dead - Hail to the King,"[""PS1""]","[""Avventura"", ""Azione"", ""Horror""]","Basato sulla popolare serie cinematografica Evil Dead, questo gioco per PlayStation ti immerge nell'orrore e nell'azione. Nei panni di Ash, dovrai affrontare orde di demoni e creature soprannaturali per sopravvivere.","[""Inglese""]",0,"[""Europa""]",,,
228,Dracula 2 - L'Ultimo Santuario,"[""PS1""]","[""Avventura""]",Dracula 2 - L'Ultimo Santuario è un gioco di avventura punta e clicca ambientato nell'Europa del XIX secolo. Il giocatore assume il ruolo di un protagonista che deve affrontare una nuova minaccia legata al Conte Dracula.,"[""Italiano""]",1,"[""Europa""]",,,
229,Dracula - La risurrezione,"[""PS1""]","[""Avventura""]",Dracula - La risurrezione è un gioco di avventura punta e clicca ambientato nell'Europa del XIX secolo. Il giocatore assume il ruolo di un investigatore incaricato di indagare sui misteriosi eventi legati alla presunta resurrezione del Conte Dracula.,"[""Italiano""]",1,"[""Europa""]",1999,,
230,Chasing Dead,"[""PC""]","[""Horror"", ""Sparatutto"", ""Azione""]",Chasing Dead è un gioco di azione e horror ambientato in un mondo post-apocalittico infestato dai morti viventi. Il giocatore deve combattere orde di zombie per sopravvivere e scoprire i segreti di questo nuovo mondo terrificante.,[],1,"[""Europa""]",,,
231,Super Botte & Bamba 2 Turbo,"[""PC""]","[""Picchiaduro"", ""Horror""]","SUPER BOTTE&BAMBA 2 TURBO è il nuovo gioco di cazzotti potente, violento e scorretto, in sviluppo solo per PC, Playstation2, Telefonini e Virtual Boy. È la versione migliorata e potenziata del primo Botte&Bamba originale, uscito solo per VideoRegistratore nell'estate del 1996, passato inosservato e subito ritirato dal commercio dopo esser stato demonizzato dalla stampa specializzata e da Tv Sorrisi e Canzoni...",[],1,"[""Europa""]",2023,,
232,Don't Be Afraid,"[""PC""]","[""Azione"", ""Horror""]",Gioco di azione e horror ambientato in Europa.,[],1,"[""Europa""]",,,
234,Land of the Dead,"[""PC""]","[""Horror""]","Land of the Dead è un videogioco survival horror ambientato in un mondo post-apocalittico dominato dai morti viventi. I giocatori dovranno sopravvivere in un ambiente ostile, affrontando orde di zombie e cercando di trovare rifugio e risorse per mantenere in vita il proprio personaggio.","[""Inglese""]",0,"[""USA""]",,,
235,Echonight Beyond,"[""PS2""]","[""Horror""]","Echonight Beyond è un gioco di avventura e horror ambientato in un mondo oscuro e inquietante. Il giocatore dovrà esplorare ambienti sinistri, risolvere enigmi e affrontare creature soprannaturali per svelare i segreti di questo inquietante universo.","[""Inglese""]",0,"[""Europa""]",,,
238,Deadheadfred,"[""PSP""]","[""Horror""]",Deadheadfred è un gioco horror per la piattaforma PSP.,[],1,"[""Europa""]",,,
239,GripShift,"[""PSP""]","[""Guida""]","GripShift è un gioco di guida con oltre 100 diversi livelli in 4 mondi a tema. Il gioco offre percorsi multipli, scorciatoie, salti, rampe, power-up e pericoli da evitare. La modalità Race Mode permette di gareggiare contro la CPU o altri giocatori. Sono inclusi anche 8 giochi bonus come Penguin Bowling, Bomb Pool, Soccer Crazy, Snaker, Hockey su ghiaccio e altro ancora. Il gioco supporta il multiplayer wireless per un massimo di 4 giocatori attraverso la funzione del sistema PSP. È possibile creare un circuito personale con il track editor e condividere i brani personalizzati con gli amici in modalità Ad-Hoc.",[],1,"[""Europa""]",,,
240,Asphalt - Urban GT 2,"[""PSP""]","[""Guida""]",Asphalt - Urban GT 2 è un gioco di corse automobilistiche per PSP che offre un'esperienza di guida urbana intensa e realistica.,[],1,"[""Europa""]",2006,,
241,Impossible Mission,"[""PSP""]","[""Puzzle"", ""Strategia"", ""Spionaggio""]",Gioco di spionaggio e puzzle ambientato in un futuro distopico.,[],1,"[""Europa""]",,,
242,Geronimo Stilton - Return to the Kingdom of Fantasy,"[""PSP""]","[""Puzzle"", ""Avventura""]",Geronimo Stilton ritorna nel Regno della Fantasia per una nuova avventura piena di enigmi e sorprese.,[],1,"[""Europa""]",,,
243,Ape Escape P,"[""PSP""]","[""Avventura"", ""Strategia""]",Ape Escape P è un gioco di avventura e strategia per la console portatile PSP. Il giocatore deve catturare una banda di scimmie che hanno rubato un dispositivo sperimentale e causato il caos.,[],1,"[""Europa""]",2005,,
244,Ape Academy 2,"[""PSP""]","[""Avventura"", ""Strategia""]",Ape Academy 2 è un gioco di avventura e strategia per PSP ambientato in un'accademia per scimmie.,[],1,"[""Europa""]",,,
245,Ape Academy,"[""PSP""]","[""Avventura"", ""Strategia""]","Ape Academy è un gioco di avventura e strategia ambientato in un'accademia per scimmie. I giocatori devono gestire e far progredire la loro accademia, affrontando sfide e rompicapi per diventare la migliore scuola per scimmie.",[],1,"[""Europa""]",,,
246,Spaceball Revolution,"[""PSP""]","[""Sport"", ""Fantasy""]","Spaceball Revolution è un gioco di sport fantastico per PSP. I giocatori competono in partite di Spaceball, uno sport immaginario che combina elementi di basket, hockey e calcio.",[],1,"[""Europa""]",,,
247,Aqua Panic,"[""PSP""]","[""Party"", ""Strategia""]",Aqua Panic è un gioco di strategia e party game per PSP in cui i giocatori devono gestire e difendere la propria isola dall'invasione di creature marine.,[],1,"[""Europa""]",,,
248,World of Pool,"[""PSP""]","[""Sport"", ""Arcade"", ""Simulazione""]",World of Pool è un gioco di simulazione di biliardo per PSP che offre un'esperienza di gioco realistica e coinvolgente.,[],1,"[""Europa""]",,,
249,The Mystery Team,"[""PSP""]","[""Avventura""]",Gioco di avventura per PSP,[],1,"[""Europa""]",,,
250,Don 2 the game,"[""PSP""]","[""Sparatutto"", ""Azione"", ""Guida""]",Gioco basato sul film Don 2,[],1,"[""Europa""]",,,
251,101 in 1 megamix,"[""PSP""]","[""Sparatutto"", ""Azione"", ""Guida"", ""Avventura"", ""Party""]",Raccolta di 101 mini-giochi in un unico titolo per PSP.,[],1,"[""Europa""]",,,
252,La bussola d'oro (The Golden Compass),"[""PSP""]","[""Avventura"", ""Piattaforma"", ""Azione""]","Basato sull'omonimo romanzo di Philip Pullman, il gioco segue le avventure di Lyra Belacqua, una ragazza coraggiosa che si imbarca in un viaggio per salvare il suo migliore amico e scoprire i segreti del suo mondo.",[],1,"[""Europa""]",2007,,
253,Parasite Eve,"[""PS1""]","[""Azione"", ""Avventura"", ""Horror""]","Parasite Eve è un videogioco di ruolo d'azione sviluppato da Square e pubblicato nel 1998 per PlayStation. È il primo capitolo della serie Parasite Eve, basata sull'omonimo romanzo di Hideaki Sena.","[""Italiano"", ""Inglese""]",0,"[""USA""]",1998,Square,
254,Legacy Of Kain Defiance,"[""PS2""]","[""Avventura dinamica"", ""Picchiaduro"", ""Avventura""]",Legacy of Kain: Defiance è un videogioco di azione-avventura sviluppato da Crystal Dynamics e pubblicato da Eidos Interactive nel 2003 per PlayStation 2 e Microsoft Windows. È il quinto capitolo della serie Legacy of Kain.,[],1,"[""Europa""]",2003,Crystal Dynamics,Eidos Interactive
255,Blood Omen 2: The Legacy of Kain Series,"[""PS2""]","[""Avventura"", ""Dinamica""]",Blood Omen 2 è un videogioco di azione-avventura sviluppato da Crystal Dynamics e pubblicato da Eidos Interactive nel 2002 per PlayStation 2. È il quarto capitolo della serie Legacy of Kain.,[],1,"[""Europa""]",2002,Crystal Dynamics,Eidos Interactive
256,Grand Theft Auto III,"[""PS2""]","[""Azione"", ""Avventura""]","Grand Theft Auto III è un videogioco di azione e avventura open world sviluppato da DMA Design e pubblicato da Rockstar Games nel 2001 per PlayStation 2. Il gioco è ambientato in una città fittizia chiamata Liberty City, ispirata a New York City, e segue le vicende di un criminale senza nome che si ritrova coinvolto in una guerra tra bande criminali.",[],1,"[""Europa""]",2001,DMA Design,Rockstar Games
257,Maximo: Ghosts to Glory,"[""PS2""]","[""Azione"", ""Avventura""]",Maximo: Ghosts to Glory è un videogioco d'azione e avventura sviluppato da Capcom e pubblicato nel 2001 per PlayStation 2.,[],1,"[""Europa""]",2001,Capcom,
258,Maximo vs. Army of Zin,"[""PS2""]","[""Azione"", ""Avventura""]",Maximo vs. Army of Zin è un videogioco d'azione e avventura sviluppato da Capcom e pubblicato nel 2003 per PlayStation 2.,[],1,"[""Europa""]",2003,Capcom,
259,Spy Fiction,"[""PS2""]","[""Stealth"", ""Azione""]",Spy Fiction è un videogioco di spionaggio e azione sviluppato da Access Games e pubblicato da Konami per PlayStation 2 nel 2003. Il giocatore assume il ruolo di un agente segreto impegnato in missioni di infiltrazione e combattimento.,[],1,"[""Europa""]",2003,Access Games,Konami
260,Baldur's Gate and Baldur's Gate II: Enhanced Editions,"[""Switch""]","[""Avventura"", ""Roleplaying""]","Costretto a lasciare la tua casa in circostanze misteriose, ti ritrovi nel mezzo di una congiura che rischia di trascinare la Costa della Spada in una guerra. Presto scoprirai che dietro questi eventi si celano forze molto più sinistre di quanto avresti immaginato...",[],1,"[""Europa""]",2019,,
261,The Smurfs 2 – The Prisoner of the Green Stone,"[""Switch""]","[""Azione"", ""Avventura"", ""Piattaforma""]","Con la tua squadra di crack e l'aiuto dello SmurfoMix, libera il villaggio dei Puffi dalla morsa della Pietra Verde! Handy Smurf ha creato un'invenzione rivoluzionaria: SmurfoMix! Tuttavia, manca un ingrediente chiave, la Pietra Verde, che si trova nelle grinfie avide di Gargamella. Così Puffo Handy e la sua squadra partono in missione per recuperare la famosa pietra dal laboratorio di Gargamella, ma un passo falso fatale la fa esplodere, i suoi frammenti si disperdono per la Terra Maledetta.",[],1,"[""Europa""]",2023,,
262,Everspace: Stellar Edition,"[""Switch""]","[""Azione"", ""Shooter"", ""Space""]","Everspace è un gioco di azione e avventura spaziale con elementi roguelike. Esplora un vasto universo procedurale, combatti contro nemici pericolosi e sopravvivi il più a lungo possibile.","[""Italiano""]",0,"[""Europa""]",2017,,
263,Dredge,"[""Switch""]","[""Avventura"", ""Strategia""]","Capitana il tuo peschereccio per esplorare una serie di isole remote e le loro profondità circostanti, per vedere cosa c'è sotto. Vendi il tuo pescato alla gente del posto e completa le missioni per saperne di più sul passato travagliato di ogni area. Equipaggia la tua barca con attrezzature migliori per pescare in fosse d'altura e navigare verso terre lontane, ma tieni d'occhio il tempo. Potrebbe non piacerti ciò che ti trova al buio.",[],1,"[""Europa""]",2023,,
264,Blade II,"[""PS2""]","[""Azione"", ""Avventura""]","Selezionando la modalità nuova partita (new game), avremo la possibilità di compiere 4 scelte, di cui solo due all'inizio disponibili. Non sono altro che quattro campagne suddivise ciascuna in un determinato numero di missioni da portare a termine. Iniziando il gioco avremo la possibilità di scegliere se impratichirci con il comodo trainers dove potremo imparare al meglio tutti i movimenti e le azioni che potrà compiere il nostro Blade in un'arena apposita. Dopo aver completato l'addestramento potremo iniziare la prima campagna suddivisa in missioni, dopo aver completato la prima potremo accedere alla seconda e cosi via.",[],1,"[""Europa""]",2002,,
265,Frank Herbert's Dune,"[""PS2""]","[""Azione"", ""Avventura""]","Nei panni di Paul Atreides, devi completare una serie di missioni per dimostrare il tuo valore ai Fremen, tra cui l'evasione o l'uccisione dei soldati Harkonnen. Gli elementi di gioco includono stealth (ferrigliare le guardie dal lato o da dietro) e metodi palesi usando una varietà di armi a proiettile. Guarire il tuo carattere dal danno richiede acqua - sul pianeta deserto, l'acqua è vita. Poiché l'acqua è limitata in forma naturale, sorprendere e uccidere un soldato nemico con un coltello ti consente di prendere una parte dell'acqua del suo corpo per scopi curativi.",[],1,"[""Europa""]",2002,,
266,Gun Club,"[""PS2""]","[""Sparatutto"", ""Simulazione"", ""Sport""]","Il giocatore può scegliere la propria arma, entrare nel poligono e mettersi alla prova. Con oltre 100 armi diverse, finalmente il genere di Sparatutto in Prima Persona si arricchisce di un nuovo punto di vista: questa volta niente sangue o violenza! 8 diversi profili ciascuno con le proprie abilità e caratteristiche per una giocabilità infinita.",[],1,"[""Europa""]",2007,,
267,Sniper Elite 3 + DLC + Trainer (trucchi),"[""PC""]","[""Sparatutto"", ""Spionaggio"", ""Azione""]","Sniper Elite 3 è uno sparatutto in terza persona con una predilezione per le meccaniche stealth, e cerca di portare il giocatore a effettuare eliminazioni silenziose e a rimanere nell'ombra, piuttosto che sfidare i nemici a viso aperto.","[""Italiano"", ""Inglese""]",0,"[""Europa""]",2014,,
268,Harry Potter e il Principe Mezzosangue,"[""PS2""]","[""Avventura"", ""Azione""]","Nel gioco, i giocatori torneranno a Hogwarts per aiutare Harry a sopravvivere a un sesto anno difficile. Avranno anche la possibilità di impegnarsi in emozionanti duelli tra maghi, di mescolare e preparare ingredienti magici nella classe di Pozioni e di alzarsi in volo per guidare la squadra di Quidditch dei Grifondoro alla vittoria. I giocatori potranno anche essere distratti dagli intrecci romantici di Ron, mentre si avviano verso un drammatico epilogo e scoprono l'identità del Principe Mezzosangue.",[],1,"[""Europa""]",2009,,
269,Harry Potter e il calice di fuoco,"[""PS2""]","[""Avventura"", ""Azione""]","I giocatori dovranno affrontare labirinti tortuosi, draghi sputafuoco e duelli contro letali maghi rivali. Pur essendo simile ai giochi precedenti della serie di Harry Potter, Goblet of Fire vanta una presentazione raffinata e uno schema di controllo più potente, progettato per dare ai giocatori un senso immediato e palpabile degli incantesimi che lanciano. Il gioco introduce anche una modalità cooperativa, che permette ai giocatori di giocare insieme, nei panni di Harry e dei suoi amici, e di raggiungere gli obiettivi grazie al lavoro di squadra.",[],1,"[""Europa""]",2005,,
270,Harry Potter e il prigioniero di Azkaban,"[""PS2""]","[""Sport"", ""Azione""]","I giocatori incontrano nuovi personaggi e creature, si cimentano in una serie di sottoquest, volano su un ippogrifo, esplorano aree inedite di Hogwarts e sfidano i loro amici in molteplici sfide a due giocatori, prendendo parte all'avventura videoludica di Harry Potter più emozionante e impegnativa di sempre. Nella versione PS2, il giocatore può utilizzare una fotocamera giocattolo Eyetoy che consente al giocatore di giocare a mini giochi spostando le braccia e il corpo del personaggio.",[],1,"[""Europa""]",2004,,
271,Harry Potter e la pietra filosofale,"[""PS2""]","[""Avventura"", ""Azione""]","Lasciatevi alle spalle il mondo non magico e iscrivetevi alla Scuola di Magia e Stregoneria di Hogwarts in Harry Potter e la Pietra dello Stregone. Nei panni di Harry Potter, potrete affinare le vostre abilità magiche e progredire attraverso tre trimestri di studio durante il primo anno di Harry a Hogwarts. Ogni trimestre vi sfiderà a raggiungere una serie di obiettivi, come raccogliere e mescolare pozioni con il Professor Piton o pilotare una scopa volante attraverso la Foresta Proibita alla ricerca del Remembrall di Neville Paciock. Per superare il primo anno di studi, i giocatori devono completare oltre 29 obiettivi diversi, evitando nemici e ostacoli.",[],1,"[""Europa""]",2003,,
272,Harry Potter e la Coppa del Mondo di Quidditch,"[""PS2""]","[""Sport"", ""Azione""]","Il giocatore partecipa alla Coppa Quidditch di Hogwarts (a cui sono ammesse le casate di Grifondoro, Serpeverde, Tassorosso e Corvonero). In seguito il gioco permette di accedere alla Coppa del Mondo di Quidditch (fra Stati Uniti, Inghilterra, Francia, Germania, Scandinavia, Giappone, Spagna, Australia e Bulgaria). Il gioco è estremamente immediato, le regole ricordano in parte quelle del basket ed in parte quelle del baseball. Gli esperti hanno riconosciuto il buon livello di grafica e giocabilità, sebbene il gioco sia indirizzato praticamente solo ai fan della serie; la longevità è il punto debole del gioco, come del resto per tutti i videogiochi della serie. Inoltre il gioco, dopo un po' di esperienza, risulta essere troppo facile.",[],1,"[""Europa""]",2003,,
273,Harry Potter e la camera dei segreti,"[""PS2""]","[""Avventura"", ""Azione""]","Diventa Harry Potter in una nuova avventura con più magia, amici e pericoli. Al secondo anno della Scuola di Magia e Stregoneria di Hogwarts, Harry si imbatte in un capitolo oscuro del passato della scuola. Nel tentativo di affrontare i poteri al centro della Camera dei Segreti, imparerete nuovi incantesimi, intraprenderete nuove missioni, farete nuove amicizie e sfiderete nuovi avversari. Avete il coraggio di correre il rischio di affrontare di nuovo il malvagio Lord Voldemort?",[],1,"[""Europa""]",2002,,
275,Hogwarts Legacy,"[""PC""]","[""Avventura"", ""Azione"", ""Guida"", ""Strategia""]","Ci troviamo a Hogwarts, nel 1800. Il protagonista dell'avventura è uno studente che potrebbe essere la chiave per un segreto antico. Una minaccia, infatti, potrebbe distruggere il mondo magico. I videogiocatori dovranno prendere il controllo dell'azione e creare un'avventura personalizzata.",[],1,"[""Europa""]",2023,,
276,I-Ninja,"[""PS2""]","[""Guida"", ""Azione"", ""Piattaforma"", ""Avventura""]","Un esercito di robot guidato dal Maestro O-Dor ha distrutto il clan ninja. Come ultimo della tua specie, devi affrontare l'esercito di robot e sconfiggere il Maestro O-Dor. Si impersona un ninja dei cartoni animati con la testa grossa in un gioco di piattaforme 3D a livelli. Ogni livello è ricco di nuove abilità da padroneggiare, sfide da superare e voti da guadagnare. Man mano che si avanza si possono acquisire vari potenziamenti, tra cui potenziamenti per la spada, shuriken, dardi e una mossa di rianimazione ninja che aumenta la salute.",[],1,"[""Europa""]",2003,,
277,Fire Emblem Engage,"[""Switch""]","[""Ruolo"", ""Strategia""]","Mettiti al comando dell'esercito del Drago Divino e affronta i nemici in battaglie strategiche a turni nel continente di Elyos. Prepara i tuoi attacchi con attenzione, valutando le mosse e le armi di ogni singolo eroe. Solo così condurrai le tue truppe alla vittoria!",[],1,"[""Europa""]",2023,,
278,Disney Classici - Action Game Hercules,"[""PC""]","[""Avventura"", ""Piattaforma""]","Il gioco inizia con l'allenamento del giovane semidio nell'accademia del satiro Filottete detto Phil, poi è ambientato nella città di Tebe dove Hercules si scontra con l'Idra e altri mostri come Medusa e il Ciclope dimostrandosi un vero eroe, e termina infine con il raggiungimento dell'Olimpo, messo a ferro e fuoco da Ade e dai Titani e la sconfitta di questi da parte dell'eroe. Ade torna quindi nell'Oltretomba ma con l'anima di Meg che fa gettare nel fiume Stige, ma Hercules arriva e lo affronta dentro il fiume della morte dove sconfigge Ade e recupera l'anima di Meg rimettendola nel corpo di quest'ultima, vivendo felicemente insieme a lei mentre Ade rimane il dio dell'Oltretomba.",[],0,"[""Europa""]",1997,,
279,Disney Classici - Topolino e Minni salvaguai - Avventura in 3D,"[""PC""]","[""Avventura"", ""Ruolo""]","È accaduto l'imprevedibile, Gambadilegno ha rapito il sindaco di Topolinia (Topolino o Minni, a seconda del giocatore) e si è impadronito della città che, da tranquillo posticino, si è trasformata in un luogo corrotto e poco raccomandabile. Il parco è un mondo di divertimento! La banda suona, le bandiere svolazzano al vento e la gente si accalca per cercare di vedere il nuovo sindaco ed è proprio lei, Minni! Alla cerimonia di inaugurazione, Minni è attesa da tutti i suoi amici, ma come al solito Gambadilegno sta per combinarne una delle sue.",[],1,"[""Europa""]",2001,,
280,Disney Classici - Action Game Paperino Operazione Papero?!,"[""PC""]","[""Avventura"", ""Piattaforma""]","Paperino e Gastone, nella loro infinita guerra d'amore, seguono il servizio in diretta dell'inviata speciale Paperina, recatasi nel laboratorio segreto del malvagio Merlock, uno stregone intento a lavorare a un ambizioso progetto. Paperina verrà subito scoperta e rapita, lasciando a Paperino l'arduo compito di salvarla, in una gara a tempo contro il fortunato cugino Gastone. Con l'aiuto di Archimede, il nostro protagonista dovrà recuperare dei globi di energia sparsi per i vari livelli giocabili, indispensabili a caricare l'ultima bizzarra invenzione del papero scienziato: un teletrasporto spazio/temporale che consentirà a Paperino di raggiungere il pericoloso covo di Merlock e salvare la sua amata.",[],1,"[""Europa""]",2000,,
281,Knights of the Temple II,"[""PS2""]","[""Avventura"", ""Azione""]","Scopri il segreto di tre misteriosi Manufatti e sconfiggi orde di minacciosi Demoni. Combatti tra le strade dimenticate della Roma antica, tra le mortali prigioni dell'impero Saraceno, visita isole dimenticate, rovine e catacombe, scopri segreti nascosti di antiche roccaforti sottomarine. Prova le tue capacità di combattimento, supera le avversità e scopri che la vittoria va conquistata con sangue, fatica e anima...",[],1,"[""Europa""]",2005,,
282,Knights of the Temple - Infernal Crusade,"[""PS2""]","[""Avventura"", ""Azione""]","Knights of the Temple è un gioco hack and slash in terza persona con telecamera dinamica ambientato nel Medioevo. L'utente assume il ruolo di Paul, un cavaliere templare appena sfornato alla sua prima crociata, per fermare la fine del mondo. Combattete attraverso le cupe tenebre dei monasteri e dei villaggi europei, i colorati bazar e i potenti bastioni dei castelli crociati sotto il sole cocente della Terra Santa. Entrate persino nei regni dell'inferno e affrontate i vostri peggiori incubi. Le animazioni realistiche in motion capture e le texture scure e grintose contribuiscono a creare una sensazione di sporco medioevo. Con l'avanzare del gioco, Paul acquisisce nuove combo di spada e persino poteri divini che gli permettono di curarsi, di evocare uno scudo divino intorno a sé e persino di sparare palle di fuoco che colpiscono i suoi nemici.","[""Inglese""]",0,"[""Europa""]",2004,,
283,Yourself! Fitness,"[""PS2""]","[""Sport"", ""Simulazione""]","Yourself!Fitness è un gioco di fitness che include oltre 500 tipi di esercizi guidati da un personal trainer virtuale di nome Maya. Ci sono cinque aree in cui puoi concentrare il tuo esercizio: perdita di peso, cardio, forza superiore, forza centrale e forza inferiore. Inoltre, puoi fare Yoga e molte ricette salutari sono incluse nel programma. Il gioco inizia con una valutazione della forma fisica in cui l'intensità dell'allenamento viene determinata confrontando la frequenza cardiaca a riposo del giocatore con la frequenza cardiaca dopo aver eseguito una serie di jumping jack. Nel programma possono essere incorporati elementi esterni come una palla da ginnastica, pesi a mano, una fase di esercizio o un cardiofrequenzimetro.","[""Inglese""]",0,"[""USA""]",2008,,
284,Fitness Fun,"[""PS2""]","[""Sport"", ""Simulazione"", ""Musicale""]","Aiutate la famosa modella Riho Futaba a sviluppare il suo senso del ritmo con l'aerobica. Avrete bisogno di tutta la vostra abilità per perfezionare i passi in tempo per lo spettacolo di fine anno! E una volta finiti gli esercizi avrete la possibilità di rivedervi in azione da angolazioni multiple grazie alla modalità replay, che vi permetterà di migliorare continuamente le vostre performance.","[""Inglese""]",0,"[""Europa""]",2006,,
285,Pokemon Legends: Arceus,"[""Switch""]","[""Ruolo"", ""Avventura""]","Un'avventura Pokémon completamente nuova, con meccaniche da gioco di ruolo e d'azione. Esplora le vaste aree aperte della regione di Hisui – la Sinnoh del passato – da ogni prospettiva grazie ai Pokémon cavalcabili e completa il primo Pokédex della regione. Scopri un sistema di combattimento rinnovato, con tecniche speciali e incontri dinamici e senza sosta. Crea gli strumenti per la tua avventura sfruttando le risorse di Hisui e affronta la furia dei Pokémon Regali.",[],1,"[""Europa""]",2022,,
286,Xenoblade Chronicles Definitive Edition,"[""Switch""]","[""Ruolo"", ""Avventura""]","Xenoblade Chronicles Definitive Edition è una riedizione rimasterizzata del classico JRPG Xenoblade Chronicles originariamente pubblicato per Nintendo Wii nel 2010. Il gioco offre un'epica avventura in un vasto mondo open world da esplorare, con una storia coinvolgente e un sistema di combattimento in tempo reale.",[],1,"[""Europa""]",2020,,
287,Shadow of the Tomb Raider,"[""PC""]","[""Azione"", ""Avventura"", ""Spionaggio"", ""Sparatutto"", ""Guida""]",Shadow of the Tomb Raider è un videogioco d'azione-avventura sviluppato da Eidos Montréal e pubblicato da Square Enix. È il dodicesimo capitolo della serie Tomb Raider e il sequel di Rise of the Tomb Raider.,[],1,"[""Europa""]",2018,Eidos Montréal,Square Enix
288,Grand Theft Auto: The Trilogy - The Definitive Edition,"[""PC""]","[""Simulazione"", ""Azione"", ""Guida"", ""Sparatutto"", ""Picchiaduro""]","Grand Theft Auto: The Trilogy - The Definitive Edition è una raccolta rimasterizzata di tre classici della serie Grand Theft Auto: Grand Theft Auto III, Grand Theft Auto: Vice City e Grand Theft Auto: San Andreas.",[],1,"[""Europa""]",2021,,
289,Driver San Francisco,"[""PC""]","[""Guida"", ""Azione""]","Driver San Francisco è un videogioco di guida e azione sviluppato da Ubisoft Reflections e pubblicato da Ubisoft nel 2011. Il gioco è ambientato nella città di San Francisco e segue le vicende dell'agente John Tanner, che si ritrova in coma dopo un incidente d'auto e deve risolvere un caso di rapimento.","[""Italiano""]",0,"[""Europa""]",2011,Ubisoft Reflections,Ubisoft
290,Tony Hawk's Pro Skater 1 + 2,"[""PC""]","[""Avventura"", ""Sport""]","Tony Hawk's Pro Skater 1 + 2 è una raccolta rimasterizzata dei primi due capitoli della celebre serie di skateboard. Offre un'esperienza di gioco fedele agli originali, con grafica aggiornata e nuovi contenuti.",[],1,"[""Europa""]",2020,,
291,Green Hell,"[""PC""]","[""Avventura"", ""Simulazione""]","Green Hell è un gioco di sopravvivenza ambientato nella giungla amazzonica. Il giocatore deve affrontare le sfide della natura selvaggia, costruire rifugi, procurarsi cibo e acqua, e difendersi da pericoli come animali feroci e malattie.",[],1,"[""Europa""]",2019,,
292,Olympic Games Tokyo 2020: The Official Video Game + Multiplayer,"[""PC""]","[""Sport"", ""Arcade""]","Gioco ufficiale dei Giochi Olimpici di Tokyo 2020, con modalità multiplayer.",[],1,"[""Europa""]",2020,,
293,Dragon Ball Z: Kakarot - Deluxe Edition v1.60 + 8 DLCs,"[""PC""]","[""Avventura"", ""Picchiaduro""]",Dragon Ball Z: Kakarot è un action RPG che ti immerge nell'epica saga di Dragon Ball Z. Segui la storia di Goku e degli altri guerrieri Z mentre affrontano i nemici più potenti dell'universo.,[],1,"[""Europa""]",2020,,
294,Days Gone,"[""PC""]","[""Azione"", ""Sparatutto"", ""Horror""]","Un'avventura open world ambientata in un'America post-apocalittica, dove il protagonista Deacon St. John deve sopravvivere in un mondo infestato da pericolosi zombie.",[],1,"[""Europa""]",2019,,
295,Generation Zero (The Resistance Update) + 11 DLCs + Multiplayer,"[""PC""]","[""Azione"", ""Sparatutto""]","Gioco di azione e sparatutto ambientato in Svezia negli anni '80, dove i giocatori devono affrontare un'invasione di robot ostili.",[],1,"[""Europa""]",2019,,
296,Oddworld: Soulstorm,"[""PC""]","[""Avventura"", ""Azione""]","Oddworld: Soulstorm è un gioco di avventura e azione ambientato nell'universo di Oddworld. Il giocatore controlla Abe, un Mudokon che deve salvare i suoi compagni e affrontare le minacce del malvagio Glukkons.",[],1,"[""Europa""]",2021,,
297,Assassin's Creed: Valhalla,"[""PC""]","[""Azione"", ""Avventura""]","Assassin's Creed: Valhalla è un videogioco action-adventure sviluppato da Ubisoft Montreal e pubblicato da Ubisoft. Ambientato nell'Europa dell'Alto Medioevo, il gioco segue le vicende di Eivor, un vichingo che si unisce all'Ordine degli Assassini.",[],1,"[""Europa""]",2020,Ubisoft Montreal,Ubisoft
298,Scrapland,"[""PC""]","[""Azione"", ""Sparatutto""]",Scrapland è un gioco di azione e sparatutto ambientato in un mondo cyberpunk. Il giocatore esplora una città futuristica popolata da robot e affronta nemici in combattimenti dinamici.,[],1,"[""Europa""]",2004,,
299,Persona 5 Strikers,"[""PC""]","[""Azione"", ""Avventura"", ""Ruolo""]","Persona 5 Strikers è un videogioco di ruolo d'azione sviluppato da Omega Force e pubblicato da Atlus. È uno spin-off della serie Persona, ambientato sei mesi dopo gli eventi di Persona 5.",[],1,"[""Europa""]",2021,Omega Force,Atlus
300,Phoenix Point: Year One Edition v1.9 + 3 DLCs + Bonus Content,"[""PC""]","[""Strategia"", ""Sparatutto""]","Phoenix Point: Year One Edition è una versione completa del gioco di strategia e sparatutto sviluppato da Snapshot Games. Questa edizione include il gioco base, tre DLC aggiuntivi e contenuti bonus.",[],1,"[""Europa""]",2019,Snapshot Games,
301,Harry Potter e i doni della morte - Parte 2,"[""PC""]","[""Avventura"", ""Strategia""]","Il gioco segue gli eventi della seconda parte del film Harry Potter e i Doni della Morte, adattando la trama e le battaglie finali della saga di Harry Potter.",[],1,"[""Europa""]",2011,,
302,Harry Potter e i doni della morte - Parte 1,"[""PC""]","[""Avventura"", ""Strategia""]","Il gioco segue gli eventi del film Harry Potter e i Doni della Morte - Parte 1, adattando la trama del settimo libro della serie di Harry Potter.",[],1,"[""Europa""]",2010,,
303,Metal Gear Solid - The Phantom Pain,"[""PC""]","[""Azione"", ""Avventura"", ""Sparatutto"", ""Simulazione""]","Metal Gear Solid V: The Phantom Pain è un videogioco d'azione e stealth sviluppato da Kojima Productions e pubblicato da Konami per PlayStation 3, PlayStation 4, Xbox 360, Xbox One e Microsoft Windows nel 2015. È il quinto capitolo principale della serie Metal Gear Solid.",[],1,"[""Europa""]",2015,Kojima Productions,Konami
304,Monster Hunter 4 Ultimate,"[""Nintendo 3DS""]","[""Azione"", ""Avventura""]","Il nostro eroe, altamente personalizzabile, arriva al villaggio a bordo di una nave, che presto viene attaccata da un enorme mostro marino. La sequenza è un tutorial sui movimenti base, certo, ma è anche un'anteprima di cosa succederà in seguito, dopo un po' di quest: si affronteranno animali imponenti, con combattimenti dal gameplay tridimensionale, che prevedono anche che si salti in groppa ai mostri... a patto di essere abbastanza furbi, s'intende. Sì, perché la più grande novità, in termini di gameplay, è proprio la dimensione verticale degli ambienti e dei combattimenti.",[],1,"[""Europa""]",2015,,
305,Dragon Quest VIII: L'Odissea del Re Maledetto,"[""Nintendo 3DS""]","[""Ruolo"", ""Avventura""]","DRAGON QUEST VIII: L'Odissea del Re maledetto per console della famiglia Nintendo 3DS ti offrirà un'avventura sconfinata, in cui dovrai riportare la pace in un paese in pericolo. La storia ha inizio quando un giullare, Dhoulmagus, arriva al Castello di Trodain e ruba lo scettro del re, usandolo per trasformare il sovrano in un troll, la principessa in un cavallo e gli abitanti del castello in piante. L'unico superstite è una guardia, che è sfuggita alla maledizione e adesso deve salvare il regno che ha giurato di proteggere. Per recuperare lo scettro e riportare tutto alla normalità, l'Eroe dovrà attraversare le lande del regno, reclutare alleati e seguire la scia di distruzione che Dhoulmagus si lascia alle spalle dovunque vada.","[""Italiano""]",0,"[""Europa""]",2017,,
306,Final Fantasy Pixel Remaster,"[""PC"", ""iOS"", ""Android"", ""Switch""]","[""Ruolo""]",La serie Final Fantasy Pixel Remaster raccoglie i primi sei capitoli della celebre saga JRPG in una versione rimasterizzata con grafica pixel art migliorata e nuovi arrangiamenti musicali. Rivivi le avventure classiche di Final Fantasy in una forma fedele all'originale ma con miglioramenti moderni.,"[""Italiano""]",0,"[""Internazionale""]",2021,,
307,Chrono Trigger,"[""SNES""]","[""Ruolo""]","Chrono Trigger è un videogioco di ruolo sviluppato da Square per il Super Nintendo Entertainment System nel 1995. È considerato uno dei migliori e più influenti giochi di ruolo di tutti i tempi, grazie alla sua trama avvincente, ai personaggi memorabili e al suo sistema di combattimento innovativo.","[""Italiano"", ""Inglese""]",0,"[""USA""]",1995,Square,
308,God of War,"[""PS4""]","[""Avventura"", ""Azione""]","God of War è un videogioco action-adventure sviluppato da Santa Monica Studio e pubblicato da Sony Interactive Entertainment per PlayStation 4 nel 2018. Il gioco segna un reboot della serie God of War, ambientato in un nuovo universo norreno rispetto ai precedenti capitoli greci.","[""Italiano"", ""Inglese""]",0,"[""Europa""]",2018,Santa Monica Studio,Sony Interactive Entertainment
309,Forza Horizon 4 Ultimate Edition,"[""PC""]","[""Guida"", ""Simulazione""]","Forza Horizon 4 è un gioco di corse open world ambientato nel Regno Unito. I giocatori possono esplorare un vasto mondo aperto, partecipare a gare, personalizzare e collezionare una vasta gamma di veicoli. La Ultimate Edition include tutti i DLC e gli aggiornamenti.","[""Inglese""]",0,"[""Europa""]",2018,,
310,Conan Exiles,"[""PC""]","[""Azione""]","Conan Exiles è un gioco di sopravvivenza e azione ambientato nell'universo di Conan il Barbaro. I giocatori dovranno costruire, esplorare e combattere per sopravvivere in un mondo ostile e pericoloso.","[""Italiano"", ""Inglese""]",0,"[""Europa""]",2020,,
311,Harry Potter e l'Ordine della Fenice,"[""PS2""]","[""Avventura"", ""Azione""]","In Harry Potter e l'Ordine della Fenice, Harry torna per il suo quinto anno di studi a Hogwarts e scopre che a gran parte della comunità dei maghi è stata negata la verità sul recente incontro dell'adolescente con il malvagio Lord Voldemort. Incontrando segretamente un piccolo gruppo di studenti che si fa chiamare ""Esercito di Silente"", Harry insegna loro come difendersi dalle Arti Oscure, preparando i coraggiosi giovani maghi alla straordinaria battaglia che li attende. Con la possibilità di impersonare più personaggi, tra cui Harry Potter, Silente e Sirius Black, il videogioco di Harry Potter e l'Ordine della Fenice offre ai fan l'opportunità di brandire la bacchetta, esplorare tutta Hogwarts e vivere uno degli anni più emozionanti e pericolosi della vita del ragazzo che visse.",[],1,"[""Europa""]",2007,,
312,Gantz - The Game,"[""PS2""]","[""Azione"", ""Sparatutto""]","Gantz: The Game è un gioco d'azione in 3D basato su una serie manga giapponese con lo stesso nome. Gantz racconta la storia di due studenti delle scuole superiori che muoiono in un incidente ferroviario e vengono coinvolti in un ""gioco"" in cui sono costretti a dare la caccia e uccidere gli alieni.","[""Giapponese""]",0,"[""Giappone""]",2005,,
313,Hitman 3,"[""PC""]","[""Azione"", ""Avventura""]","Hitman 3 è il capitolo conclusivo della trilogia World of Assassination. Nei panni dell'Agente 47, il giocatore dovrà completare missioni di assassinio in location esotiche in tutto il mondo.",[],1,"[""Europa""]",2021,,
314,Horizon Zero Dawn Complete Edition,"[""PC""]","[""Azione"", ""Avventura""]","Horizon Zero Dawn è un gioco di ruolo d'azione ambientato in un affascinante mondo post-apocalittico dominato da maestose creature meccaniche. Vestendo i panni di Aloy, una abile cacciatrice, i giocatori dovranno esplorare questo mondo, affrontare pericolose macchine e scoprire i segreti del passato per comprendere il presente.",[],1,"[""Europa""]",2020,,
315,Black Mesa,"[""PC""]","[""Azione"", ""Sparatutto""]","Black Mesa è un videogioco di azione e sparatutto in prima persona, sviluppato e pubblicato dalla Crowbar Collective. È un remake amatoriale del classico Half-Life del 1998, realizzato con il motore grafico Source di Valve Corporation.",[],1,"[""Europa""]",2020,Crowbar Collective,Crowbar Collective
316,Fallout 4,"[""PC""]","[""Azione"", ""Avventura"", ""Sparatutto"", ""Simulazione""]","Fallout 4 è un videogioco action RPG open world sviluppato da Bethesda Game Studios e pubblicato da Bethesda Softworks. Ambientato in un futuro post-apocalittico, il gioco segue le vicende del Sole Nascente, un sopravvissuto della guerra nucleare del 2077, che si risveglia dopo essere rimasto ibernato per 210 anni nella Volta 111 e parte alla ricerca del figlio Shaun, rapito.",[],1,"[""Europa""]",2015,Bethesda Game Studios,Bethesda Softworks
317,Fallout 3,"[""PC""]","[""Azione"", ""Avventura"", ""Sparatutto"", ""Simulazione""]","Fallout 3 è un videogioco di ruolo open world sviluppato da Bethesda Game Studios e pubblicato da Bethesda Softworks nel 2008. Ambientato in un futuro post-apocalittico, il gioco segue le avventure del Prescelto, un abitante di una Vault sotterranea che viene mandato alla ricerca di suo padre scomparso.","[""Italiano""]",0,"[""Europa""]",2008,Bethesda Game Studios,Bethesda Softworks
318,GhostRunner,"[""PC""]","[""Horror"", ""Azione""]",Gioco presente sul canale aROMa horror,[],1,"[""Europa""]",2020,,
319,Red Dead Redemption 2,"[""PC""]","[""Azione"", ""Avventura"", ""Sparatutto""]","Red Dead Redemption 2 è un videogioco di azione-avventura open world sviluppato da Rockstar Games. Ambientato nel 1899, il gioco segue la storia di Arthur Morgan, un fuorilegge della banda di Dutch van der Linde, mentre la banda lotta per sopravvivere mentre l'era del selvaggio West sta volgendo al termine.",[],1,"[""Europa""]",2018,Rockstar Games,
321,Crysis Remastered,"[""PC""]","[""Azione"", ""Avventura"", ""Sparatutto"", ""Simulazione""]","Crysis Remastered è un gioco di azione e avventura in prima persona sviluppato da Crytek e pubblicato da Deep Silver. È una versione rimasterizzata del gioco originale Crysis, uscito nel 2007. Il gioco offre grafica migliorata, nuove funzionalità e contenuti aggiuntivi.",[],1,"[""Europa""]",2020,Crytek,Deep Silver
322,Mafia III,"[""PC""]","[""Azione"", ""Avventura"", ""Sparatutto"", ""Simulazione""]","Mafia III è un videogioco d'azione e avventura ambientato negli anni '60 negli Stati Uniti. Il giocatore interpreta Lincoln Clay, un veterano di guerra afroamericano che torna a casa dopo il conflitto in Vietnam e si ritrova coinvolto nella lotta contro la mafia locale di New Bordeaux, una città ispirata a New Orleans.",[],1,"[""Europa""]",2016,,
323,Mafia 2 Definitive Edition - Mafia II Remastered,"[""PC""]","[""Azione"", ""Avventura"", ""Sparatutto"", ""Simulazione""]","Mafia 2 Definitive Edition è una versione rimasterizzata del classico gioco d'azione Mafia II, originariamente pubblicato nel 2010. Questa edizione include tutti i contenuti aggiuntivi e migliorie grafiche per offrire un'esperienza di gioco rinnovata.",[],1,"[""Europa""]",2020,,
324,Mafia,"[""PC""]","[""Azione"", ""Avventura"", ""Sparatutto"", ""Simulazione""]",Gioco presente sul canale aROMa PC,[],1,"[""Europa""]",2002,,
325,Grand Theft Auto V,"[""PC""]","[""Azione"", ""Guida"", ""Simulazione""]","Grand Theft Auto V è un videogioco d'azione e avventura open world sviluppato da Rockstar North e pubblicato da Rockstar Games. Ambientato nella fittizia città di Los Santos e nella contea di Blaine County, ispirate alla città di Los Angeles e alla contea di Los Angeles, il gioco segue le vicende di tre protagonisti criminali - Michael, Trevor e Franklin - e delle loro attività illecite.",[],1,"[""Europa""]",2013,Rockstar North,Rockstar Games
326,Dragon Ball Z: Kakarot,"[""PS4""]","[""Azione"", ""Guida"", ""Picchiaduro""]","Dragon Ball Z: Kakarot è un videogioco di ruolo d'azione sviluppato da CyberConnect2 e pubblicato da Bandai Namco Entertainment. Il gioco segue la trama della serie anime Dragon Ball Z, permettendo ai giocatori di rivivere le principali battaglie e avventure dei personaggi.","[""Italiano"", ""Inglese""]",0,"[""Europa""]",2020,CyberConnect2,Bandai Namco
327,Tom Clancy's Splinter Cell: Blacklist,"[""PC""]","[""Azione"", ""Sparatutto"", ""Avventura"", ""Strategia""]",Tom Clancy's Splinter Cell: Blacklist è un videogioco di azione e stealth sviluppato da Ubisoft Toronto e pubblicato da Ubisoft. È il sesto capitolo della serie Splinter Cell.,"[""Italiano""]",1,"[""Europa""]",2013,Ubisoft Toronto,Ubisoft
328,XIII,"[""PC""]","[""Azione"", ""Sparatutto""]",XIII è un gioco di azione e sparatutto in prima persona ambientato in un mondo di spionaggio e complotti. Il giocatore assume il ruolo di un uomo senza identità che deve scoprire il suo passato e svelare una cospirazione.,[],1,"[""Europa""]",2003,,
329,Mafia: Definitive Edition,"[""PC""]","[""Azione"", ""Avventura"", ""Sparatutto"", ""Simulazione""]","Mafia: Definitive Edition è un remake del classico gioco d'azione e avventura Mafia, originariamente rilasciato nel 2002. Il gioco offre una storia coinvolgente ambientata nell'America degli anni '30, con un'esperienza di gioco rinnovata e migliorata.",[],1,"[""Europa""]",2020,,
331,Noemi's Toscana Rebirth,"[""PC""]","[""Hot""]",aROMa,"[""Inglese""]",0,"[""Europa""]",,,
332,Life happened,"[""PC""]","[""Hot""]",aROMa,"[""Inglese""]",0,"[""Europa""]",,,
333,Divine Adventure – New Version 1.0.7,"[""PC""]","[""Hot""]","Si gioca nei panni di un ragazzo (l'età è lasciata alla scelta dell'utente a causa delle regole di Patreon) che viene scelto per essere il prossimo dio della distruzione nell'universo 7 dopo l'esilio di Beerus e Champa. Con l'aiuto del tuo angelo Vados, dovrai occuparti dei doveri di un GoD e aumentare il livello dei mortali dell'universo 7. L'aspetto principale di questo gioco è che si concentra più sulla personalizzazione che sulla quantità. Potrete modificare i costumi di quasi tutti i personaggi che incontrerete nel gioco.","[""Inglese""]",0,"[""USA""]",,,
334,Singles: Flirt Up Your Life,"[""PC""]","[""Hot""]",Singles: Flirt Up Your Life è un videogioco di simulazione di vita sociale e relazioni amorose sviluppato da Rotobee e pubblicato da Microids nel 2003.,"[""Inglese""]",1,"[""Europa""]",2003,Rotobee,Microids
337,Playboy: The Mansion,"[""PS2""]","[""Simulazione""]","Playboy: The Mansion è un videogioco di simulazione sviluppato da Cyberlore Studios e pubblicato da Arush Entertainment nel 2004. Il gioco permette al giocatore di gestire la rivista Playboy e la vita di Hugh Hefner, il fondatore della rivista.",[],1,"[""Europa""]",2004,Cyberlore Studios,Arush Entertainment
338,The Walking Dead Michonne (Episodi 1-2-3),"[""PC""]","[""Punta"", ""Clicca"", ""Avventura"", ""Horror""]","The Walking Dead Michonne è un videogioco di genere avventura grafica sviluppato da Telltale Games. Il gioco segue le vicende di Michonne, un personaggio apparso nella serie a fumetti The Walking Dead, durante il periodo in cui si allontana dal gruppo di Rick Grimes.","[""Italiano""]",0,"[""Europa""]",2016,Telltale Games,
339,The Suffering - Ties that Bind,"[""PS2""]","[""Avventura"", ""Horror""]",The Suffering - Ties that Bind è un videogioco di genere avventura e horror sviluppato da Surreal Software e pubblicato da Midway Games nel 2005 per PlayStation 2.,[],1,"[""Europa""]",2005,Surreal Software,Midway Games
340,The Suffering,"[""PS2""]","[""Avventura"", ""Horror""]","The Suffering è un gioco di avventura e horror ambientato in un carcere di massima sicurezza. Il giocatore assume il ruolo di Torque, un detenuto condannato a morte che si ritrova a dover affrontare orribili creature soprannaturali che infestano la prigione.",[],1,"[""Europa""]",2004,,
341,Dead Space,"[""PS3""]","[""Azione"", ""Horror""]","Dead Space è un videogioco survival horror sviluppato da Visceral Games e pubblicato da Electronic Arts per PlayStation 3, Xbox 360 e Microsoft Windows nel 2008. Il gioco segue le vicende di Isaac Clarke, un ingegnere inviato a bordo di una nave spaziale per riparare i sistemi di comunicazione, ma si ritrova a dover affrontare una terrificante minaccia aliena.","[""Italiano""]",0,"[""Europa""]",2008,Visceral Games,Electronic Arts
342,Demon's Souls,"[""PS3""]","[""Azione"", ""Horror""]","Demon's Souls è un videogioco di ruolo d'azione sviluppato da FromSoftware e pubblicato da Sony Computer Entertainment per PlayStation 3 nel 2009. Il gioco è ambientato in un mondo fantasy oscuro e cupo, dove il giocatore deve affrontare nemici e boss estremamente impegnativi.","[""Italiano"", ""Inglese""]",0,"[""Europa""]",2009,FromSoftware,Sony Computer Entertainment
343,Resident Evil - Code: Veronica X,"[""PS3""]","[""Horror""]","Resident Evil - Code: Veronica X è un videogioco survival horror sviluppato e pubblicato da Capcom. È una versione migliorata e ampliata di Resident Evil: Code Veronica, originariamente uscito per Dreamcast nel 2000.",[],1,"[""Europa""]",2011,Capcom,Capcom
344,Haunting Ground,"[""PS2""]","[""Horror"", ""Avventura""]","Haunting Ground è un gioco di survival horror in cui il giocatore controlla Fiona, una ragazza che si risveglia in un castello isolato dopo un incidente d'auto. Dovrà esplorare l'inquietante struttura, evitare i suoi pericolosi abitanti e trovare un modo per fuggire.",[],1,"[""Europa""]",2005,,
345,Friday The 13th: The Game,"[""PC""]","[""Horror"", ""Simulazione"", ""Azione""]","Friday The 13th: The Game è un videogioco survival horror ambientato nell'universo di Venerdì 13, in cui i giocatori possono interpretare sia i panni di Jason Voorhees, il celebre assassino, sia quelli dei suoi sfortunati bersagli.",[],1,"[""Europa""]",2017,,
346,Cold Fear,"[""PS2""]","[""Azione"", ""Avventura"", ""Sparatutto"", ""Horror""]",Gioco di azione e avventura con elementi di sparatutto e horror ambientato in un contesto inquietante e soprannaturale.,[],1,"[""Europa""]",2005,,
347,Fear Therapy,"[""PC""]","[""Horror"", ""Simulazione""]","Fear Therapy è un gioco di simulazione horror che ti immerge in un'esperienza spaventosa e coinvolgente. Esplora un ambiente inquietante, affronta le tue paure e cerca di sopravvivere.","[""Italiano"", ""Inglese""]",0,"[""Europa""]",2022,,
348,Buffy the Vampire Slayer: Chaos Bleeds,"[""PS2""]","[""Picchiaduro"", ""Azione"", ""Avventura"", ""Horror""]","Buffy the Vampire Slayer: Chaos Bleeds è un videogioco di genere picchiaduro, azione e avventura ambientato nell'universo di Buffy the Vampire Slayer. Il giocatore può impersonare diversi personaggi della serie televisiva e affrontare orde di vampiri e demoni.",[],1,"[""Europa""]",2003,,
349,Deadly Premonition - The Director's Cut,"[""PS3""]","[""Avventura"", ""Horror"", ""Azione"", ""Sparatutto""]","Deadly Premonition è un gioco di avventura e azione con elementi horror, sviluppato da Access Games e pubblicato da Rising Star Games nel 2010. La Director's Cut, uscita nel 2013, include contenuti aggiuntivi e miglioramenti grafici.",[],1,"[""Europa""]",2013,Access Games,Rising Star Games
351,Outlast,"[""PC""]","[""Simulazione"", ""Horror""]","Outlast è un videogioco survival horror sviluppato e pubblicato da Red Barrels. Il giocatore assume il ruolo di Miles Upshur, un giornalista investigativo che esplora un manicomio abbandonato nelle montagne del Colorado, dopo aver ricevuto una soffiata su presunte attività illegali all'interno della struttura.",[],1,"[""Europa""]",2013,Red Barrels,Red Barrels
352,Manhunt 2,"[""PSP""]","[""Azione"", ""Horror""]","Manhunt 2 è un videogioco d'azione e survival horror sviluppato da Rockstar Games. Il gioco segue le vicende di Daniel Lamb, un uomo che si risveglia in un manicomio senza ricordare il suo passato e deve fuggire per scoprire la verità.",[],1,"[""Europa""]",2007,Rockstar Games,
353,Resident Evil Survivor,"[""PS1""]","[""Horror"", ""Sparatutto""]","Resident Evil Survivor è un videogioco survival horror sviluppato da CORE Design e pubblicato da Capcom per PlayStation nel 2000. È uno spin-off della serie Resident Evil, ambientato nell'universo narrativo della serie.","[""Inglese""]",0,"[""Europa""]",2000,CORE Design,Capcom
354,Resident Evil 3: Nemesis,"[""PS1""]","[""Horror""]","Resident Evil 3: Nemesis è un videogioco survival horror sviluppato e pubblicato da Capcom nel 1999 per PlayStation. È il terzo capitolo della serie Resident Evil e segue gli eventi di Resident Evil 2, concentrandosi sulla fuga di Jill Valentine dalla città di Raccoon City durante l'epidemia di zombie.",[],1,"[""Europa""]",1999,Capcom,Capcom
355,Resident Evil 2,"[""PS1""]","[""Horror""]","Resident Evil 2 è un videogioco survival horror sviluppato da Capcom e pubblicato nel 1998 per PlayStation. È il secondo capitolo della serie Resident Evil ed è ambientato a Raccoon City, una città immaginaria degli Stati Uniti, durante un'epidemia di zombie.",[],1,"[""Europa""]",1998,Capcom,
356,Resident Evil Director's Cut,"[""PS1""]","[""Horror""]","Resident Evil Director's Cut è una versione migliorata e ampliata del primo capitolo della celebre serie survival horror Resident Evil, originariamente pubblicato per PlayStation nel 1996. Questa edizione include nuovi contenuti e migliorie rispetto all'originale, offrendo un'esperienza più completa e coinvolgente per i fan del genere.",[],1,"[""Europa""]",1997,,
357,Resident Evil,"[""PS1""]","[""Horror""]","Resident Evil è un videogioco survival horror sviluppato da Capcom e pubblicato nel 1996 per PlayStation. È considerato uno dei titoli più influenti e innovativi del genere survival horror, nonché uno dei videogiochi più importanti della storia.","[""Inglese""]",0,"[""Europa""]",1996,Capcom,
358,Clock Tower 3,"[""PS2""]","[""Azione"", ""Avventura"", ""Horror""]","Clock Tower 3 è un videogioco survival horror sviluppato e pubblicato da Capcom per PlayStation 2 nel 2002. È il quarto capitolo della serie Clock Tower, ma il primo ad essere sviluppato esclusivamente per console PlayStation 2.",[],1,"[""Europa""]",2002,Capcom,Capcom
359,Parasite Eve 2,"[""PS1""]","[""Azione"", ""Avventura"", ""Horror""]","Parasite Eve 2 è un videogioco di ruolo d'azione sviluppato da Square e pubblicato nel 1999 per PlayStation. È il sequel diretto di Parasite Eve, uscito l'anno precedente.",[],1,"[""Europa""]",1999,Square,
360,Nightmare Creatures II,"[""PS1""]","[""Horror""]",Nightmare Creatures II è un videogioco di azione-avventura e survival horror sviluppato da Kalisto Entertainment e pubblicato da Activision nel 1999 per PlayStation.,"[""Inglese""]",0,"[""Europa""]",1999,Kalisto Entertainment,Activision
361,Nightmare Creatures,"[""PS1""]","[""Horror""]","Nightmare Creatures è un videogioco survival horror pubblicato nel 1997 per PlayStation. Ambientato nella Londra vittoriana, il gioco segue le vicende di due personaggi che devono affrontare orribili creature soprannaturali che hanno invaso la città.","[""Inglese""]",0,"[""Europa""]",1997,,
362,Dead Rising 2 - Complete Edition,"[""PC""]","[""Azione"", ""Horror""]","Dead Rising 2 è un videogioco di azione e survival horror sviluppato da Blue Castle Games e pubblicato da Capcom. È il sequel di Dead Rising, uscito nel 2006.",[],1,"[""Europa""]",2010,Blue Castle Games,Capcom
363,Resident Evil Village - Deluxe Edition,"[""PC""]","[""Horror""]","Resident Evil Village - Deluxe Edition è la versione completa del gioco, che include il gioco base, tutti i DLC e la colonna sonora ufficiale.",[],1,"[""Europa""]",2021,,
364,Koudelka,"[""PS1""]","[""Ruolo"", ""Horror""]",Koudelka è un videogioco di ruolo e horror sviluppato da Sacnoth e pubblicato da SNK nel 1999 per PlayStation. Il gioco è ambientato nel 1898 in Galles e segue le vicende di tre personaggi che indagano su un antico mistero in un monastero abbandonato.,[],1,"[""Europa""]",1999,Sacnoth,SNK
365,Resident Evil Revelations 2 - Tutti gli episodi + Patch v4.0,"[""PC""]","[""Horror""]","Resident Evil Revelations 2 è un videogioco survival horror sviluppato e pubblicato da Capcom. Il gioco è ambientato tra gli eventi di Resident Evil 5 e Resident Evil 6 e segue le vicende di Claire Redfield e Moira Burton, che vengono rapite e portate in un'isola misteriosa.",[],1,"[""Europa""]",2015,Capcom,Capcom
367,Vampire Night,"[""PS2""]","[""Sparatutto"", ""Horror""]",Vampire Night è un videogioco di genere sparatutto e horror sviluppato da Sega e pubblicato nel 2000 per PlayStation 2. Il gioco mette il giocatore nei panni di un cacciatore di vampiri che deve affrontare orde di creature soprannaturali in un'ambientazione gotica e inquietante.,[],1,"[""Europa""]",2000,Sega,
368,Galerians,"[""PS1""]","[""Avventura"", ""Horror""]","Galerians è un videogioco di genere avventura e horror sviluppato da Polygon Magic e pubblicato da ASCII Entertainment per PlayStation nel 1999. Il gioco segue le vicende di Rion, un ragazzo con poteri psichici che deve affrontare una minaccia sovrannaturale.","[""Italiano""]",1,"[""Europa""]",1999,Polygon Magic,ASCII Entertainment
369,Resident Evil 5 Gold Edition,"[""PC""]","[""Horror""]",Resident Evil 5 Gold Edition è un videogioco survival horror sviluppato e pubblicato da Capcom. È l'ottavo capitolo principale della serie Resident Evil e il seguito di Resident Evil 4.,[],1,"[""Europa""]",2010,Capcom,Capcom
370,American McGee's Alice,"[""PC""]","[""Avventura"", ""Azione""]","American McGee's Alice è un videogioco d'avventura e azione sviluppato da Rogue Entertainment e pubblicato da Electronic Arts nel 2000. Il gioco è ambientato in un'oscura e distorta versione del mondo di Alice nel Paese delle Meraviglie, dove Alice è diventata adulta e deve affrontare i suoi demoni interiori.",[],1,"[""Europa""]",2000,Rogue Entertainment,Electronic Arts
371,Clock Tower: The First Fear,"[""PS1""]","[""Avventura"", ""Punta"", ""Clicca""]",Clock Tower: The First Fear è un gioco di avventura punta e clicca sviluppato da Human Entertainment e pubblicato nel 1995 per PlayStation. È il primo capitolo della serie Clock Tower.,"[""Inglese""]",1,"[""Europa""]",1995,Human Entertainment,
372,Clock Tower,"[""PS1""]","[""Avventura"", ""Punta"", ""Clicca""]",Clock Tower è un videogioco survival horror sviluppato da Human Entertainment e pubblicato nel 1995 per PlayStation. È il primo capitolo della serie Clock Tower.,"[""Inglese""]",1,"[""Europa""]",1995,Human Entertainment,
373,Obscure: The Aftermath,"[""PSP""]","[""Horror""]","Obscure: The Aftermath è un videogioco survival horror sviluppato da Hydravision Entertainment e pubblicato da Playlogic Entertainment per PlayStation Portable nel 2008. È il sequel di Obscure, uscito nel 2004.",[],1,"[""Europa""]",2008,Hydravision Entertainment,Playlogic Entertainment
374,The Walking Dead: Survival Instinct,"[""PS3""]","[""Azione"", ""Survival""]","The Walking Dead: Survival Instinct è un videogioco di sopravvivenza ambientato nell'universo di The Walking Dead. Il giocatore impersona Daryl Dixon, un cacciatore esperto che deve sopravvivere all'apocalisse zombie insieme a suo fratello Merle.","[""Inglese""]",0,"[""USA""]",2013,,
375,The Walking Dead: Michonne - A Telltale Miniseries,"[""PS3""]","[""Azione""]","The Walking Dead: Michonne - A Telltale Miniseries è un videogioco di genere avventura grafica sviluppato e pubblicato da Telltale Games. È uno spin-off della serie The Walking Dead di Telltale Games, incentrato sul personaggio di Michonne.",[],1,"[""Europa""]",2016,Telltale Games,Telltale Games
376,Eternal Darkness: Sanity's Requiem,"[""GameCube""]","[""Horror""]","Eternal Darkness: Sanity's Requiem è un videogioco di genere survival horror sviluppato da Silicon Knights e pubblicato da Nintendo per GameCube nel 2002. Il gioco segue le vicende di diversi personaggi attraverso un arco temporale che va dal 1 d.C. al 2000 d.C., tutti accomunati dalla presenza di un antico male soprannaturale.",[],1,"[""Europa""]",2002,Silicon Knights,Nintendo
377,The House of the Dead 3,"[""PC""]","[""Horror""]","The House of the Dead 3 è un videogioco sparatutto in prima persona sviluppato da Wow Entertainment e pubblicato da Sega nel 2002. Il gioco è ambientato in un futuro distopico, dove i giocatori devono affrontare orde di zombie e altri mostri soprannaturali.","[""Inglese""]",0,"[""Europa""]",2002,Wow Entertainment,Sega
378,Silent Hill: Homecoming,"[""PC""]","[""Horror""]","Silent Hill: Homecoming è un videogioco survival horror sviluppato da Double Helix Games e pubblicato da Konami nel 2008. Il gioco è ambientato nella città di Silent Hill e segue le vicende di Alex Shepherd, un veterano di guerra che torna nella sua città natale per scoprire cosa è successo a suo fratello Joshua.",[],1,"[""Europa""]",2008,Double Helix Games,Konami
379,Silent Hill 4: The Room,"[""PC""]","[""Horror""]","Silent Hill 4: The Room è un videogioco survival horror sviluppato da Team Silent e pubblicato da Konami nel 2004. Il gioco segna un cambiamento significativo nella serie Silent Hill, introducendo nuove meccaniche di gioco e un'ambientazione diversa rispetto ai precedenti capitoli.",[],1,"[""USA""]",2004,Team Silent,Konami
380,Silent Hill 3,"[""PC""]","[""Horror""]","Silent Hill 3 è un videogioco survival horror sviluppato da Konami per PlayStation 2 nel 2003. È il sesto capitolo della serie Silent Hill e il terzo della trilogia principale. Il gioco segue le vicende di Heather Mason, una ragazza che si ritrova a dover affrontare nuovamente l'orrore della città di Silent Hill.",[],1,"[""Europa""]",2003,Konami,
381,Silent Hill 2,"[""PC""]","[""Horror""]","Silent Hill 2 è un videogioco survival horror sviluppato da Konami per PlayStation 2 nel 2001. Il gioco segue la storia di James Sunderland, un uomo che torna nella città fantasma di Silent Hill dopo aver ricevuto una lettera dalla sua defunta moglie, che lo invita a raggiungerla. Mentre esplora la città, James si imbatte in creature mostruose e deve affrontare i suoi demoni interiori.",[],1,"[""Europa""]",2001,Konami,
382,Silent Hill,"[""PC""]","[""Horror""]","Silent Hill è un videogioco survival horror sviluppato da Konami e pubblicato nel 1999 per PlayStation. Il gioco segue le vicende di Harry Mason, che si ritrova a dover esplorare la città di Silent Hill alla ricerca di sua figlia Cheryl, scomparsa misteriosamente. Durante la sua avventura, Harry dovrà affrontare orribili creature e scoprire i segreti oscuri che si celano dietro la città.",[],1,"[""Europa""]",1999,Konami,
383,Doom 3: BFG Edition,"[""PC""]","[""Horror""]","Doom 3: BFG Edition è una raccolta di videogiochi della serie Doom, pubblicata nel 2012 per PC, PlayStation 3 e Xbox 360. Questa edizione include il gioco originale Doom 3, insieme a tutti i suoi DLC, oltre ai classici Doom e Doom II.",[],1,"[""Europa""]",2012,,
386,Phasmophobia,"[""PC""]","[""Horror""]","Phasmophobia è un gioco di sopravvivenza horror cooperativo in prima persona. Lavora insieme al tuo team per investigare case infestate e scoprire quale tipo di entità paranormale le infesta, mentre cerchi di sopravvivere alle sue attività.","[""Inglese""]",0,"[""Europa""]",2020,,
387,Alone in the Dark: The New Nightmare,"[""PS1""]","[""Horror""]",Alone in the Dark: The New Nightmare è un videogioco survival horror sviluppato da Infogrames e pubblicato nel 1999 per PlayStation. È il quarto capitolo della serie Alone in the Dark.,[],1,"[""Europa""]",1999,Infogrames,
388,Alone in the Dark: Jack Is Back,"[""PS1""]","[""Horror""]",Alone in the Dark: Jack Is Back è un videogioco survival horror sviluppato e pubblicato da Infogrames nel 1994 per PlayStation. È il quarto capitolo della serie Alone in the Dark.,[],1,"[""Europa""]",1994,Infogrames,Infogrames
390,Red Dead Redemption - Undead Nightmare,"[""PS3""]","[""Horror""]","Red Dead Redemption: Undead Nightmare è un'espansione a contenuti scaricabili per il videogioco Red Dead Redemption, sviluppata da Rockstar Games e pubblicata nel 2010. Il gioco presenta una trama alternativa in cui un'epidemia di zombie si diffonde nel mondo di Red Dead Redemption.",[],1,"[""Europa""]",2010,Rockstar Games,
391,The Evil Within,"[""PS3""]","[""Horror""]","The Evil Within è un videogioco survival horror sviluppato da Tango Gameworks e pubblicato da Bethesda Softworks. Il gioco segue le vicende del detective Sebastian Castellanos, che si ritrova intrappolato in un mondo soprannaturale e distorto dopo essere stato testimone di un massacro in una clinica psichiatrica.","[""Inglese""]",0,"[""Europa""]",2014,Tango Gameworks,Bethesda Softworks
392,Project Zero 3,"[""PS2""]","[""Horror""]",Project Zero 3 è un gioco survival horror sviluppato da Tecmo e pubblicato per PlayStation 2 nel 2005. Il gioco segue le vicende di tre protagonisti che si trovano a dover affrontare forze soprannaturali in un antico santuario.,[],1,"[""Europa""]",2005,Tecmo,
393,Project Zero 2,"[""PS2""]","[""Horror""]","Project Zero 2 è un survival horror sviluppato da Tecmo e pubblicato per PlayStation 2 nel 2003. Il gioco segue le vicende di Miku Hinasaki, una giovane donna che si avventura in una casa infestata dai fantasmi per cercare il fratello scomparso.",[],1,"[""Europa""]",2003,Tecmo,
394,Project Zero,"[""PS2""]","[""Horror""]","Project Zero, noto anche come Fatal Frame, è una serie di videogiochi survival horror sviluppata da Tecmo. Il giocatore impersona un personaggio che deve affrontare e sconfiggere fantasmi utilizzando una macchina fotografica speciale.",[],1,"[""Europa""]",2001,Tecmo,
395,Forbidden Siren 2,"[""PS2""]","[""Horror""]",Forbidden Siren 2 è un videogioco survival horror sviluppato da SCE Japan Studio e pubblicato da Sony Computer Entertainment per PlayStation 2 nel 2006. È il sequel di Forbidden Siren del 2003.,[],1,"[""Europa""]",2006,SCE Japan Studio,Sony Computer Entertainment
396,Forbidden Siren,"[""PS2""]","[""Horror""]","Forbidden Siren è un videogioco survival horror sviluppato da SCE Japan Studio e pubblicato da Sony Computer Entertainment per PlayStation 2 nel 2003. Il gioco è ambientato in un villaggio giapponese isolato, dove i giocatori devono sopravvivere a una misteriosa minaccia soprannaturale.",[],1,"[""Europa""]",2003,SCE Japan Studio,Sony Computer Entertainment
397,Manhunt,"[""PC""]","[""Horror""]","Manhunt è un videogioco d'azione-avventura del 2003 sviluppato da Rockstar North e pubblicato da Rockstar Games. Il gioco segue le vicende di James Earl Cash, un condannato a morte che viene salvato all'ultimo momento e costretto a partecipare a una serie di snuff movie organizzati da un misterioso personaggio noto come 'The Director'.",[],1,"[""Europa""]",2003,Rockstar North,Rockstar Games
398,Rule of Rose,"[""PS2""]","[""Horror""]","Rule of Rose è un videogioco survival horror sviluppato da Punchline e pubblicato da Sony Computer Entertainment per PlayStation 2 nel 2006. Il gioco segue le vicende di Jennifer, una giovane donna che si ritrova intrappolata in un orfanotrofio abbandonato, dove deve affrontare una serie di orribili creature e risolvere il mistero che si cela dietro la sinistra organizzazione che controlla il luogo.","[""Italiano""]",1,"[""Europa""]",2006,Punchline,Sony Computer Entertainment
399,Yuuyami Doori Tatenkai,"[""PS1""]","[""Horror""]",Yuuyami Doori Tatenkai è un videogioco survival horror giapponese sviluppato e pubblicato da Aroma per PlayStation nel 1999.,"[""Giapponese""]",0,"[""Giappone""]",1999,,
400,Silent Hill: Origins,"[""PSP""]","[""Horror""]","Silent Hill: Origins è un videogioco survival horror sviluppato da Climax Studios e pubblicato da Konami per PlayStation Portable nel 2007. Il gioco è un prequel della serie Silent Hill e segue le vicende di Travis Grady, un camionista che si ritrova a dover affrontare gli orrori della città di Silent Hill.",[],1,"[""Europa""]",2007,Climax Studios,Konami
401,Silent Hill: Shattered Memories,"[""PSP""]","[""Horror""]","Silent Hill: Shattered Memories è un videogioco survival horror sviluppato da Climax Studios e pubblicato da Konami per PlayStation Portable nel 2009. È un reboot della serie Silent Hill, ambientato in una versione alternativa della città di Silent Hill.",[],1,"[""Europa""]",2009,Climax Studios,Konami
402,Silent Hill: Shattered Memories,"[""PS2""]","[""Horror""]","Silent Hill: Shattered Memories è un survival horror sviluppato da Climax Studios e pubblicato da Konami per PlayStation 2 nel 2009. Il gioco è un reboot della serie Silent Hill, che segue la storia di Harry Mason mentre cerca sua figlia Cheryl nella città di Silent Hill.",[],1,"[""Europa""]",2009,Climax Studios,Konami
403,Silent Hill 4: The Room,"[""PS2""]","[""Horror""]","Silent Hill 4: The Room è un videogioco survival horror sviluppato da Team Silent e pubblicato da Konami per PlayStation 2 nel 2004. È il quarto capitolo della serie Silent Hill e segue le vicende di Henry Townshend, un uomo intrappolato nel suo appartamento da una forza oscura.",[],1,"[""Europa""]",2004,Team Silent,Konami
404,Silent Hill 3,"[""PS2""]","[""Horror""]",Silent Hill 3 è un videogioco survival horror sviluppato da Konami per PlayStation 2. È il sesto capitolo della serie Silent Hill e il sequel diretto di Silent Hill 2.,[],1,"[""Europa""]",2003,Konami,
405,Silent Hill 2,"[""PS2""]","[""Horror""]","Silent Hill 2 è un videogioco survival horror sviluppato da Konami per PlayStation 2 nel 2001. Il gioco segue la storia di James Sunderland, un uomo che torna nella città fantasma di Silent Hill dopo aver ricevuto una lettera dalla sua defunta moglie, Mary, che lo invita a raggiungerla. Mentre esplora la città, James si imbatte in creature mostruose e deve affrontare i suoi demoni interiori.",[],1,"[""Europa""]",2001,Konami,
406,Silent Hill: Origins,"[""PS2""]","[""Horror""]","Silent Hill: Origins è un videogioco survival horror sviluppato da Climax Studios e pubblicato da Konami per PlayStation 2 nel 2007. Il gioco è un prequel della serie Silent Hill e segue le vicende di Travis Grady, un camionista che si ritrova a dover affrontare gli orrori della città di Silent Hill.",[],1,"[""Europa""]",2007,Climax Studios,Konami
407,Silent Hill,"[""PS1""]","[""Horror""]","Silent Hill è un videogioco survival horror sviluppato da Konami e pubblicato nel 1999 per PlayStation. Il gioco segue le vicende di Harry Mason, che si ritrova a dover esplorare la città di Silent Hill dopo che sua figlia Cheryl scompare misteriosamente. Il giocatore deve affrontare creature orribili e risolvere enigmi per scoprire la verità dietro gli eventi.",[],1,"[""Europa""]",1999,Konami,
408,Resident Evil 4,"[""PS2""]","[""Horror""]",Resident Evil 4 è un videogioco survival horror sviluppato e pubblicato da Capcom. È il sesto capitolo principale della serie Resident Evil e il primo ad abbandonare la visuale in terza persona fissa per adottare una telecamera dinamica in terza persona.,[],1,"[""Europa""]",2005,Capcom,Capcom
409,Resident Evil Outbreak File 2,"[""PS2""]","[""Horror""]","Resident Evil Outbreak File 2 è il sequel del gioco Resident Evil Outbreak, sviluppato da Capcom per PlayStation 2. Il gioco continua la storia dell'epidemia di zombie a Raccoon City, permettendo ai giocatori di esplorare nuove aree della città e affrontare nuove minacce.",[],1,"[""Europa""]",2004,Capcom,
410,Resident Evil Outbreak,"[""PS2""]","[""Horror""]",Resident Evil Outbreak è un videogioco survival horror sviluppato e pubblicato da Capcom per PlayStation 2 nel 2003. Il gioco fa parte della serie Resident Evil e si svolge a Raccoon City durante l'epidemia di zombie che ha colpito la città.,[],1,"[""Europa""]",2003,Capcom,Capcom
411,Resident Evil: Dead Aim,"[""PS2""]","[""Horror""]","Resident Evil: Dead Aim è un videogioco survival horror sviluppato da Capcom e pubblicato nel 2003 per PlayStation 2. Il gioco fa parte della serie Resident Evil e segue le vicende di Bruce McGivern, un agente della USSTRATCOM, e Fongling, una spia cinese, mentre affrontano un'epidemia di zombie a bordo di una nave da crociera.",[],1,"[""Europa""]",2003,Capcom,
412,Resident Evil Code: Veronica X,"[""PS2""]","[""Horror""]","Resident Evil Code: Veronica X è un videogioco survival horror sviluppato e pubblicato da Capcom. È un capitolo della serie Resident Evil, ed è il quarto episodio principale della serie.","[""Inglese""]",0,"[""Europa""]",2000,Capcom,Capcom
413,Resident Evil Survivor 2 Code: Veronica,"[""PS2""]","[""Horror""]","Resident Evil Survivor 2 Code: Veronica è un videogioco survival horror sviluppato e pubblicato da Capcom per PlayStation 2 nel 2001. È il sequel di Resident Evil Survivor, ed è ambientato dopo gli eventi di Resident Evil Code: Veronica.","[""Inglese""]",0,"[""Europa""]",2001,Capcom,Capcom
414,Resident Evil Revelations,"[""PC""]","[""Horror""]","Resident Evil Revelations è un videogioco survival horror sviluppato e pubblicato da Capcom. È ambientato tra gli eventi di Resident Evil 4 e Resident Evil 5, e segue le vicende di Jill Valentine e Chris Redfield mentre indagano su una misteriosa nave da crociera infestata da creature mostruose.",[],1,"[""Europa""]",2013,Capcom,Capcom
416,Tokobot,"[""PSP""]","[""Avventura"", ""Strategia""]","Tokobot è un gioco di avventura e strategia in cui il giocatore controlla un gruppo di piccoli robot chiamati Tokobot. Il giocatore deve guidare i Tokobot attraverso vari livelli, risolvendo enigmi e affrontando nemici per progredire nella storia.",[],1,"[""Europa""]",2005,,
418,Surf's Up,"[""PSP""]","[""Guida""]",Surf's Up è un videogioco di simulazione di surf sviluppato da Artificial Mind and Movement e pubblicato da Ubisoft per PlayStation Portable nel 2007. Il gioco è ambientato nell'universo del film d'animazione Surf's Up del 2007.,[],1,"[""Europa""]",2007,Artificial Mind and Movement,Ubisoft
419,MotorStorm - Arctic Edge,"[""PSP""]","[""Guida""]",MotorStorm: Arctic Edge è un videogioco di guida sviluppato da BigBig Studios e pubblicato da Sony Computer Entertainment per PlayStation Portable nel 2009.,[],1,"[""USA""]",2009,BigBig Studios,Sony Computer Entertainment
420,Soul Calibur: Broken Destiny,"[""PSP""]","[""Picchiaduro""]","Soul Calibur: Broken Destiny è un videogioco picchiaduro sviluppato e pubblicato da Namco Bandai Games per PlayStation Portable nel 2009. È uno spin-off della serie Soul Calibur, ambientato tra gli eventi di Soul Calibur III e Soul Calibur IV.",[],1,"[""Europa""]",2009,Bandai Namco,Bandai Namco
421,Syphon Filter: Combat Ops,"[""PSP""]","[""Sparatutto"", ""Azione""]",Syphon Filter: Combat Ops è un videogioco di genere sparatutto in terza persona sviluppato da Bend Studio e pubblicato da Sony Computer Entertainment per PlayStation Portable nel 2007.,[],1,"[""Europa""]",2007,Bend Studio,Sony Computer Entertainment
422,Syphon Filter: Dark Mirror,"[""PSP""]","[""Sparatutto"", ""Azione""]",Syphon Filter: Dark Mirror è un videogioco di genere sparatutto in terza persona sviluppato da Bend Studio e pubblicato da Sony Computer Entertainment per PlayStation Portable nel 2007.,[],1,"[""Europa""]",2007,Bend Studio,Sony Computer Entertainment
423,Syphon Filter - Logan's Shadow,"[""PSP""]","[""Sparatutto"", ""Azione""]",Syphon Filter - Logan's Shadow è un videogioco di genere sparatutto e azione sviluppato da Bend Studio e pubblicato da Sony Computer Entertainment per PlayStation Portable nel 2007.,[],1,"[""Europa""]",2007,Bend Studio,Sony Computer Entertainment
424,Asterix & Obelix XXL 2: Mission: Wifix,"[""PSP""]","[""Avventura""]",Asterix e Obelix devono affrontare una nuova avventura per salvare il loro villaggio da una minaccia incombente.,[],1,"[""Europa""]",2005,,
425,EA Sports Fight Night Round 3,"[""PSP""]","[""Sport""]",EA Sports Fight Night Round 3 è un videogioco di boxe sviluppato da EA Canada e pubblicato da EA Sports per PlayStation Portable nel 2006.,[],1,"[""Europa""]",2006,EA Canada,EA Sports
426,WALL-E,"[""PSP""]","[""Avventura"", ""Piattaforma""]","Basato sul film Pixar, WALL-E segue le avventure del robot protagonista mentre esplora il suo mondo post-apocalittico e cerca di trovare un modo per riportare la vita sulla Terra.",[],1,"[""Europa""]",2008,,
427,Up,"[""PSP""]","[""Avventura"", ""Piattaforma""]","Up è un videogioco basato sull'omonimo film d'animazione Pixar. Il giocatore controlla i personaggi principali del film, Carl e Russell, in una serie di livelli ambientati nei luoghi e nelle situazioni del film.",[],1,"[""Europa""]",2009,,
428,Ratatouille,"[""PSP""]","[""Avventura"", ""Piattaforma""]","Ratatouille è un videogioco basato sull'omonimo film d'animazione Pixar. Il giocatore controlla Remy, un ratto con una passione per la cucina, che deve aiutare il suo amico Linguini a diventare uno chef di successo.",[],1,"[""Europa""]",2007,,
429,Cars,"[""PSP""]","[""Guida""]","Gioco basato sul film d'animazione Pixar Cars, in cui i giocatori possono guidare i personaggi del film in diverse gare e avventure.",[],1,"[""Europa""]",2006,,
430,Crash Tag Team Racing,"[""PSP""]","[""Guida""]",Crash Tag Team Racing è un videogioco di guida sviluppato da Radical Entertainment e pubblicato da Vivendi Universal Games per PlayStation Portable nel 2005.,[],1,"[""Europa""]",2005,Radical Entertainment,Vivendi Universal Games
431,Dante's Inferno,"[""PSP""]","[""Azione""]","Dante's Inferno è un videogioco d'azione basato sull'omonima opera di Dante Alighieri, La Divina Commedia. Il giocatore impersona Dante, un crociato che deve attraversare i nove cerchi dell'Inferno per salvare l'anima della sua amata Beatrice.",[],1,"[""Europa""]",2010,,
432,Il Padrino,"[""PSP""]","[""Azione""]","Il gioco è basato sull'omonimo film del 1972 diretto da Francis Ford Coppola, che a sua volta è tratto dal romanzo di Mario Puzo. Il giocatore interpreta il ruolo di Aldo Trapani, un giovane mafioso che cerca di farsi strada all'interno della famiglia Corleone.",[],1,"[""Europa""]",2006,,
435,Speedball 2 Evolution,"[""PSP""]","[""Sport""]",Speedball 2 Evolution è un videogioco sportivo sviluppato e pubblicato da The Bitmap Brothers per PlayStation Portable nel 2007. È un remake del classico Speedball 2: Brutal Deluxe del 1990.,[],1,"[""Europa""]",2007,The Bitmap Brothers,The Bitmap Brothers
438,Tomb Raider - Legend,"[""PSP""]","[""Avventura"", ""Azione""]",Tomb Raider - Legend è un videogioco di avventura e azione sviluppato da Crystal Dynamics e pubblicato da Eidos Interactive nel 2006 per PlayStation Portable.,[],1,"[""Europa""]",2006,Crystal Dynamics,Eidos Interactive
439,Lemmings,"[""PSP""]","[""Piattaforma""]","Lemmings è un videogioco di puzzle in cui il giocatore deve guidare una mandria di piccole creature chiamate Lemmings attraverso vari livelli, evitando che cadano in trappole mortali. Il giocatore può assegnare loro diverse abilità, come scavare, costruire ponti o paracadutarsi, per aiutarli a raggiungere l'uscita di sicurezza.",[],1,"[""Europa""]",1991,,
441,Gottlieb Pinball Classics,"[""PSP""]","[""Sport"", ""Arcade""]",Gottlieb Pinball Classics è una raccolta di classici giochi di flipper Gottlieb per la console portatile PSP.,[],1,"[""Europa""]",,,
443,LocoRoco Midnight Carnival,"[""PSP""]","[""Piattaforma""]",LocoRoco Midnight Carnival è un videogioco di piattaforme sviluppato e pubblicato da Sony Computer Entertainment per PlayStation Portable nel 2007. È uno spin-off della serie LocoRoco.,[],1,"[""Europa""]",2007,Sony Computer Entertainment,Sony Computer Entertainment
444,LocoRoco 2,"[""PSP""]","[""Piattaforma""]","LocoRoco 2 è un videogioco di piattaforme sviluppato da SCE Japan Studio e pubblicato da Sony Computer Entertainment per PlayStation Portable nel 2008. È il sequel di LocoRoco, uscito nel 2006.",[],1,"[""Europa""]",2008,SCE Japan Studio,Sony Computer Entertainment
445,LocoRoco,"[""PSP""]","[""Piattaforma""]","LocoRoco è un videogioco di piattaforma sviluppato da SCE Japan Studio e pubblicato da Sony Computer Entertainment per PlayStation Portable nel 2006. Il gioco segue le avventure di piccole creature gelatinose chiamate LocoRoco, che devono attraversare vari livelli per salvare il loro pianeta.",[],1,"[""Europa""]",2006,SCE Japan Studio,Sony Computer Entertainment
446,Ratchet & Clank: Size Matters,"[""PSP""]","[""Arcade"", ""Azione"", ""Avventura""]",Ratchet & Clank: Size Matters è un videogioco di azione e avventura sviluppato da High Impact Games e pubblicato da Sony Computer Entertainment per PlayStation Portable nel 2007.,[],1,"[""Europa""]",2007,High Impact Games,Sony Computer Entertainment
447,F1 2009,"[""PSP""]","[""Guida""]",F1 2009 è un videogioco di simulazione di Formula 1 sviluppato da Codemasters e pubblicato nel 2009 per PlayStation Portable.,[],1,"[""Europa""]",2009,Codemasters,
448,Bejeweled 2,"[""PSP""]","[""Puzzle"", ""Arcade""]",Bejeweled 2 è un popolare gioco di puzzle in cui il giocatore deve far corrispondere gruppi di gemme di tre o più dello stesso colore per farle scomparire e guadagnare punti.,[],1,"[""Europa""]",2004,,
449,Peggle,"[""PSP""]","[""Puzzle"", ""Arcade""]","Peggle è un videogioco di puzzle sviluppato da PopCap Games. Il giocatore deve sparare una palla da una cannoncino verso un campo di chiodi colorati, cercando di colpire il maggior numero possibile di chiodi per accumulare punti.",[],1,"[""Europa""]",2007,PopCap Games,
451,Tom Clancy's Splinter Cell Essentials,"[""PSP""]","[""Azione"", ""Sparatutto"", ""Avventura"", ""Strategia""]",Tom Clancy's Splinter Cell Essentials è un videogioco di spionaggio e azione sviluppato da Ubisoft per la console portatile PlayStation Portable (PSP). Il gioco fa parte della serie Splinter Cell e segue le avventure dell'agente segreto Sam Fisher.,[],1,"[""Europa""]",2006,Ubisoft,
452,Umihara Kawase Shun,"[""PSP""]","[""Piattaforma""]",Umihara Kawase Shun è un videogioco di piattaforme sviluppato da Natsume e pubblicato nel 2004 per PlayStation Portable. È il quinto capitolo della serie Umihara Kawase.,"[""Giapponese""]",0,"[""Giappone""]",2004,Natsume,
453,Patapon 3,"[""PSP""]","[""Musicale""]",Patapon 3 è un videogioco di strategia a ritmo musicale sviluppato e pubblicato da Sony Computer Entertainment per PlayStation Portable. È il terzo capitolo della serie Patapon.,[],1,"[""Europa""]",2011,Sony Computer Entertainment,Sony Computer Entertainment
454,Patapon 2,"[""PSP""]","[""Musicale""]",Patapon 2 è un videogioco di strategia a ritmo musicale sviluppato e pubblicato da Sony Computer Entertainment per PlayStation Portable. È il sequel di Patapon.,[],1,"[""Europa""]",2008,Sony Computer Entertainment,Sony Computer Entertainment
455,Patapon,"[""PSP""]","[""Musicale""]",Patapon è un videogioco di strategia a ritmo sviluppato da SCE Japan Studio e pubblicato da Sony Computer Entertainment per PlayStation Portable nel 2007. Il gioco combina elementi di strategia in tempo reale con un sistema di combattimento a ritmo di musica.,[],1,"[""Europa""]",2007,SCE Japan Studio,Sony Computer Entertainment
456,Killzone Liberation,"[""PSP""]","[""Azione"", ""Sparatutto"", ""Strategia""]",Killzone Liberation è un videogioco sparatutto in terza persona sviluppato da Guerrilla Games e pubblicato da Sony Computer Entertainment per PlayStation Portable nel 2006.,[],1,"[""Europa""]",2006,Guerrilla Games,Sony Computer Entertainment
457,Race Driver 2006,"[""PSP""]","[""Guida""]","Race Driver 2006 è un gioco di corse automobilistiche per PSP. Il gioco offre diverse modalità di gioco, tra cui gare singole, campionati e modalità carriera.",[],1,"[""USA""]",2006,,
459,Tenchu: Shadow Assassins,"[""PSP""]","[""Azione""]",Tenchu: Shadow Assassins è un videogioco di azione e furtività sviluppato da Acquire e pubblicato da FromSoftware per PlayStation Portable nel 2008. È il quinto capitolo della serie Tenchu.,[],1,"[""Europa""]",2008,Acquire,FromSoftware
460,Tenchu: Time of the Assassins,"[""PSP""]","[""Azione""]",Tenchu: Time of the Assassins è un videogioco di azione e furtività sviluppato da K2 LLC e pubblicato da FromSoftware per PlayStation Portable nel 2006. È il quinto capitolo della serie Tenchu.,[],1,"[""Europa""]",2006,K2,FromSoftware
461,God of War: Chains of Olympus,"[""PSP""]","[""Arcade"", ""Azione"", ""Piattaforma""]",God of War: Chains of Olympus è un videogioco d'azione e avventura sviluppato da Ready at Dawn e pubblicato da Sony Computer Entertainment per PlayStation Portable nel 2008. È il terzo capitolo della serie God of War.,[],1,"[""Europa""]",2008,Ready at Dawn,Sony Computer Entertainment
463,Xmen Origins Wolverine,"[""PSP""]","[""Azione""]","Basato sul film X-Men Origins: Wolverine, il gioco segue le origini di Wolverine, esplorando il suo passato e la sua trasformazione in un mutante con abilità sovrumane.",[],1,"[""Europa""]",2009,,
464,Gun Showdown,"[""PSP""]","[""Arcade"", ""Azione"", ""Sparatutto""]",Gun Showdown è un gioco d'azione e sparatutto ambientato nel selvaggio West.,[],1,"[""USA""]",2005,,
465,Let's Golf,"[""PSP""]","[""Sport""]",Gioco di golf per PSP,[],1,"[""Europa""]",,,
466,Tom Clancy's Ghost Recon Predator,"[""PSP""]","[""Sparatutto"", ""Azione""]",Tom Clancy's Ghost Recon Predator è un videogioco sparatutto in terza persona sviluppato da Ubisoft per PlayStation Portable.,[],1,"[""Europa""]",2010,Ubisoft,
467,Pac-Man World 3,"[""PSP""]","[""Piattaforma""]",Pac-Man World 3 è un videogioco di piattaforme sviluppato da Namco e pubblicato nel 2005 per PlayStation Portable.,[],1,"[""Europa""]",2005,Namco,
468,PacMan World Rally,"[""PSP""]","[""Guida""]",Pac-Man World Rally è un videogioco di guida sviluppato da Namco e pubblicato nel 2006 per PlayStation Portable.,[],1,"[""USA""]",2006,Namco,
469,Pac-Man Championship Edition,"[""PSP""]","[""Piattaforma""]","Pac-Man Championship Edition è un videogioco della serie Pac-Man, sviluppato e pubblicato da Namco Bandai Games nel 2007. È un remake del classico Pac-Man, con grafica e gameplay aggiornati.",[],1,"[""Europa""]",2007,Bandai Namco,Bandai Namco
470,Rocky Balboa,"[""PSP""]","[""Picchiaduro""]","Basato sul film omonimo, il gioco permette di rivivere le gesta del leggendario pugile Rocky Balboa attraverso combattimenti e allenamenti.",[],1,"[""Europa""]",2007,,
471,Arctic Adventures - Polar's Puzzles,"[""PSP""]","[""Puzzle""]","Arctic Adventures - Polar's Puzzles è un gioco di puzzle ambientato in un contesto artico. Il giocatore deve risolvere una serie di enigmi e rompicapi per aiutare il protagonista, Polar, a navigare attraverso l'ambiente innevato.",[],1,"[""Europa""]",,,
472,Tekken 6,"[""PSP""]","[""Picchiaduro""]",Tekken 6 è un videogioco picchiaduro sviluppato e pubblicato da Namco Bandai Games. È il sesto capitolo principale della serie Tekken.,[],1,"[""Europa""]",2009,Bandai Namco,Bandai Namco
473,Tekken: Dark Resurrection,"[""PSP""]","[""Picchiaduro""]","Tekken: Dark Resurrection è un videogioco picchiaduro sviluppato e pubblicato da Namco per PlayStation Portable nel 2006. È un port del precedente Tekken 5: Dark Resurrection, uscito per PlayStation 3 nel 2005.",[],1,"[""Europa""]",2006,Namco,Namco
474,Metal Gear Solid: Portable Ops,"[""PSP""]","[""Sparatutto"", ""Azione""]",Metal Gear Solid: Portable Ops è un videogioco stealth-action sviluppato da Kojima Productions e pubblicato da Konami per PlayStation Portable nel 2006. È uno spin-off della serie Metal Gear Solid.,[],1,"[""Europa""]",2006,Kojima Productions,Konami
475,Metal Gear Solid: Peace Walker,"[""PSP""]","[""Sparatutto"", ""Azione""]",Metal Gear Solid: Peace Walker è un videogioco d'azione stealth sviluppato da Kojima Productions e pubblicato da Konami per PlayStation Portable nel 2010. È il nono capitolo della serie Metal Gear.,[],1,"[""Europa""]",2010,Kojima Productions,Konami
476,Metal Gear Solid: Digital Graphic Novel,"[""PSP""]","[""Strategia""]","Metal Gear Solid: Digital Graphic Novel è un'avventura grafica interattiva basata sulla storia del videogioco Metal Gear Solid. Il gioco presenta una narrazione visiva sotto forma di graphic novel, con sequenze animate e interazioni limitate da parte del giocatore.",[],1,"[""Europa""]",2006,,
477,Metal Gear Ac!d 2,"[""PSP""]","[""Strategia""]","Metal Gear Ac!d 2 è un videogioco di strategia tattica sviluppato e pubblicato da Konami per PlayStation Portable nel 2005. È il sequel di Metal Gear Ac!d, ed è ambientato nello stesso universo narrativo della serie Metal Gear.",[],1,"[""Europa""]",2005,Konami,Konami
478,MetalGearAc!d,"[""PSP""]","[""Strategia""]","Metal Gear Ac!d è un videogioco di strategia sviluppato da Konami per PlayStation Portable. È uno spin-off della serie Metal Gear, ambientato in un universo alternativo rispetto ai titoli principali.",[],1,"[""Europa""]",2004,Konami,
481,Petz - Dogz family,"[""PSP""]","[""Simulazione""]","Gioco di simulazione in cui il giocatore può prendersi cura di un cane virtuale, interagendo con esso e aiutandolo a crescere e svilupparsi.",[],1,"[""USA""]",,,
482,LEGO Indiana Jones 2: L'avventura continua,"[""PSP""]","[""Azione"", ""Avventura""]",Continua le avventure di Indiana Jones in una nuova epica storia ambientata nei film della saga di Indiana Jones. Esplora nuovi luoghi e risolvi enigmi in stile LEGO.,[],1,"[""Europa""]",2009,,
483,LEGO Indiana Jones - The Original Adventures,"[""PSP""]","[""Azione"", ""Avventura""]",Avventura LEGO basata sulla trilogia originale di Indiana Jones,[],1,"[""Europa""]",2008,,
484,LEGO Star Wars II - The Original Trilogy,"[""PSP""]","[""Azione"", ""Avventura""]",Ritorna nell'universo di Star Wars con LEGO Star Wars II: The Original Trilogy. Rivivere le avventure dei tuoi personaggi preferiti in una nuova veste LEGO.,[],1,"[""Europa""]",2006,,
485,LEGO Pirates of the Caribbean - The Video Game,"[""PSP""]","[""Azione"", ""Avventura""]","Gioco d'azione e avventura ambientato nell'universo di Pirati dei Caraibi, realizzato in stile LEGO.",[],1,"[""Europa""]",2011,,
486,LEGO Harry Potter: Years 5-7,"[""PSP""]","[""Azione"", ""Avventura""]","Il gioco LEGO Harry Potter: Years 5-7 segue gli eventi degli ultimi tre libri della serie di Harry Potter, dalla Morte di Silente fino alla Battaglia di Hogwarts. I giocatori possono rivivere le avventure di Harry, Ron e Hermione attraverso il mondo LEGO, risolvendo enigmi, combattendo contro i Mangiamorte e utilizzando la magia per superare gli ostacoli.",[],1,"[""Europa""]",2011,,
487,LEGO Harry Potter: Years 1-4,"[""PSP""]","[""Azione"", ""Avventura""]","Rivivere le prime quattro avventure di Harry Potter in stile LEGO. Esplora il mondo magico di Hogwarts, affronta i tuoi nemici e completa missioni in compagnia dei tuoi personaggi preferiti.",[],1,"[""Europa""]",2010,,
488,LEGO Batman Il videogioco,"[""PSP""]","[""Azione"", ""Avventura""]",Gioco d'azione e avventura ambientato nell'universo LEGO e incentrato sul personaggio di Batman.,[],1,"[""Europa""]",2008,,
489,Open Season,"[""PSP""]","[""Avventura""]","Open Season è un videogioco di avventura basato sull'omonimo film d'animazione. Il giocatore assume il ruolo di Boog, un orso grizzly domestico, che deve aiutare il suo amico Elliot a tornare nella foresta dopo essere stato catturato dai cacciatori.",[],1,"[""Europa""]",2006,,
490,Hello Kitty: Puzzle Party,"[""PSP""]","[""Puzzle""]",Hello Kitty: Puzzle Party è un gioco di puzzle per PSP che permette ai giocatori di divertirsi con vari minigiochi e puzzle a tema Hello Kitty.,[],1,"[""Europa""]",2008,,
492,Puzzler Collection,"[""PSP""]","[""Arcade"", ""Puzzle""]",Puzzler Collection è una raccolta di giochi di puzzle per PSP.,[],1,"[""Europa""]",,,
494,Peter Jackson's KingKong - The official game of the movie,"[""PSP""]","[""Azione"", ""Avventura""]","Basato sul film di Peter Jackson, questo gioco ti permette di vivere l'epica avventura di King Kong sull'isola di Skull.",[],1,"[""Europa""]",2005,,
495,Exit2,"[""PSP""]","[""Puzzle""]",Gioco di puzzle e fuga ambientato in un mondo surreale e astratto.,[],1,"[""Europa""]",2007,,
497,Need for Speed Underground Rivals,"[""PSP""]","[""Guida""]",Need for Speed Underground Rivals è un gioco di corse automobilistiche per la console portatile PSP. Il gioco fa parte della popolare serie Need for Speed e si concentra sulle corse clandestine e sulla personalizzazione delle auto.,[],1,"[""USA""]",2005,,
498,Need for Speed: Undercover,"[""PSP""]","[""Guida""]",Need for Speed: Undercover è un videogioco di guida sviluppato da EA Black Box e pubblicato da Electronic Arts per PlayStation Portable nel 2008. Il gioco fa parte della serie Need for Speed e segue gli eventi di Need for Speed: Carbon.,[],1,"[""Europa""]",2008,EA Black Box,Electronic Arts
499,Need for Speed: Carbon,"[""PSP""]","[""Guida""]","Need for Speed: Carbon ti permette di dominare le strade di una città in cui le corse sono tutto. Costruisci la tua squadra, personalizza le tue auto e sfida i tuoi rivali per diventare il re delle corse notturne.",[],1,"[""Europa""]",2006,,
500,Need for Speed: Most Wanted,"[""PSP""]","[""Guida""]",Need for Speed: Most Wanted è un videogioco di guida sviluppato da EA Black Box e pubblicato da Electronic Arts per PlayStation Portable nel 2005. È uno spin-off della serie Need for Speed e segue gli eventi del precedente Need for Speed: Underground 2.,[],1,"[""Europa""]",2005,EA Black Box,Electronic Arts
501,Need for Speed: Shift,"[""PSP""]","[""Guida""]",Need for Speed: Shift è un videogioco di corse automobilistiche sviluppato da Slightly Mad Studios e pubblicato da Electronic Arts per PlayStation Portable nel 2009.,[],1,"[""USA""]",2009,Slightly Mad Studios,Electronic Arts
502,Mortal Kombat: Unchained,"[""PSP""]","[""Picchiaduro""]","Mortal Kombat: Unchained è un videogioco picchiaduro sviluppato e pubblicato da Midway Games per PlayStation Portable nel 2006. È un adattamento portatile di Mortal Kombat: Deception, il sesto capitolo principale della serie Mortal Kombat.",[],1,"[""Europa""]",2006,Midway Games,Midway Games
503,WWE 2K14,"[""PSP""]","[""Wrestling""]","WWE 2K14 è un videogioco di wrestling sviluppato da Yuke's e pubblicato da 2K Sports per PlayStation Portable nel 2013. Il gioco fa parte della serie WWE 2K e include una vasta gamma di lottatori, arene e modalità di gioco tipiche dei titoli della serie.",[],1,"[""Europa""]",2013,Yuke's,2K Sports
504,WWE 11,"[""PSP""]","[""Wrestling""]",WWE 11 è un videogioco di wrestling sviluppato da Yuke's e pubblicato da THQ per PlayStation Portable nel 2011. Il gioco fa parte della serie di videogiochi WWE e rappresenta l'undicesimo capitolo della serie.,[],1,"[""Europa""]",2011,Yuke's,THQ
505,WWE SmackDown vs. Raw 2011,"[""PSP""]","[""Wrestling""]",WWE SmackDown vs. Raw 2011 è un videogioco di wrestling sviluppato da Yuke's e pubblicato da THQ per PlayStation Portable nel 2010. Il gioco fa parte della serie WWE SmackDown vs. Raw e rappresenta l'undicesimo capitolo della serie.,[],1,"[""Europa""]",2010,Yuke's,THQ
506,WWE SmackDown vs. Raw 2010,"[""PSP""]","[""Wrestling""]",WWE SmackDown vs. Raw 2010 è un videogioco di wrestling sviluppato da Yuke's e pubblicato da THQ per PlayStation Portable nel 2009. È il decimo capitolo della serie WWE SmackDown vs. Raw.,[],1,"[""USA""]",2009,Yuke's,THQ
507,WWE SmackDown vs. Raw 2009,"[""PSP""]","[""Wrestling""]",WWE SmackDown vs. Raw 2009 è un videogioco di wrestling sviluppato da Yuke's e pubblicato da THQ per PlayStation Portable nel 2008. Il gioco fa parte della serie WWE SmackDown vs. Raw e include roster e modalità di gioco tipiche della serie.,[],1,"[""USA""]",2008,Yuke's,THQ
508,WWE SmackDown vs. Raw 2008,"[""PSP""]","[""Wrestling""]",WWE SmackDown vs. Raw 2008 è un videogioco di wrestling sviluppato da Yuke's e pubblicato da THQ per PlayStation Portable nel 2007. Il gioco fa parte della serie WWE SmackDown vs. Raw e include roster e modalità di gioco tipiche della serie.,[],1,"[""USA""]",2007,Yuke's,THQ
509,WWE SmackDown vs. Raw 2007,"[""PSP""]","[""Wrestling""]",WWE SmackDown vs. Raw 2007 è un videogioco di wrestling sviluppato da Yuke's e pubblicato da THQ per PlayStation Portable nel 2006. Il gioco fa parte della serie WWE SmackDown vs. Raw e rappresenta il terzo capitolo della serie per la console portatile di Sony.,[],1,"[""USA""]",2006,Yuke's,THQ
510,WWE SmackDown vs. Raw 2006,"[""PSP""]","[""Wrestling""]","WWE SmackDown vs. Raw 2006 è un videogioco di wrestling sviluppato da Yuke's e pubblicato da THQ per PlayStation 2, PlayStation Portable, Xbox e Nintendo GameCube nel 2005. È il settimo capitolo della serie WWE SmackDown vs. Raw.",[],1,"[""USA""]",2005,Yuke's,THQ
511,WWE All Stars,"[""PSP""]","[""Wrestling""]","WWE All Stars è un videogioco di wrestling sviluppato da THQ e pubblicato nel 2011. Il gioco presenta uno stile di gioco arcade e una grafica caricaturale, con i lottatori WWE raffigurati in modo esagerato e stilizzato.",[],1,"[""Europa""]",2011,THQ,
512,Kinnikuman Muscle Generations,"[""PSP""]","[""Wrestling""]",Kinnikuman Muscle Generations è un videogioco di wrestling basato sulla serie anime e manga Kinnikuman.,[],1,"[""Europa""]",,,
513,Grand Theft Auto: Vice City Stories,"[""PSP""]","[""Avventura"", ""Azione""]",Grand Theft Auto: Vice City Stories è un videogioco d'azione e avventura open world sviluppato da Rockstar Leeds e pubblicato da Rockstar Games per PlayStation Portable nel 2006. È uno spin-off della serie Grand Theft Auto e prequel di Grand Theft Auto: Vice City.,[],1,"[""Europa""]",2006,Rockstar Leeds,Rockstar Games
514,Grand Theft Auto: Liberty City Stories,"[""PSP""]","[""Avventura"", ""Azione""]","Grand Theft Auto: Liberty City Stories è un videogioco d'azione e avventura open world sviluppato da Rockstar Games per PlayStation Portable. È uno spin-off della serie Grand Theft Auto ambientato a Liberty City, la stessa città presente in Grand Theft Auto III.",[],1,"[""Europa""]",2005,Rockstar Games,
515,Grand Theft Auto: Chinatown Wars,"[""PSP""]","[""Avventura"", ""Azione""]",Grand Theft Auto: Chinatown Wars è un videogioco d'azione e avventura sviluppato da Rockstar Leeds e pubblicato da Rockstar Games per Nintendo DS e PlayStation Portable nel 2009. È il decimo capitolo della serie Grand Theft Auto.,"[""Inglese""]",0,"[""Europa""]",2009,Rockstar Leeds,Rockstar Games
517,The 3rd Birthday,"[""PSP""]","[""Azione""]",The 3rd Birthday è un videogioco di azione sviluppato da Square Enix e pubblicato nel 2011 per PlayStation Portable.,"[""Italiano"", ""Inglese""]",0,"[""Europa""]",2011,Square Enix,
518,Fate/extra CCC,"[""PSP""]","[""Ruolo""]","Fate/extra CCC è un videogioco di ruolo sviluppato da Type-Moon e pubblicato nel 2013 per PlayStation Portable. È uno spin-off della serie Fate, ambientato nello stesso universo narrativo di Fate/extra.","[""Giapponese""]",0,"[""Giappone""]",2013,Type-Moon,
519,Fate/extra,"[""PSP""]","[""Ruolo""]","Un gioco di ruolo ambientato nell'universo di Fate, sviluppato per PlayStation Portable.","[""Inglese""]",0,"[""USA""]",2011,,
520,Final Fantasy Tactics: The War of the Lions,"[""PSP""]","[""Strategia""]","Final Fantasy Tactics: The War of the Lions è un videogioco di ruolo tattico sviluppato e pubblicato da Square Enix per PlayStation Portable nel 2007. È un remake del gioco originale Final Fantasy Tactics, uscito per PlayStation nel 1997.","[""Inglese""]",0,"[""Europa""]",2007,Square Enix,Square Enix
521,Crisis Core: Final Fantasy VII,"[""PSP""]","[""Ruolo""]","Crisis Core: Final Fantasy VII è un videogioco di ruolo d'azione sviluppato da Square Enix e pubblicato nel 2007 per PlayStation Portable. Il gioco è un prequel di Final Fantasy VII e segue le vicende di Zack Fair, un membro dell'unità d'élite SOLDIER.",[],1,"[""Europa""]",2007,Square Enix,
522,Dissidia: Final Fantasy,"[""PSP""]","[""Strategia""]",Dissidia: Final Fantasy è un videogioco di combattimento sviluppato da Square Enix per PlayStation Portable. Il gioco mette a confronto i protagonisti e gli antagonisti della serie Final Fantasy in battaglie uno contro uno.,[],1,"[""Europa""]",2008,Square Enix,
523,Final Fantasy IV,"[""PSP""]","[""Strategia""]","Final Fantasy IV è un classico JRPG della serie Final Fantasy, originariamente pubblicato per Super Nintendo nel 1991. La versione per PSP include miglioramenti grafici e di gameplay rispetto all'originale.","[""Inglese""]",0,"[""Europa""]",1991,,
524,Final Fantasy III,"[""PSP""]","[""Strategia""]","Final Fantasy III è un gioco di ruolo giapponese sviluppato e pubblicato da Square Enix per la console portatile PlayStation Portable. È il terzo capitolo della celebre serie Final Fantasy, originariamente pubblicato per Nintendo DS nel 2006 e successivamente portato su PSP nel 2011.",[],1,"[""Europa""]",2011,Square Enix,Square Enix
525,Final Fantasy 2,"[""PSP""]","[""Strategia""]","Final Fantasy 2 è un classico JRPG della serie Final Fantasy, originariamente pubblicato per Famicom (NES) nel 1988 in Giappone. È il secondo capitolo della serie e introduce molte innovazioni rispetto al primo episodio, come un sistema di crescita dei personaggi basato sull'esperienza acquisita durante le battaglie.","[""Inglese""]",0,"[""Europa""]",1988,,
526,Final Fantasy Type-0,"[""PSP""]","[""Strategia""]","Final Fantasy Type-0 è un gioco di ruolo tattico sviluppato da Square Enix per PlayStation Portable. Ambientato nell'universo di Final Fantasy, il gioco segue le vicende di un gruppo di cadetti di un'accademia militare che vengono coinvolti in una guerra tra nazioni.","[""Inglese""]",0,"[""Europa""]",2011,Square Enix,
527,Ultimate Ghosts 'n Goblins,"[""PSP""]","[""Piattaforma""]",Ultimate Ghosts 'n Goblins è un videogioco di genere platform sviluppato e pubblicato da Capcom per PlayStation Portable nel 2006. È un remake del classico Ghosts 'n Goblins del 1985.,[],1,"[""Europa""]",2006,Capcom,Capcom
528,The Simpsons - Il Videogioco,"[""PSP""]","[""Avventura""]",Aroma,[],1,"[""Europa""]",,,
529,Castlevania: The Dracula X Chronicles,"[""PSP""]","[""Piattaforma""]","Castlevania: The Dracula X Chronicles è un videogioco della serie Castlevania, sviluppato e pubblicato da Konami per PlayStation Portable nel 2007.",[],1,"[""Europa""]",2007,Konami,Konami
531,Tales of Destiny 2,"[""PSP""]","[""Ruolo""]","Tales of Destiny 2 è un videogioco di ruolo giapponese sviluppato da Namco e pubblicato nel 2002 per PlayStation 2. È il sequel diretto di Tales of Destiny, uscito nel 1997 per PlayStation.","[""Giapponese""]",0,"[""Giappone""]",2002,Namco,
532,Tales of Eternia,"[""PSP""]","[""Ruolo""]",Tales of Eternia è un gioco di ruolo giapponese sviluppato da Namco e pubblicato nel 2000 per PlayStation. È il sesto capitolo della serie Tales of.,"[""Inglese""]",0,"[""Europa""]",2000,Namco,
533,Pro Bull Riding: Out Of The Chute,"[""PSP""]","[""Arcade"", ""Simulazione""]","Pro Bull Riding: Out Of The Chute è un gioco di simulazione di rodeo che permette ai giocatori di cimentarsi nell'arte del bull riding, ovvero la disciplina in cui i cowboy cercano di rimanere in sella a un toro per il maggior tempo possibile.","[""Inglese""]",0,"[""USA""]",,,
534,The Legend of Heroes III - Song of the Ocean,"[""PSP""]","[""Ruolo"", ""Azione""]","Terzo capitolo della serie The Legend of Heroes, ambientato nell'universo di Trails in the Sky.","[""Inglese""]",0,"[""USA""]",2006,,
535,The Legend of Heroes: Trails in the Sky Second Chapter,"[""PSP""]","[""Ruolo"", ""Azione""]","Sequel del primo capitolo della serie The Legend of Heroes: Trails in the Sky, che continua la storia di Estelle e Joshua mentre esplorano il mondo di Liberl.","[""Inglese""]",0,"[""Europa""]",2007,,
536,The Legend of Heroes: Trails in the Sky,"[""PSP""]","[""Ruolo"", ""Azione""]",The Legend of Heroes: Trails in the Sky è un gioco di ruolo d'azione sviluppato da Nihon Falcom e pubblicato da XSEED Games per PlayStation Portable.,"[""Inglese""]",0,"[""USA""]",,Nihon Falcom,XSEED Games
537,Untold Legends The Warriors Code,"[""PSP""]","[""Ruolo"", ""Azione""]",Untold Legends: The Warrior's Code è un gioco di ruolo d'azione sviluppato da Sony Online Entertainment e pubblicato per PlayStation Portable nel 2006.,[],1,"[""Europa""]",2006,Sony Online Entertainment,
538,Untold Legends- Brotherhood of the Blade,"[""PSP""]","[""Ruolo"", ""Azione""]",Untold Legends: Brotherhood of the Blade è un gioco di ruolo d'azione sviluppato da Sony Online Entertainment e pubblicato nel 2005 per PlayStation Portable.,[],1,"[""Europa""]",2005,Sony Online Entertainment,
542,Sonic Rivals 2,"[""PSP""]","[""Azione""]","Sonic Rivals 2 è un videogioco di azione e piattaforme sviluppato da Backbone Entertainment e pubblicato da Sega per PlayStation Portable nel 2007. È il sequel di Sonic Rivals, uscito l'anno precedente.",[],1,"[""Europa""]",2007,Backbone Entertainment,Sega
543,Sonic Rivals,"[""PSP""]","[""Azione""]",Sonic Rivals è un videogioco di azione e piattaforme sviluppato da Backbone Entertainment e pubblicato da Sega per PlayStation Portable nel 2006. Il gioco vede Sonic e i suoi amici competere in una serie di gare e sfide per impedire al Dr. Eggman di realizzare i suoi piani malvagi.,[],1,"[""Europa""]",2006,Backbone Entertainment,Sega
546,Buzz brainbender,"[""PSP""]","[""Puzzle""]",Buzz brainbender è un gioco di puzzle per PSP che sfida il tuo cervello a risolvere enigmi e rompicapi stimolanti.,[],1,"[""Europa""]",,,
547,BuzzMusicQuiz,"[""PSP""]","[""Puzzle""]",BuzzMusicQuiz è un gioco di puzzle musicale per PSP.,[],1,"[""Europa""]",,,
548,Buzz ilquizzonenazionale,"[""PSP""]","[""Puzzle""]",Buzz! Il quiz nazionale è un videogioco di quiz sviluppato da Relentless Software e pubblicato da Sony Computer Entertainment per PlayStation Portable nel 2007.,[],1,"[""Europa""]",2007,Relentless Software,Sony Computer Entertainment
549,Assassin's Creed: Bloodlines,"[""PSP""]","[""Azione"", ""Avventura""]",Assassin's Creed: Bloodlines è un videogioco d'azione e avventura sviluppato da Ubisoft per PlayStation Portable. È uno spin-off della serie Assassin's Creed e segue gli eventi del primo capitolo della serie.,[],1,"[""Europa""]",2009,Ubisoft,
550,Echochrome,"[""PSP""]","[""Rompicapo""]",Echochrome è un videogioco di puzzle in cui il giocatore deve manipolare l'ambiente per far muovere una figura umana astratta attraverso un labirinto tridimensionale. Il gioco si basa sulla percezione visiva e sulla comprensione della prospettiva.,[],1,"[""Europa""]",2008,,
551,Echoshift,"[""PSP""]","[""Rompicapo""]",Echoshift è un gioco di puzzle in cui il giocatore deve manipolare il tempo per risolvere enigmi. Il giocatore controlla un personaggio che può registrare le sue azioni e riprodurle per completare i livelli.,[],1,"[""Europa""]",2009,,
553,World Tour Soccer 2,"[""PSP""]","[""Sport""]","World Tour Soccer 2 è un videogioco di calcio sviluppato per PlayStation Portable. Il gioco offre diverse modalità di gioco, tra cui una modalità carriera in cui il giocatore può creare e gestire la propria squadra di calcio.",[],1,"[""Europa""]",2007,,
554,World Tour Soccer,"[""PSP""]","[""Sport""]",World Tour Soccer è un videogioco di calcio per PlayStation Portable che permette di giocare partite di calcio a livello internazionale.,[],1,"[""Europa""]",,,
556,Championship Manager 2010,"[""PSP""]","[""Sport""]",Championship Manager 2010 è un videogioco di simulazione calcistica sviluppato da Sports Interactive e pubblicato da Eidos Interactive per PlayStation Portable.,[],1,"[""Europa""]",2010,Sports Interactive,Eidos Interactive
557,Football Manager Handheld 2013,"[""PSP""]","[""Sport""]","Football Manager Handheld 2013 è un gioco di gestione calcistica per dispositivi portatili, sviluppato da Sports Interactive e pubblicato da SEGA. Il gioco permette ai giocatori di assumere il ruolo di allenatore di una squadra di calcio e gestire tutti gli aspetti della squadra, dalla formazione alla tattica, dal mercato dei trasferimenti alla gestione dello staff tecnico.","[""Italiano""]",1,"[""Europa""]",2013,Sports Interactive,SEGA
558,Football Manager Handheld 2012,"[""PSP""]","[""Sport""]","Football Manager Handheld 2012 è un gioco di gestione calcistica per dispositivi portatili, che permette ai giocatori di assumere il ruolo di allenatore di una squadra di calcio e guidarla al successo.",[],1,"[""Europa""]",2012,,
559,Football Manager Handheld 2011,"[""PSP""]","[""Sport""]","Football Manager Handheld 2011 è un gioco di gestione calcistica per la console portatile PSP. Il giocatore assume il ruolo di allenatore di una squadra di calcio, con l'obiettivo di guidarla al successo attraverso la gestione di vari aspetti come la formazione, il mercato, la tattica e la motivazione dei giocatori.",[],1,"[""Europa""]",2011,,
560,Football Manager Handheld 2010,"[""PSP""]","[""Sport""]","Football Manager Handheld 2010 è un gioco di gestione calcistica per la console portatile PSP. Il giocatore assume il ruolo di allenatore di una squadra di calcio, con l'obiettivo di guidarla al successo attraverso la gestione di vari aspetti come la formazione, il mercato, la tattica e la motivazione dei giocatori.",[],1,"[""Europa""]",2010,,
561,Football Manager Handheld 2009,"[""PSP""]","[""Sport""]","Football Manager Handheld 2009 è un gioco di gestione calcistica per la console portatile PSP. Il giocatore assume il ruolo di allenatore di una squadra di calcio, con l'obiettivo di guidarla al successo attraverso la gestione di tutti gli aspetti della squadra, dal mercato dei trasferimenti alla tattica di gioco.",[],1,"[""Europa""]",2009,,
562,Football Manager Handheld 2008,"[""PSP""]","[""Sport""]","Football Manager Handheld 2008 è un gioco di gestione calcistica per la console portatile PSP. Il gioco permette ai giocatori di assumere il ruolo di allenatore di una squadra di calcio, gestendo tutti gli aspetti della squadra, dal reclutamento dei giocatori alla tattica di gioco.",[],1,"[""Europa""]",2008,,
563,Football Manager Handheld 2007,"[""PSP""]","[""Sport""]","Football Manager Handheld 2007 è un gioco di gestione calcistica per la console portatile PSP. Il gioco permette ai giocatori di assumere il ruolo di allenatore di una squadra di calcio, gestendo tutti gli aspetti della squadra, dal reclutamento dei giocatori alla tattica di gioco.",[],1,"[""Europa""]",2007,,
565,Pro Evolution Soccer 2014,"[""PSP""]","[""Sport""]",Pro Evolution Soccer 2014 è un videogioco di calcio sviluppato e pubblicato da Konami per PlayStation Portable. È parte della serie Pro Evolution Soccer ed è il sequel di Pro Evolution Soccer 2013.,[],1,"[""Europa""]",2013,Konami,Konami
566,Pro Evolution Soccer 2013,"[""PSP""]","[""Sport""]",Pro Evolution Soccer 2013 è un videogioco di calcio sviluppato e pubblicato da Konami per PlayStation Portable. È il 12° capitolo della serie Pro Evolution Soccer.,[],1,"[""Europa""]",2012,Konami,Konami
567,Pro Evolution Soccer 2012,"[""PSP""]","[""Sport""]",Pro Evolution Soccer 2012 è un videogioco di calcio sviluppato e pubblicato da Konami per PlayStation Portable. È il dodicesimo capitolo della serie Pro Evolution Soccer.,[],1,"[""Europa""]",2011,Konami,Konami
568,Pro Evolution Soccer 2011,"[""PSP""]","[""Sport""]",Pro Evolution Soccer 2011 è un videogioco di calcio sviluppato e pubblicato da Konami per PlayStation Portable. È il decimo capitolo della serie Pro Evolution Soccer.,[],1,"[""Europa""]",2010,Konami,Konami
569,Pro Evolution Soccer 2010,"[""PSP""]","[""Sport""]",Pro Evolution Soccer 2010 è un videogioco di calcio sviluppato e pubblicato da Konami per PlayStation Portable. È il decimo capitolo della serie Pro Evolution Soccer.,[],1,"[""Europa""]",2009,Konami,Konami
570,Pro Evolution Soccer 2009,"[""PSP""]","[""Sport""]",Pro Evolution Soccer 2009 è un videogioco di calcio sviluppato e pubblicato da Konami per PlayStation Portable. È il nono capitolo della serie Pro Evolution Soccer.,[],1,"[""Europa""]",2008,Konami,Konami
571,Pro Evolution Soccer 2008,"[""PSP""]","[""Sport""]",Pro Evolution Soccer 2008 è un videogioco di calcio sviluppato e pubblicato da Konami per PlayStation Portable nel 2007. È parte della serie Pro Evolution Soccer ed è il sequel di Pro Evolution Soccer 2007.,[],1,"[""Europa""]",2007,Konami,Konami
572,Pro Evolution Soccer 2007,"[""PSP""]","[""Sport""]","Pro Evolution Soccer 2007 è un videogioco di calcio sviluppato e pubblicato da Konami per PlayStation Portable nel 2006. È parte della serie Pro Evolution Soccer, noto anche come Winning Eleven in Giappone e alcune regioni.",[],1,"[""Europa""]",2006,Konami,Konami
573,Pro Evolution Soccer 6,"[""PSP""]","[""Sport""]","Pro Evolution Soccer 6 è un videogioco di calcio sviluppato e pubblicato da Konami per PlayStation Portable nel 2006. È il sesto capitolo della serie Pro Evolution Soccer, noto in Giappone come Winning Eleven. Il gioco offre un'esperienza di gioco realistica e coinvolgente, con un sistema di controllo intuitivo e una grafica migliorata rispetto ai precedenti capitoli della serie.",[],1,"[""Europa""]",2006,Konami,Konami
574,Pro Evolution Soccer 5,"[""PSP""]","[""Sport""]","Pro Evolution Soccer 5 è un videogioco di calcio sviluppato e pubblicato da Konami per PlayStation Portable nel 2005. È il quinto capitolo della serie Pro Evolution Soccer, noto in Giappone come Winning Eleven.",[],1,"[""Europa""]",2005,Konami,Konami
575,UEFA Champions League 2006-2007,"[""PSP""]","[""Sport""]","Gioco ufficiale della UEFA Champions League 2006-2007, che permette di rivivere le emozioni della più importante competizione europea per club di calcio.",[],1,"[""Europa""]",2006,,
576,Scudetto 2006 Championship Manager,"[""PSP""]","[""Sport""]",Gestisci la tua squadra di calcio e porta la tua squadra alla vittoria dello scudetto!,[],1,"[""Europa""]",2006,,
577,FIFA Street 2,"[""PSP""]","[""Sport""]","FIFA Street 2 è un videogioco di calcio arcade sviluppato da EA Canada e pubblicato da Electronic Arts per PlayStation Portable nel 2006. È il sequel di FIFA Street, uscito nel 2005.",[],1,"[""Europa""]",2006,EA Canada,Electronic Arts
578,FIFA World Cup Germany 2006,"[""PSP""]","[""Sport""]",FIFA World Cup Germany 2006 è un videogioco di calcio sviluppato da EA Canada e pubblicato da Electronic Arts per PlayStation Portable nel 2006. Il gioco è incentrato sulla Coppa del Mondo FIFA 2006 tenutasi in Germania.,[],1,"[""Europa""]",2006,EA Canada,Electronic Arts
579,FIFA 14,"[""PSP""]","[""Sport""]",FIFA 14 è un videogioco di calcio sviluppato da EA Canada e pubblicato da Electronic Arts per PlayStation Portable.,[],1,"[""Europa""]",2013,EA Canada,Electronic Arts
580,FIFA 13,"[""PSP""]","[""Sport""]",FIFA 13 è un videogioco di calcio sviluppato da EA Canada e pubblicato da Electronic Arts per PlayStation Portable.,[],1,"[""Europa""]",2012,EA Canada,Electronic Arts
581,FIFA 12,"[""PSP""]","[""Sport""]",FIFA 12 è un videogioco di calcio sviluppato da EA Canada e pubblicato da Electronic Arts per PlayStation Portable.,[],1,"[""Europa""]",2011,EA Canada,Electronic Arts
582,FIFA 11,"[""PSP""]","[""Sport""]",FIFA 11 è un videogioco di calcio sviluppato da EA Canada e pubblicato da Electronic Arts per PlayStation Portable nel 2010.,[],1,"[""Europa""]",2010,EA Canada,Electronic Arts
583,FIFA 10,"[""PSP""]","[""Sport""]",FIFA 10 è un videogioco di calcio sviluppato da EA Canada e pubblicato da Electronic Arts per PlayStation Portable nel 2009.,[],1,"[""Europa""]",2009,EA Canada,Electronic Arts
584,FIFA 09,"[""PSP""]","[""Sport""]",FIFA 09 è un videogioco di calcio sviluppato da EA Canada e pubblicato da Electronic Arts per PlayStation Portable nel 2008.,[],1,"[""Europa""]",2008,EA Canada,Electronic Arts
585,FIFA 08,"[""PSP""]","[""Sport""]",FIFA 08 è un videogioco di calcio sviluppato da EA Canada e pubblicato da Electronic Arts per PlayStation Portable nel 2007.,[],1,"[""Europa""]",2007,EA Canada,Electronic Arts
586,FIFA 07,"[""PSP""]","[""Sport""]",FIFA 07 è un videogioco di calcio sviluppato da EA Canada e pubblicato da Electronic Arts per PlayStation Portable nel 2006.,[],1,"[""Europa""]",2006,EA Canada,Electronic Arts
587,FIFA 06,"[""PSP""]","[""Sport""]",FIFA 06 è un videogioco di calcio sviluppato da EA Canada e pubblicato da Electronic Arts per PlayStation Portable nel 2005.,[],1,"[""Europa""]",2005,EA Canada,Electronic Arts
589,50Cent bulletproof g unit edition,"[""PSP""]","[""Azione"", ""Sparatutto""]",Gioco d'azione e sparatutto ambientato nel mondo di 50 Cent e della G-Unit.,"[""Inglese""]",0,"[""USA""]",2005,,
590,Iron Man 2,"[""PSP""]","[""Azione"", ""Avventura""]","Il gioco di Iron Man 2 per PSP segue le vicende del film omonimo, permettendo ai giocatori di vestire i panni dell'eroe in tuta d'acciaio in una serie di missioni d'azione e avventura.",[],1,"[""Europa""]",2010,,
591,Iron Man,"[""PSP""]","[""Azione"", ""Avventura""]",Gioco di azione e avventura basato sul personaggio di Iron Man.,"[""Inglese""]",0,"[""USA""]",,,
593,MichaeJackson The Experience,"[""PSP""]","[""Musicale""]",Gioco musicale basato sulle canzoni di Michael Jackson,[],1,"[""Europa""]",2010,,
594,Spider-Man 3,"[""PSP""]","[""Azione""]","Il gioco di Spider-Man 3 per PSP segue la trama del film omonimo, permettendo ai giocatori di vestire i panni dell'Uomo Ragno e affrontare una serie di nemici e sfide in un'avventura ricca di azione e suspense.",[],1,"[""Europa""]",2007,,
595,Spider-Man 2,"[""PSP""]","[""Azione""]",Spider-Man 2 è un videogioco d'azione basato sul film omonimo del 2004. Il giocatore controlla Spider-Man mentre affronta i suoi nemici e compie missioni nella città di New York.,[],1,"[""Europa""]",2004,,
596,Spider-Man: Friend or Foe,"[""PSP""]","[""Azione""]","Spider-Man: Friend or Foe è un videogioco di azione e avventura basato sul personaggio di Spider-Man, sviluppato da Next Level Games e pubblicato da Activision nel 2007 per PlayStation Portable.",[],1,"[""USA""]",2007,Next Level Games,Activision
597,Spider-Man: Shattered Dimensions,"[""PSP""]","[""Azione""]","Spider-Man: Shattered Dimensions è un videogioco di azione e avventura sviluppato da Beenox e pubblicato da Activision per PlayStation 3, Xbox 360, Wii, Nintendo DS e PSP nel 2010. Il gioco segue le avventure di quattro diverse versioni di Spider-Man, ognuna con le proprie abilità e caratteristiche uniche.",[],1,"[""Europa""]",2010,Beenox,Activision
598,MediEvil Resurrection,"[""PSP""]","[""Avventura""]",MediEvil Resurrection è un videogioco di avventura sviluppato da SCE Cambridge Studio e pubblicato da Sony Computer Entertainment per PlayStation Portable nel 2005. È un remake del gioco originale MediEvil uscito per PlayStation nel 1998.,[],1,"[""Europa""]",2005,SCE Cambridge Studio,Sony Computer Entertainment
600,Twisted Metal World Tour,"[""PS1""]","[""Sparatutto"", ""Azione"", ""Guida""]",Twisted Metal World Tour è un videogioco di combattimento automobilistico sviluppato da SingleTrac e pubblicato da Sony Computer Entertainment per PlayStation nel 1996.,"[""Inglese""]",0,"[""Europa""]",1996,SingleTrac,Sony Computer Entertainment
601,Twisted Metal,"[""PS1""]","[""Sparatutto"", ""Azione"", ""Guida""]",Twisted Metal è un videogioco di combattimento automobilistico sviluppato da SingleTrac e pubblicato da Sony Computer Entertainment per PlayStation nel 1995. Il gioco è ambientato in un mondo post-apocalittico in cui i giocatori guidano veicoli armati e si affrontano in battaglie all'ultimo sangue.,"[""Inglese""]",0,"[""Europa""]",1995,SingleTrac,Sony Computer Entertainment
603,Turn About,"[""PS1""]","[""Puzzle"", ""Arcade""]",Turn About è un gioco di puzzle arcade per PlayStation 1. Il giocatore deve ruotare e posizionare correttamente i blocchi per completare i livelli.,[],1,"[""Europa""]",1998,,
606,True Pinball,"[""PS1""]","[""Sport"", ""Arcade""]",True Pinball è un gioco di flipper arcade per PlayStation 1. Offre un'esperienza di gioco coinvolgente e realistica con tavoli da pinball dettagliati e meccaniche di gioco autentiche.,[],1,"[""Europa""]",1996,,
607,Truck Racing,"[""PS1""]","[""Guida""]",Truck Racing è un gioco di corse di camion per PlayStation 1. I giocatori possono partecipare a gare di camion attraverso diversi circuiti e ambienti.,[],1,"[""Europa""]",1998,,
608,Triple Play Baseball 2000,"[""PS1""]","[""Sport""]",Gioco di baseball per PlayStation 1,[],1,"[""Europa""]",2000,,
609,Trickshot,"[""PS1""]","[""Sport""]","Trickshot è un gioco di biliardo per PlayStation 1 che offre una varietà di modalità di gioco e sfide di abilità. Il gioco permette ai giocatori di eseguire colpi di biliardo spettacolari e complessi, mettendo alla prova le loro capacità di precisione e strategia.",[],1,"[""Europa""]",1998,,
610,Trick'N Snowboarder,"[""PS1""]","[""Sport""]",Trick'N Snowboarder è un videogioco di snowboard per PlayStation 1. Il gioco offre diverse modalità di gioco e la possibilità di eseguire vari trick e acrobazie sulla neve.,[],1,"[""Europa""]",1997,,
611,Treasures of the Deep,"[""PS1""]","[""Sparatutto"", ""Avventura"", ""Guida""]","Treasures of the Deep è un videogioco di genere sparatutto e avventura ambientato in un mondo sottomarino. Il giocatore controlla un sommergibile e deve esplorare gli abissi, raccogliere tesori e affrontare nemici acquatici.","[""Italiano""]",1,"[""Europa""]",1997,,
614,Transport Tycoon,"[""PS1""]","[""Strategia""]",Gioco di simulazione e gestione di una compagnia di trasporti,[],1,"[""Europa""]",1994,,
616,Total NBA '98,"[""PS1""]","[""Sport""]",Gioco di basket ambientato nel campionato NBA del 1998.,"[""Inglese""]",1,"[""Europa""]",1998,,
617,Total NBA '97,"[""PS1""]","[""Sport""]",Gioco di basket ambientato nel campionato NBA del 1997.,"[""Inglese""]",1,"[""Europa""]",1997,,
618,Total NBA '96,"[""PS1""]","[""Sport""]",Gioco di basket ambientato nella stagione NBA 1995-1996.,"[""Inglese""]",1,"[""Europa""]",1996,,
619,Total Eclipse Turbo,"[""PS1""]","[""Volo"", ""Sparatutto""]",Gioco di volo e combattimento spaziale per PlayStation 1.,[],1,"[""Europa""]",1996,,
620,Total Drivin,"[""PS1""]","[""Guida""]",Gioco di guida per PlayStation 1,[],1,"[""Europa""]",1998,,
622,Tony Hawk's Pro Skater 4,"[""PS1""]","[""Sport""]","Tony Hawk's Pro Skater 4 è un videogioco di skateboard sviluppato da Neversoft e pubblicato da Activision nel 2002. Il gioco fa parte della serie Tony Hawk's Pro Skater e presenta una vasta gamma di modalità di gioco, tra cui la modalità Carriera, la modalità Libera e la modalità Multiplayer.",[],1,"[""Europa""]",2002,Neversoft,Activision
623,Tony Hawk's Pro Skater 3,"[""PS1""]","[""Sport""]","Tony Hawk's Pro Skater 3 è un videogioco di skateboard pubblicato nel 2001. Il gioco presenta una vasta gamma di trucchi e modalità di gioco, oltre a una colonna sonora rock/punk.",[],1,"[""Europa""]",2001,,
624,Tony Hawk's Pro Skater 2,"[""PS1""]","[""Sport""]",Tony Hawk's Pro Skater 2 è un videogioco di skateboard pubblicato nel 2000 per PlayStation. È il sequel di Tony Hawk's Pro Skater ed è considerato uno dei migliori giochi della serie e uno dei migliori videogiochi di skateboard di sempre.,[],1,"[""Europa""]",2000,,
625,Tony Hawk's Skateboarding,"[""PS1""]","[""Sport""]","Tony Hawk's Skateboarding è un videogioco di skateboard pubblicato nel 1999 per PlayStation. È il primo capitolo della serie Tony Hawk's, che è diventata una delle più famose e longeve serie di videogiochi di skateboard.",[],1,"[""Europa""]",1999,,
626,Tommi Mäkinen Rally,"[""PS1""]","[""Guida""]",Tommi Mäkinen Rally è un videogioco di rally sviluppato e pubblicato per PlayStation 1. Il gioco permette di guidare diverse auto da rally attraverso percorsi ambientati in Europa.,[],1,"[""Europa""]",1998,,
627,Tombi! 2: The Evil Swine Return,"[""PS1""]","[""Avventura""]","Tombi! 2: The Evil Swine Return è un videogioco di avventura sviluppato da Whoopee Camp e pubblicato da Sony Computer Entertainment per PlayStation nel 1999. È il sequel di Tombi! (noto anche come Tomba! in Nord America), uscito nel 1997. Il gioco segue le avventure del protagonista Tombi mentre cerca di salvare il suo villaggio dai maiali malvagi.","[""Italiano""]",1,"[""Europa""]",1999,Whoopee Camp,Sony Computer Entertainment
628,Tombi!,"[""PS1""]","[""Avventura""]",Tombi! è un videogioco di avventura e azione sviluppato da Whoopee Camp e pubblicato da Sony Computer Entertainment per PlayStation nel 1997. Il giocatore controlla un ragazzo di nome Tombi che deve salvare il suo villaggio dai cinghiali malvagi.,[],1,"[""Europa""]",1997,Whoopee Camp,Sony Computer Entertainment
629,Tomb Raider - Chronicles - La Leggenda di Lara Croft,"[""PS1""]","[""Avventura"", ""Azione""]",Tomb Raider - Chronicles - La Leggenda di Lara Croft è un videogioco di avventura e azione sviluppato da Core Design e pubblicato da Eidos Interactive per PlayStation nel 2000.,[],1,"[""Europa""]",2000,Core Design,Eidos Interactive
630,Tomb Raider - The Last Revelation,"[""PS1""]","[""Avventura"", ""Azione""]",Tomb Raider - The Last Revelation è un videogioco di avventura e azione sviluppato da Core Design e pubblicato da Eidos Interactive nel 1999 per PlayStation.,[],1,"[""Europa""]",1999,Core Design,Eidos Interactive
631,Tomb Raider III - Adventures of Lara Croft,"[""PS1""]","[""Avventura"", ""Azione""]",Tomb Raider III - Adventures of Lara Croft è un videogioco di avventura e azione sviluppato da Core Design e pubblicato da Eidos Interactive nel 1998 per PlayStation.,[],1,"[""Europa""]",1998,Core Design,Eidos Interactive
632,Tomb Raider II - Starring Lara Croft,"[""PS1""]","[""Avventura"", ""Azione""]",Tomb Raider II è un videogioco di avventura e azione sviluppato da Core Design e pubblicato da Eidos Interactive nel 1997 per PlayStation.,[],1,"[""Europa""]",1997,Core Design,Eidos Interactive
633,Tomb Raider,"[""PS1""]","[""Avventura"", ""Azione""]","Tomb Raider è un videogioco di avventura e azione sviluppato da Core Design e pubblicato da Eidos Interactive nel 1996 per PlayStation. Il gioco segue le avventure di Lara Croft, un'archeologa e avventuriera che esplora siti archeologici e antiche tombe alla ricerca di tesori e reliquie.","[""Inglese""]",0,"[""Europa""]",1996,Core Design,Eidos Interactive
634,Tom Clancy's Rainbow Six - Rogue Spear,"[""PS1""]","[""Sparatutto""]",Tom Clancy's Rainbow Six - Rogue Spear è un videogioco sparatutto tattico sviluppato da Red Storm Entertainment e pubblicato da Ubisoft nel 1999 per PlayStation.,"[""Inglese""]",0,"[""Europa""]",1999,Red Storm Entertainment,Ubisoft
635,Tom Clancy's Rainbow Six - Lone Wolf,"[""PS1""]","[""Sparatutto""]","Tom Clancy's Rainbow Six - Lone Wolf è un videogioco sparatutto tattico sviluppato da Red Storm Entertainment e pubblicato da Ubisoft per PlayStation nel 1998. Il gioco fa parte della serie Tom Clancy's Rainbow Six e mette il giocatore nei panni di un membro dell'unità antiterrorismo Rainbow, impegnato in missioni di salvataggio e di eliminazione di minacce terroristiche.",[],1,"[""Europa""]",1998,Red Storm Entertainment,Ubisoft
636,Tom Clancy's Rainbow Six,"[""PS1""]","[""Sparatutto""]",Tom Clancy's Rainbow Six è un videogioco sparatutto tattico sviluppato da Red Storm Entertainment e pubblicato da Ubisoft nel 1998 per PlayStation.,[],1,"[""Europa""]",1998,Red Storm Entertainment,Ubisoft
639,TOCA World Touring Cars,"[""PS1""]","[""Guida""]",TOCA World Touring Cars è un videogioco di corse automobilistiche sviluppato da Codemasters e pubblicato nel 1998 per PlayStation.,[],1,"[""Europa""]",1998,Codemasters,
640,TOCA 2 Touring Car,"[""PS1""]","[""Guida""]",TOCA 2 Touring Car è un videogioco di corse automobilistiche sviluppato da Codemasters e pubblicato nel 1998 per PlayStation.,[],1,"[""Europa""]",1998,Codemasters,
641,TOCA Touring Car Championship,"[""PS1""]","[""Guida""]",TOCA Touring Car Championship è un videogioco di corse automobilistiche sviluppato da Codemasters e pubblicato nel 1997 per PlayStation.,[],1,"[""Europa""]",1997,Codemasters,
642,Tobal No. 1,"[""PS1""]","[""Picchiaduro"", ""Avventura"", ""Ruolo""]",Tobal No. 1 è un videogioco di combattimento sviluppato da Square e pubblicato nel 1996 per PlayStation. È il primo titolo della serie Tobal.,[],1,"[""Europa""]",1996,Square,
643,Tiny Toon Adventures: Toonenstein: Dare to Scare,"[""PS1""]","[""Avventura""]",Tiny Toon Adventures: Toonenstein: Dare to Scare è un videogioco di avventura basato sulla serie animata Tiny Toon Adventures. Il gioco segue le avventure dei personaggi della serie mentre affrontano una minaccia soprannaturale.,"[""Inglese""]",0,"[""Europa""]",1995,,
644,Tiny Toon Adventures - Plucky's Big Adventure,"[""PS1""]","[""Avventura""]","Plucky, uno dei personaggi dei Tiny Toon, parte per un'avventura attraverso diversi scenari ispirati alla serie animata.","[""Inglese""]",0,"[""Europa""]",,,
645,Tiny Toon Adventures: Buster & The Beanstalk,"[""PS1""]","[""Punta"", ""Clicca""]",Avventura punta e clicca ambientata nel mondo di Tiny Toon Adventures.,[],1,"[""Europa""]",1994,,
646,Tiny Tank,"[""PS1""]","[""Guida"", ""Azione"", ""Sparatutto""]",Tiny Tank è un videogioco di guida e azione ambientato in un mondo post-apocalittico. Il giocatore controlla un piccolo carro armato che deve affrontare numerosi nemici e ostacoli per completare le missioni.,[],1,"[""Europa""]",1999,,
647,Tintin - Destinazione Avventure,"[""PS1""]","[""Avventura"", ""Guida"", ""Azione"", ""Strategia""]","Tintin - Destinazione Avventure è un videogioco di avventura basato sui personaggi della serie a fumetti di Hergé, Le avventure di Tintin. Il gioco permette ai giocatori di esplorare diversi ambienti e risolvere enigmi mentre seguono le vicende del reporter Tintin e del suo fedele cane Milou.",[],1,"[""Europa""]",1997,,
648,Time Crisis - Project Titan,"[""PS1""]","[""Sparatutto"", ""Arcade""]",Time Crisis - Project Titan è un videogioco sparatutto in stile arcade sviluppato da Namco e pubblicato nel 1997 per PlayStation.,[],1,"[""Europa""]",1997,Namco,
649,Time Crisis,"[""PS1""]","[""Sparatutto"", ""Arcade""]","Time Crisis è un videogioco sparatutto in stile arcade sviluppato e pubblicato da Namco nel 1995. Il gioco è ambientato in un contesto di azione e avventura, dove il giocatore deve affrontare nemici e boss utilizzando un'arma da fuoco.",[],1,"[""Europa""]",1995,Namco,Namco
653,Tigershark,"[""PS1""]","[""Volo"", ""Sparatutto""]",Tigershark è un gioco di volo e sparatutto per PlayStation 1. Il giocatore pilota un aereo da combattimento e deve affrontare missioni di combattimento aereo.,[],1,"[""Europa""]",1998,,
654,Tiger Woods PGA Tour 2000,"[""PS1""]","[""Sport""]",Gioco di golf che permette di giocare con il famoso golfista Tiger Woods.,[],1,"[""Europa""]",2000,,
655,Tiger Woods PGA Tour,"[""PS1""]","[""Sport""]",Tiger Woods PGA Tour è un videogioco di golf pubblicato nel 1999 per PlayStation. Il gioco presenta il famoso golfista Tiger Woods come protagonista e offre un'esperienza di gioco realistica e coinvolgente per gli appassionati di golf.,[],1,"[""Europa""]",1999,,
656,Tiger Woods 99 - PGA Tour Golf,"[""PS1""]","[""Sport""]",Gioco di golf che permette di giocare con il famoso golfista Tiger Woods e partecipare ai tornei del PGA Tour.,[],1,"[""Europa""]",1999,,
657,Thrill Kill,"[""PS1""]","[""Picchiaduro"", ""Horror""]",Gioco censurato e violento,"[""Inglese""]",0,"[""Europa""]",,,
659,Thrasher presents Skate & Destroy,"[""PS1""]","[""Sport""]","Thrasher presents Skate & Destroy è un videogioco di skateboard pubblicato nel 1999 per PlayStation. Il gioco offre un'esperienza di skateboarding realistica e coinvolgente, con una varietà di livelli e modalità di gioco.",[],1,"[""Europa""]",1999,,
660,This is Football 2,"[""PS1""]","[""Sport""]",Videogioco di calcio sviluppato da Rage Software e pubblicato da Sony Computer Entertainment per PlayStation nel 1999.,[],1,"[""Europa""]",1999,Rage Software,Sony Computer Entertainment
662,Theme Park World,"[""PS1""]","[""Simulazione""]",Gioco di simulazione in cui il giocatore costruisce e gestisce un parco divertimenti.,[],1,"[""Europa""]",1999,,
663,Theme Park,"[""PS1""]","[""Simulazione""]",Gioco di simulazione in cui il giocatore deve costruire e gestire un parco divertimenti.,[],1,"[""Europa""]",1994,,
664,Theme Hospital,"[""PS1""]","[""Strategia""]","Un gioco di simulazione in cui il giocatore deve gestire e far prosperare un ospedale, occupandosi di tutti gli aspetti della sua attività, dalla costruzione delle strutture all'assunzione e formazione del personale, fino alla cura dei pazienti affetti da strane e bizzarre malattie.",[],1,"[""Europa""]",1997,,
665,Tetris Plus,"[""PS1""]","[""Puzzle""]","Tetris Plus è un videogioco di puzzle sviluppato e pubblicato da Asmik Ace Entertainment nel 1996. È un sequel del classico Tetris, con nuove modalità di gioco e caratteristiche aggiuntive.",[],1,"[""Europa""]",1996,Asmik Ace Entertainment,Asmik Ace Entertainment
666,Test Drive Off-Road,"[""PS1""]","[""Guida""]",Gioco di guida off-road per PlayStation 1,[],1,"[""Europa""]",1997,,
667,Test Drive 6,"[""PS1""]","[""Guida""]",Un gioco di guida arcade che offre una vasta selezione di veicoli e ambientazioni da esplorare.,[],1,"[""Europa""]",1999,,
668,Test Drive 5,"[""PS1""]","[""Guida""]",Un gioco di guida arcade che offre una vasta selezione di veicoli e ambientazioni da esplorare.,[],1,"[""Europa""]",1998,,
670,Test Drive 4,"[""PS1""]","[""Guida""]",Un gioco di guida arcade che offre una vasta selezione di veicoli e ambientazioni da esplorare.,[],1,"[""Europa""]",1997,,
672,Tennis Arena,"[""PS1""]","[""Sport""]","Tennis Arena è un videogioco di tennis per PlayStation 1. Offre un'esperienza di gioco realistica e coinvolgente, con diverse modalità di gioco e opzioni di personalizzazione.",[],1,"[""Europa""]",1998,,
673,Tenchu 2 - Birth of the Stealth Assassins,"[""PS1""]","[""Azione"", ""Strategia""]","Tenchu 2 - Birth of the Stealth Assassins è un videogioco di azione e strategia sviluppato da Acquire e pubblicato da Sony Computer Entertainment per PlayStation nel 1998. Il gioco è il sequel di Tenchu: Stealth Assassins e segue le avventure di Rikimaru e Ayame, due ninja assassini.",[],1,"[""Europa""]",1998,Acquire,Sony Computer Entertainment
674,Tenchu - Stealth Assassins,"[""PS1""]","[""Azione"", ""Strategia""]","Tenchu - Stealth Assassins è un videogioco di azione e stealth ambientato in un'antica Giappone feudale. Il giocatore impersona un ninja incaricato di compiere missioni di assassinio e infiltrazione, utilizzando abilità di furtività e combattimento corpo a corpo.",[],1,"[""Europa""]",1998,,
675,Ten Pin Alley,"[""PS1""]","[""Sport""]",Gioco di bowling per PlayStation 1,[],1,"[""Europa""]",1998,,
676,Tempest X3,"[""PS1""]","[""Sparatutto""]",Tempest X3 è un videogioco sparatutto sviluppato da Atari Games e pubblicato nel 1995 per PlayStation.,"[""Inglese""]",0,"[""Europa""]",1995,Atari Games,
678,Tekken 3,"[""PS1""]","[""Picchiaduro""]",Tekken 3 è un videogioco picchiaduro sviluppato e pubblicato da Namco nel 1997 per PlayStation. È il terzo capitolo della serie Tekken ed è considerato uno dei migliori e più influenti titoli del genere.,[],1,"[""Europa""]",1997,Namco,Namco
679,Tekken 2,"[""PS1""]","[""Picchiaduro""]",Tekken 2 è un videogioco picchiaduro sviluppato e pubblicato da Namco nel 1995 per PlayStation. È il sequel di Tekken ed è il secondo capitolo della serie Tekken.,[],1,"[""Europa""]",1995,Namco,Namco
680,Tekken,"[""PS1""]","[""Picchiaduro""]",Tekken è un videogioco di arti marziali sviluppato e pubblicato da Namco nel 1994. È il primo capitolo della serie Tekken ed è considerato uno dei picchiaduro più influenti e innovativi della sua epoca.,[],1,"[""Europa""]",1994,Namco,Namco
683,Taxi 2,"[""PS1""]","[""Guida""]","Taxi 2 è un videogioco di guida ambientato in una città francese. Il giocatore interpreta un tassista che deve trasportare passeggeri in giro per la città, evitando ostacoli e inseguimenti della polizia.","[""Inglese""]",1,"[""Europa""]",2000,,
686,T'ai Fu - Wrath of the Tiger,"[""PS1""]","[""Avventura"", ""Piattaforma""]",T'ai Fu - Wrath of the Tiger è un videogioco di avventura e piattaforma sviluppato da Eurocom e pubblicato da Activision nel 1999 per PlayStation.,[],1,"[""Europa""]",1999,Eurocom,Activision
687,Syphon Filter 3,"[""PS1""]","[""Azione"", ""Avventura""]",Syphon Filter 3 è un videogioco di azione e avventura sviluppato da Eidetic e pubblicato da Sony Computer Entertainment per PlayStation nel 2001.,[],1,"[""Europa""]",2001,Eidetic,Sony Computer Entertainment
688,Syphon Filter 2,"[""PS1""]","[""Azione"", ""Avventura""]",Syphon Filter 2 è un videogioco di azione e avventura sviluppato da Eidetic e pubblicato da Sony Computer Entertainment per PlayStation nel 2000. È il sequel di Syphon Filter del 1999.,[],1,"[""Europa""]",2000,Eidetic,Sony Computer Entertainment
689,Syphon Filter,"[""PS1""]","[""Azione"", ""Avventura""]","Syphon Filter è un videogioco di azione e avventura sviluppato da Eidetic e pubblicato da Sony Computer Entertainment per PlayStation nel 1999. Il gioco segue le avventure di Gabe Logan, un agente speciale della fictiva agenzia governativa Omega Force, mentre indaga su un pericoloso virus biologico noto come Syphon Filter.",[],1,"[""Europa""]",1999,Eidetic,Sony Computer Entertainment
690,Syndicate Wars,"[""PS1""]","[""Sparatutto"", ""Azione""]",Syndicate Wars è un videogioco di strategia in tempo reale sviluppato da Bullfrog Productions e pubblicato da Electronic Arts nel 1996 per PC e PlayStation.,[],1,"[""Europa""]",1996,Bullfrog Productions,Electronic Arts
691,Sydney 2000,"[""PS1""]","[""Sport""]","Sydney 2000 è un videogioco di simulazione sportiva ambientato nelle Olimpiadi di Sydney del 2000. Il gioco permette di partecipare a diverse discipline olimpiche come atletica, nuoto, ginnastica e altro.",[],1,"[""Europa""]",2000,,
693,Swing,"[""PS1""]","[""Puzzle""]",Swing è un gioco di puzzle per PlayStation 1 in cui il giocatore deve guidare un personaggio attraverso una serie di livelli pieni di ostacoli e sfide. Il giocatore deve utilizzare la fisica del gioco per far oscillare il personaggio e superare gli ostacoli.,[],1,"[""Europa""]",1998,,
694,Swagman,"[""PS1""]","[""Piattaforma""]",Swagman è un gioco di piattaforme per PlayStation 1 ambientato in un mondo colorato e stravagante. Il giocatore controlla un personaggio chiamato Swagman che deve affrontare vari ostacoli e nemici per raggiungere l'obiettivo di ogni livello.,[],1,"[""Europa""]",1998,,
695,Sven-Göran Eriksson World Manager,"[""PS1""]","[""Sport""]","Sven-Göran Eriksson World Manager è un videogioco di calcio pubblicato per PlayStation 1 nel 1998. Il gioco permette di gestire una squadra di calcio a livello internazionale, assumendo il ruolo di allenatore.","[""Inglese""]",1,"[""Europa""]",1998,,
696,Sven-Göran Eriksson's World Challenge,"[""PS1""]","[""Sport""]",Sven-Göran Eriksson's World Challenge è un videogioco di calcio pubblicato nel 1998 per PlayStation. Il gioco è incentrato sulla carriera del famoso allenatore svedese Sven-Göran Eriksson e permette ai giocatori di gestire una squadra nazionale durante una competizione internazionale.,[],1,"[""Europa""]",1998,,
697,Suzuki Alstare Challenge,"[""PS1""]","[""Guida""]",Suzuki Alstare Challenge è un videogioco di corse motociclistiche sviluppato e pubblicato da Acclaim Entertainment per PlayStation nel 1998.,[],1,"[""Europa""]",1998,Acclaim Entertainment,Acclaim Entertainment
698,Surf Riders,"[""PS1""]","[""Sport""]","Surf Riders è un videogioco di surf pubblicato per PlayStation nel 1998. Il gioco permette ai giocatori di cimentarsi in gare di surf in diverse località, affrontando varie sfide e condizioni metereologiche.",[],1,"[""Europa""]",1998,,
701,Superbike Masters,"[""PS1""]","[""Guida""]",Superbike Masters è un videogioco di corse di motociclette ambientato nel campionato Superbike.,[],1,"[""Europa""]",,,
702,EA Sports Supercross 2000,"[""PS1""]","[""Guida""]",EA Sports Supercross 2000 è un videogioco di corse di motocross pubblicato nel 2000 per PlayStation 1.,[],1,"[""Europa""]",2000,,
704,Superbike 2000,"[""PS1""]","[""Guida""]",EA Sports Superbike 2000 è un videogioco di corse di motociclette sviluppato e pubblicato da EA Sports per PlayStation nel 2000.,[],1,"[""Europa""]",2000,EA Sports,EA Sports
706,Super Puzzle Fighter II Turbo,"[""PS1""]","[""Puzzle""]","Super Puzzle Fighter II Turbo è un videogioco di puzzle del 1996 sviluppato e pubblicato da Capcom. È uno spin-off della serie Street Fighter, con personaggi e ambientazioni tratti da essa. Il gioco combina elementi di puzzle game e picchiaduro, dove i giocatori devono far cadere blocchi colorati per attaccare l'avversario.",[],1,"[""Europa""]",1996,Capcom,Capcom
707,Super Pang Collection,"[""PS1""]","[""Puzzle""]",Super Pang Collection è una raccolta di giochi di puzzle arcade in cui il giocatore deve sparare a delle bolle per farle scoppiare. Il gioco richiede abilità e rapidità di riflessi per superare i vari livelli.,[],1,"[""Europa""]",,,
708,Super Match Soccer,"[""PS1""]","[""Sport""]",aROMa,[],1,"[""Europa""]",1998,,
709,Super Football Champ,"[""PS1""]","[""Sport""]",Super Football Champ è un videogioco di calcio pubblicato per PlayStation nel 1997. Il gioco offre un'esperienza di gioco arcade con partite veloci e divertenti.,[],1,"[""Europa""]",1997,,
711,Suikoden II,"[""PS1""]","[""Ruolo""]","Suikoden II è un gioco di ruolo giapponese sviluppato e pubblicato da Konami per PlayStation nel 1998. È il sequel di Suikoden, uscito nel 1995. Il gioco segue le avventure di un giovane guerriero che si ritrova coinvolto in una guerra civile nel regno di Jowston.","[""Inglese""]",1,"[""Europa""]",1998,Konami,Konami
712,Suikoden,"[""PS1""]","[""Ruolo""]",Suikoden è un gioco di ruolo giapponese sviluppato e pubblicato da Konami per PlayStation nel 1995. Il gioco è ambientato in un mondo fantasy e segue le vicende di un giovane protagonista che si ritrova coinvolto in una guerra civile.,"[""Italiano""]",1,"[""Europa""]",1995,Konami,Konami
714,Stuart Little 2,"[""PS1""]","[""Avventura""]","Sequel del film d'animazione Stuart Little, in cui il topolino protagonista si ritrova a vivere nuove avventure.",[],1,"[""Europa""]",2002,,
715,Strikers 1945 II,"[""PS1""]","[""Volo"", ""Azione"", ""Sparatutto"", ""Arcade""]",Strikers 1945 II è un gioco di volo e azione ambientato durante la Seconda Guerra Mondiale. Il giocatore controlla un aereo da combattimento e deve affrontare ondate di nemici e boss di fine livello.,[],1,"[""Europa""]",1997,,
716,Striker '96,"[""PS1""]","[""Sport""]",Gioco di calcio per PlayStation 1,[],1,"[""Europa""]",1996,,
718,Strider 2,"[""PS1""]","[""Picchiaduro"", ""Piattaforma""]",Strider 2 è un videogioco di genere picchiaduro e piattaforma sviluppato e pubblicato da Capcom nel 1999 per PlayStation.,[],1,"[""Europa""]",1999,Capcom,Capcom
719,Street Skater 2,"[""PS1""]","[""Guida""]","Sequel del popolare gioco di skateboard Street Skater, Street Skater 2 offre nuovi livelli, personaggi e modalità di gioco per gli amanti dello skateboard.",[],1,"[""Europa""]",1999,,
720,Street Skater,"[""PS1""]","[""Guida""]",Street Skater è un videogioco di skateboard pubblicato per PlayStation 1. Il gioco permette ai giocatori di esplorare diverse ambientazioni urbane e di eseguire trick e acrobazie con il proprio skater.,[],1,"[""Europa""]",1998,,
722,Dragon Ball Z: Idainaru Dragon Ball Densetsu,"[""PS1""]","[""Picchiaduro""]","Dragon Ball Z: Idainaru Dragon Ball Densetsu è un videogioco di combattimento basato sulla serie anime Dragon Ball Z, sviluppato e pubblicato da Bandai per PlayStation nel 1994 in Giappone.","[""Giapponese""]",0,"[""Giappone""]",1994,Bandai,Bandai
724,Street Fighter EX 2 Plus,"[""PS1""]","[""Picchiaduro""]",Street Fighter EX 2 Plus è un videogioco picchiaduro sviluppato da Arika e pubblicato da Capcom per PlayStation nel 1999. È il sequel di Street Fighter EX 2 e fa parte della serie Street Fighter.,[],1,"[""Europa""]",1999,Arika,Capcom
725,Street Fighter EX Plus Alpha,"[""PS1""]","[""Picchiaduro""]","Street Fighter EX Plus Alpha è un videogioco picchiaduro sviluppato da Arika e pubblicato da Capcom nel 1999 per PlayStation. È un seguito della serie Street Fighter EX, che introduce nuovi personaggi e migliorie al gameplay rispetto ai precedenti capitoli.",[],1,"[""Europa""]",1999,Arika,Capcom
726,Street Fighter Collection 2,"[""PS1""]","[""Picchiaduro""]",Raccolta di titoli della serie Street Fighter per PlayStation 1.,[],1,"[""Europa""]",,,
727,Street Fighter Collection,"[""PS1""]","[""Picchiaduro""]",Raccolta di classici titoli della serie Street Fighter,[],1,"[""Europa""]",1997,,
728,Street Fighter Alpha 3,"[""PS1""]","[""Picchiaduro""]","Street Fighter Alpha 3 è un videogioco picchiaduro sviluppato e pubblicato da Capcom nel 1998. È il terzo capitolo della serie Street Fighter Alpha e presenta un roster di 28 personaggi giocabili, tra cui molti veterani della serie e nuovi combattenti.",[],1,"[""Europa""]",1998,Capcom,Capcom
729,Street Fighter Alpha 2,"[""PS1""]","[""Picchiaduro""]",Street Fighter Alpha 2 è un videogioco picchiaduro sviluppato e pubblicato da Capcom nel 1996. È il sequel di Street Fighter Alpha: Warriors' Dreams e fa parte della serie Street Fighter.,[],1,"[""Europa""]",1996,Capcom,Capcom
730,Street Fighter Alpha - Warriors' Dreams,"[""PS1""]","[""Picchiaduro""]",Street Fighter Alpha - Warriors' Dreams è un videogioco picchiaduro sviluppato e pubblicato da Capcom nel 1995 per PlayStation. È il quarto capitolo della serie Street Fighter e il primo della serie Alpha.,[],1,"[""Europa""]",1995,Capcom,Capcom
731,Street Fighter - The Movie,"[""PS1""]","[""Picchiaduro""]",Adattamento del film del 1994 basato sulla popolare serie di videogiochi picchiaduro Street Fighter.,[],1,"[""Europa""]",1995,,
736,Starfighter 3000,"[""PS1""]","[""Sparatutto""]",Starfighter 3000 è un gioco di combattimento spaziale per PlayStation 1. Il giocatore controlla una navicella spaziale e deve affrontare ondate di nemici in battaglie intense nello spazio.,[],1,"[""Europa""]",1996,,
737,Starblade Alpha,"[""PS1""]","[""Sparatutto""]",Starblade Alpha è un videogioco sparatutto per PlayStation ambientato nello spazio. Il giocatore controlla una navicella spaziale e deve affrontare ondate di nemici e ostacoli in un'ambientazione fantascientifica.,"[""Inglese""]",1,"[""Europa""]",1996,,
738,Star Wars - Rebel Assault II - The Hidden Empire,"[""PS1""]","[""Sparatutto""]","Sequel del popolare gioco di Star Wars Rebel Assault, Rebel Assault II - The Hidden Empire è un gioco di sparatutto in prima persona ambientato nell'universo di Star Wars. Il giocatore assume il ruolo di un pilota ribelle che deve affrontare missioni di combattimento aereo e spaziale contro l'Impero Galattico.",[],1,"[""Europa""]",1995,,
739,Star Wars - Episode I - La Minaccia Fantasma,"[""PS1""]","[""Azione"", ""Ruolo""]","Basato sul film omonimo, il gioco ti immerge nell'universo di Star Wars durante gli eventi de La Minaccia Fantasma. Vesti i panni di Qui-Gon Jinn, Obi-Wan Kenobi e Anakin Skywalker mentre affrontano le forze del male e scoprono il destino della galassia.",[],1,"[""Europa""]",1999,,
740,Star Wars Episode I - Jedi Power Battles,"[""PS1""]","[""Azione"", ""Ruolo""]","Star Wars Episode I - Jedi Power Battles è un videogioco di azione e ruolo ambientato nell'universo di Star Wars, basato sul film Star Wars: Episodio I - La minaccia fantasma.",[],1,"[""Europa""]",1999,,
741,Star Wars - Demolition,"[""PS1""]","[""Sparatutto""]","Star Wars - Demolition è un videogioco sparatutto ambientato nell'universo di Star Wars, sviluppato da Lucasarts e pubblicato nel 2000 per PlayStation.","[""Inglese""]",0,"[""Europa""]",2000,Lucasarts,
742,Star Wars - Dark Forces,"[""PS1""]","[""Sparatutto""]","Dark Forces è un videogioco sparatutto in prima persona ambientato nell'universo di Star Wars. Il giocatore impersona Kyle Katarn, un ex soldato imperiale che si unisce alla Ribellione per combattere l'Impero Galattico.",[],1,"[""Europa""]",1995,,
743,Star Trek - Invasion,"[""PS1""]","[""Sparatutto""]","Gioco di azione ambientato nell'universo di Star Trek, in cui i giocatori devono affrontare invasioni aliene e missioni di salvataggio.","[""Inglese""]",0,"[""Europa""]",1998,,
746,Star Ocean: The Second Story,"[""PS1""]","[""Ruolo""]",Star Ocean: The Second Story è un gioco di ruolo giapponese sviluppato da tri-Ace e pubblicato da Enix per PlayStation nel 1998. È il secondo capitolo della serie Star Ocean e il primo ad essere pubblicato fuori dal Giappone.,"[""Inglese""]",0,"[""Europa""]",1998,tri-Ace,Enix
747,Star Gladiator - Episode 1 - Final Crusade,"[""PS1""]","[""Picchiaduro""]",Gioco di combattimento in stile picchiaduro ambientato nell'antica Roma.,"[""Inglese""]",1,"[""Europa""]",1995,,
748,Spyro - Year of the Dragon,"[""PS1""]","[""Avventura""]","Spyro - Year of the Dragon è il terzo capitolo della serie di videogiochi Spyro the Dragon, sviluppato da Insomniac Games e pubblicato da Sony Computer Entertainment per PlayStation nel 2000. Il gioco segue le avventure del draghetto viola Spyro, che deve salvare le uova di drago rubate da un gruppo di ladri.",[],1,"[""Europa""]",2000,Insomniac Games,Sony Computer Entertainment
749,Spyro 2 - Gateway to Glimmer,"[""PS1""]","[""Avventura""]","Spyro 2 - Gateway to Glimmer è un videogioco di avventura pubblicato nel 1999 per PlayStation. È il secondo capitolo della serie Spyro the Dragon, sviluppato da Insomniac Games e pubblicato da Sony Computer Entertainment.",[],1,"[""Europa""]",1999,Insomniac Games,Sony Computer Entertainment
750,Spyro the Dragon,"[""PS1""]","[""Avventura""]","Spyro the Dragon è un videogioco di avventura e piattaforme sviluppato da Insomniac Games e pubblicato da Sony Computer Entertainment per PlayStation nel 1998. Il giocatore controlla Spyro, un piccolo drago viola, che deve recuperare i suoi tesori e liberare i suoi compagni draghi dalle grinfie del malvagio Gnasty Gnorc.",[],1,"[""Europa""]",1998,Insomniac Games,Sony Computer Entertainment
751,Sportweek Player Manager 2001,"[""PS1""]","[""Sport"", ""Strategia""]",Gestisci la tua squadra di calcio in questo gioco di simulazione sportiva.,[],1,"[""Europa""]",2001,,
752,Sportweek Player Manager 2000,"[""PS1""]","[""Sport"", ""Strategia""]",Gestisci la tua squadra di calcio in questo gioco di simulazione sportiva.,"[""Inglese""]",0,"[""Europa""]",2000,,
753,Superbike 2,"[""PS1""]","[""Guida""]",Superbike 2 è un videogioco di corse di motociclette pubblicato nel 1997 per PlayStation. Il gioco permette di gareggiare con le moto della Superbike World Championship.,[],1,"[""Europa""]",1997,,
756,SpongeBob SquarePants - SuperSponge,"[""PS1""]","[""Piattaforma""]",Gioco di piattaforme basato sulla serie animata SpongeBob SquarePants.,[],1,"[""Europa""]",2001,,
758,Spider-Man 2 - Enter Electro,"[""PS1""]","[""Avventura"", ""Azione"", ""Picchiaduro""]",Continua le avventure di Spider-Man in questo sequel del popolare gioco per PlayStation.,"[""Inglese""]",0,"[""Europa""]",2001,,
759,Spider-Man,"[""PS1""]","[""Avventura"", ""Azione"", ""Picchiaduro""]","Spider-Man è un videogioco di azione e avventura basato sul personaggio dei fumetti Marvel Comics, Spider-Man. Il gioco è stato sviluppato da Neversoft e pubblicato da Activision nel 1999 per PlayStation.",[],1,"[""Europa""]",1999,Neversoft,Activision
760,Spice World,"[""PS1""]","[""Musicale""]","Basato sulla popolare band Spice Girls, Spice World è un videogioco musicale per PlayStation 1 che permette ai giocatori di interagire con le cinque cantanti e partecipare alle loro avventure.",[],1,"[""Europa""]",1997,,
762,Speedball 2100,"[""PS1""]","[""Sport""]",Speedball 2100 è un videogioco sportivo futuristico sviluppato e pubblicato da The Bitmap Brothers nel 1994 per PlayStation.,[],1,"[""Europa""]",1994,The Bitmap Brothers,The Bitmap Brothers
763,Speed Freaks,"[""PS1""]","[""Guida""]",Gioco di corse automobilistiche per PlayStation 1,[],1,"[""Europa""]",1999,,
765,Spec Ops - Ranger Elite,"[""PS1""]","[""Sparatutto""]",Spec Ops: Ranger Elite è un videogioco sparatutto in prima persona sviluppato da Zombie Studios e pubblicato da Take-Two Interactive per PlayStation nel 1998.,[],1,"[""Europa""]",1998,Zombie Studios,Take-Two Interactive
768,Spawn The Eternal,"[""PS1""]","[""Azione"", ""Picchiaduro""]","Spawn The Eternal è un videogioco di azione e picchiaduro ambientato nell'universo di Spawn, il celebre personaggio dei fumetti creato da Todd McFarlane.",[],1,"[""Europa""]",1997,,
770,Space Jam,"[""PS1""]","[""Sport""]",Space Jam è un videogioco sportivo basato sull'omonimo film del 1996 che vede protagonisti i Looney Tunes e il giocatore di basket Michael Jordan. Il gioco permette di giocare partite di basket contro avversari controllati dal computer o in modalità multiplayer.,[],1,"[""Europa""]",1996,,
771,Space Invaders,"[""PS1""]","[""Sparatutto""]",Space Invaders è un classico gioco arcade in cui il giocatore controlla una navicella spaziale che deve difendersi dall'invasione di alieni.,[],1,"[""Europa""]",1978,,
774,Soviet Strike,"[""PS1""]","[""Sparatutto""]",Soviet Strike è un videogioco di simulazione di elicotteri d'attacco ambientato durante la Guerra Fredda. Il giocatore controlla un elicottero d'attacco e deve completare missioni in vari scenari ambientati nell'Unione Sovietica e in altri paesi del blocco comunista.,"[""Inglese""]",0,"[""Europa""]",1996,,
775,South Park Rally,"[""PS1""]","[""Guida""]",South Park Rally è un videogioco di guida basato sulla serie animata South Park. Il gioco permette ai giocatori di gareggiare con i personaggi della serie in vari circuiti ambientati nell'universo di South Park.,[],1,"[""Europa""]",1999,,
776,South Park - Chef's Luv Shack,"[""PS1""]","[""Party"", ""Guida"", ""Simulazione""]","Un gioco di party game ambientato nell'universo di South Park, in cui i giocatori possono partecipare a mini-giochi e attività varie.","[""Inglese""]",0,"[""Europa""]",1999,,
777,South Park,"[""PS1""]","[""Party"", ""Sparatutto""]",South Park è un videogioco di genere party e sparatutto basato sulla serie animata omonima. Il gioco permette ai giocatori di esplorare l'iconico ambiente di South Park e partecipare a vari mini-giochi e attività multiplayer.,[],1,"[""Europa""]",1998,,
778,Soul Blade,"[""PS1""]","[""Picchiaduro""]",Soul Blade è un picchiaduro in stile 3D sviluppato e pubblicato da Namco nel 1995. È il primo capitolo della serie Soul Calibur.,[],1,"[""Europa""]",1995,Namco,Namco
780,Sonic Wings Special,"[""PS1""]","[""Sparatutto""]","Sonic Wings Special è un gioco di sparatutto per PlayStation 1. È un titolo della serie Sonic Wings, noto anche come Aero Fighters in Occidente.",[],1,"[""Europa""]",1997,,
782,Soccer '97,"[""PS1""]","[""Sport""]","Soccer '97 è un videogioco di calcio pubblicato nel 1997 per PlayStation. Il gioco offre una simulazione realistica del gioco del calcio, con diverse modalità di gioco e opzioni di personalizzazione.",[],1,"[""Europa""]",1997,,
784,Snow Racer '98,"[""PS1""]","[""Sport""]","Snow Racer '98 è un gioco di corse sulla neve per PlayStation 1. Il gioco offre diverse modalità di gioco, tra cui gare singole e campionati, e permette di scegliere tra diversi personaggi e veicoli da utilizzare nelle piste innevate.",[],1,"[""Europa""]",1998,,
785,SnoCross Championship Racing,"[""PS1""]","[""Sport"", ""Guida""]",Gioco di corse su motoslitte da neve (SnoCross) per PlayStation 1.,[],1,"[""Europa""]",,,
787,Small Soldiers,"[""PS1""]","[""Sparatutto"", ""Azione"", ""Avventura""]","Small Soldiers è un videogioco d'azione e avventura ambientato nell'universo del film omonimo. Il giocatore controlla uno dei personaggi del film, impegnato in battaglie contro le forze nemiche.",[],1,"[""Europa""]",1998,,
790,Slam'N'Jam '96 Featuring Magic & Kareem,"[""PS1""]","[""Sport""]",Slam'N'Jam '96 Featuring Magic & Kareem è un videogioco di basket pubblicato nel 1996 per PlayStation. Il gioco presenta le leggende del basket Magic Johnson e Kareem Abdul-Jabbar come protagonisti.,"[""Inglese""]",0,"[""Europa""]",1996,,
792,Skullmonkeys,"[""PS1""]","[""Piattaforma""]","Skullmonkeys è un videogioco di piattaforme sviluppato da The Neverhood, LLC e pubblicato da THQ per PlayStation nel 1997.","[""Inglese""]",0,"[""Europa""]",1997,The Neverhood,THQ
793,Ski Air Mix,"[""PS1""]","[""Sport""]","Ski Air Mix è un gioco di sport invernali per PlayStation 1. Il gioco permette ai giocatori di partecipare a diverse discipline sciistiche, come salti con gli sci e gare di slalom.",[],1,"[""Europa""]",1998,,
794,Skeleton Warriors,"[""PS1""]","[""Sparatutto"", ""Arcade""]",Skeleton Warriors è un gioco d'azione e sparatutto ambientato in un mondo fantasy oscuro e inquietante. I giocatori impersonano guerrieri scheletrici che combattono contro orde di nemici soprannaturali.,"[""Inglese""]",1,"[""Europa""]",1995,,
796,The Simpsons Wrestling,"[""PS1""]","[""Wrestling""]",Il gioco di wrestling basato sulla famosa serie animata The Simpsons.,[],1,"[""Europa""]",1994,,
797,SimCity 2000,"[""PS1""]","[""Strategia""]","SimCity 2000 è un videogioco di simulazione urbana sviluppato da Maxis e pubblicato da Electronic Arts nel 1993. Il gioco permette ai giocatori di costruire e gestire una città virtuale, occupandosi di aspetti come la pianificazione urbanistica, l'economia, i servizi pubblici e la gestione delle emergenze.",[],1,"[""Europa""]",1993,Maxis,Electronic Arts
800,Silent Bomber,"[""PS1""]","[""Sparatutto"", ""Ruolo""]",Silent Bomber è un videogioco di azione e ruolo sviluppato da Artdink e pubblicato da Bandai per PlayStation nel 1999. Il gioco mette il giocatore nei panni di un agente segreto che deve infiltrarsi in varie strutture nemiche e utilizzare esplosivi per completare le missioni.,"[""Inglese""]",1,"[""Europa""]",1999,Artdink,Bandai
801,Shrek - Treasure Hunt,"[""PS1""]","[""Piattaforma"", ""Party""]","Shrek - Treasure Hunt è un videogioco per PlayStation 1 ambientato nell'universo di Shrek. Il gioco è un titolo di genere piattaforma e party game, in cui i giocatori devono collaborare per completare vari minigiochi e sfide.",[],1,"[""Europa""]",2001,,
803,Shockwave Assault,"[""PS1""]","[""Sparatutto""]",Shockwave Assault è un videogioco sparatutto sviluppato da Rage Software e pubblicato da Acclaim Entertainment per PlayStation nel 1996.,[],1,"[""Europa""]",1996,Rage Software,Acclaim Entertainment
808,Shane Warne Cricket '99,"[""PS1""]","[""Sport""]",Shane Warne Cricket '99 è un videogioco di cricket sviluppato e pubblicato per PlayStation nel 1999. Il gioco presenta il famoso giocatore di cricket australiano Shane Warne come protagonista.,[],1,"[""Australia""]",1999,,
810,Shadow Man,"[""PS1""]","[""Avventura""]","Shadow Man è un videogioco di avventura e azione sviluppato da Acclaim Studios e pubblicato da Acclaim Entertainment per PlayStation, Nintendo 64, Dreamcast e Microsoft Windows nel 1999. Il gioco segue le avventure di Michael LeRoi, un uomo che possiede poteri soprannaturali e che deve affrontare le forze del male per salvare il mondo.",[],1,"[""Europa""]",1999,Acclaim Studios,Acclaim Entertainment
811,Shadow Madness,"[""PS1""]","[""Ruolo""]",Un gioco di ruolo ambientato in un mondo fantasy oscuro e inquietante.,[],1,"[""Europa""]",1998,,
814,Sesame Street - Elmo's Number Journey,"[""PS1""]","[""Party"", ""Guida""]","Sesame Street - Elmo's Number Journey è un gioco per PlayStation 1 che permette ai giocatori di esplorare il mondo di Sesame Street insieme a Elmo e i suoi amici. Il gioco combina elementi di party game e di guida, offrendo un'esperienza divertente e interattiva per i fan di tutte le età.","[""Inglese""]",0,"[""Europa""]",,,
816,Sentinel Returns,"[""PS1""]","[""Strategia""]",Sentinel Returns è un videogioco di strategia in tempo reale sviluppato da Psygnosis e pubblicato nel 1998 per PlayStation. Il gioco si svolge in un futuro distopico in cui l'umanità è sotto il controllo di una razza aliena chiamata Sentinel. Il giocatore deve guidare una resistenza umana per liberare il pianeta dal dominio dei Sentinel.,[],1,"[""Europa""]",1998,Psygnosis,
817,Sensible Soccer,"[""PS1""]","[""Sport""]","Sensible Soccer è un videogioco di calcio sviluppato dalla Sensible Software e pubblicato nel 1992 per Amiga, Atari ST e MS-DOS. È considerato uno dei migliori e più influenti videogiochi di calcio di tutti i tempi.",[],1,"[""Europa""]",1992,Sensible Software,
820,Scooby-Doo & The Cyber Chase,"[""PS1""]","[""Avventura""]","Scooby-Doo & The Cyber Chase è un videogioco di avventura basato sulla serie animata Scooby-Doo. Il gioco segue la Scooby Gang mentre esplora un mondo virtuale per salvare Scrappy-Doo, intrappolato all'interno di un videogioco.","[""Inglese""]",0,"[""Europa""]",2001,,
823,San Francisco Rush Extreme Racing,"[""PS1""]","[""Guida""]",San Francisco Rush Extreme Racing è un videogioco di corse automobilistiche sviluppato da Midway Games e pubblicato nel 1996 per PlayStation.,[],1,"[""Europa""]",1996,Midway Games,
824,Samurai Shodown III,"[""PS1""]","[""Picchiaduro"", ""Arcade""]",Samurai Shodown III è un picchiaduro ambientato in un'epoca feudale giapponese. I giocatori possono scegliere tra una varietà di personaggi samurai e combattere in epiche battaglie all'ultimo sangue.,[],1,"[""Europa""]",1995,,
825,Sampras Extreme Tennis,"[""PS1""]","[""Sport""]","Sampras Extreme Tennis è un videogioco di tennis pubblicato nel 1997 per PlayStation. Il gioco presenta il tennista professionista Pete Sampras come protagonista e offre diverse modalità di gioco, tra cui partite singole, tornei e allenamento.",[],1,"[""Europa""]",1997,,
827,Saga Frontier 2,"[""PS1""]","[""Ruolo""]","Saga Frontier 2 è un gioco di ruolo giapponese sviluppato e pubblicato da Square per PlayStation nel 1999. È il sequel di Saga Frontier, uscito l'anno precedente.","[""Inglese""]",0,"[""Europa""]",1999,Square,Square
830,Saban's Power Rangers Time Force,"[""PS1""]","[""Azione""]",Saban's Power Rangers Time Force è un videogioco di azione basato sulla serie televisiva Power Rangers Time Force. Il gioco permette ai giocatori di vestire i panni dei Power Rangers e combattere contro i nemici della serie.,"[""Inglese""]",0,"[""Europa""]",2001,,
831,Saban's Power Rangers - Lightspeed Rescue,"[""PS1""]","[""Azione""]",Saban's Power Rangers - Lightspeed Rescue è un videogioco di azione basato sulla serie televisiva Power Rangers Lightspeed Rescue.,"[""Inglese""]",0,"[""Europa""]",2000,,
834,Running Wild,"[""PS1""]","[""Guida""]",Running Wild è un gioco di guida per PlayStation 1 ambientato in un mondo selvaggio e avventuroso.,[],1,"[""Europa""]",1998,,
835,Runabout 2,"[""PS1""]","[""Guida""]","Runabout 2 è un videogioco di guida pubblicato nel 1999 per PlayStation. È il sequel di Runabout, uscito l'anno precedente.",[],1,"[""Europa""]",1999,,
836,Rugrats: Studio Tour,"[""PS1""]","[""Avventura"", ""Puzzle"", ""Party"", ""Guida""]",Rugrats: Studio Tour è un videogioco basato sulla serie animata Rugrats. Il gioco segue le avventure dei bambini protagonisti della serie mentre esplorano gli studi cinematografici.,[],1,"[""Europa""]",1999,,
837,Rugrats in Paris: The Movie,"[""PS1""]","[""Avventura"", ""Puzzle"", ""Party"", ""Guida""]","Basato sul film d'animazione Rugrats in Paris: The Movie, il gioco segue le avventure dei bambini Rugrats mentre esplorano Parigi.","[""Inglese""]",0,"[""Europa""]",2000,,
838,Rugrats - Alla Ricerca di Reptar,"[""PS1""]","[""Avventura"", ""Puzzle""]","Avventura e puzzle ambientata nell'universo di Rugrats, in cui i giocatori devono aiutare i bambini a trovare il loro amico Reptar.",[],1,"[""Europa""]",1998,,
839,R-Types,"[""PS1""]","[""Sparatutto"", ""Arcade""]",R-Types è un classico sparatutto a scorrimento orizzontale sviluppato da Irem e pubblicato originariamente per arcade nel 1987. Il giocatore controlla una navicella spaziale chiamata R-9 e deve affrontare ondate di nemici alieni e boss di fine livello.,[],1,"[""Europa""]",1987,Irem,
840,R-Type Delta,"[""PS1""]","[""Sparatutto"", ""Arcade""]",R-Type Delta è un videogioco sparatutto a scorrimento orizzontale sviluppato e pubblicato da Irem nel 1998 per PlayStation.,[],1,"[""Europa""]",1998,Irem,Irem
841,RTL Ski Springer 2002 mit Martin Schmitt,"[""PS1""]","[""Sport""]",Gioco di sci di salto con protagonista il campione Martin Schmitt.,[],1,"[""Europa""]",2002,,
842,Rox,"[""PS1""]","[""Puzzle""]",Rox è un gioco di puzzle per PlayStation 1 ambientato in un mondo colorato e astratto. Il giocatore deve risolvere enigmi e rompicapi per progredire attraverso i livelli.,[],1,"[""Europa""]",1998,,
843,"Roswell Conspiracies - Aliens, Myths & Legends","[""PS1""]","[""Spionaggio"", ""Avventura""]","Roswell Conspiracies - Aliens, Myths & Legends è un videogioco di genere spionaggio e avventura ambientato in un mondo in cui gli alieni vivono segretamente tra gli esseri umani. Il giocatore deve indagare su complotti e misteri legati agli extraterrestri.",[],1,"[""Europa""]",1999,,
845,Ronaldo V-Football,"[""PS1""]","[""Sport""]",Ronaldo V-Football è un videogioco di calcio sviluppato e pubblicato nel 1998 per PlayStation. Il gioco presenta il calciatore Ronaldo come protagonista e offre un'esperienza di gioco calcistico arcade.,[],1,"[""Europa""]",1998,,
846,Rollcage Stage II,"[""PS1""]","[""Guida""]",Rollcage Stage II è un videogioco di corse futuristiche sviluppato da Attention to Detail e pubblicato da Psygnosis nel 1999 per PlayStation.,[],1,"[""Europa""]",1999,Attention to Detail,Psygnosis
847,Rollcage,"[""PS1""]","[""Guida""]",Rollcage è un videogioco di corse futuristiche sviluppato da Attention to Detail e pubblicato da Psygnosis nel 1999 per PlayStation.,[],1,"[""Europa""]",1999,Attention to Detail,Psygnosis
848,Roland Garros French Open 2001,"[""PS1""]","[""Sport""]",Simulazione del torneo di tennis Roland Garros del 2001,[],1,"[""Europa""]",2001,,
849,Robotron X,"[""PS1""]","[""Sparatutto""]",Robotron X è un gioco di sparatutto in cui il giocatore controlla un robot che deve affrontare orde di nemici robotici. Il gioco offre un'azione frenetica e un'atmosfera cyberpunk.,[],1,"[""Europa""]",1998,,
851,Robo Pit,"[""PS1""]","[""Picchiaduro""]",Robo Pit è un videogioco picchiaduro per PlayStation 1 ambientato in un futuro distopico in cui i robot si affrontano in combattimenti all'ultimo sangue.,[],1,"[""Europa""]",1998,,
852,Robocod - James Pond II,"[""PS1""]","[""Azione""]","Robocod - James Pond II è un videogioco di azione pubblicato per PlayStation nel 1995. Il gioco segue le avventure di James Pond, un agente segreto sotto copertura che assume le sembianze di un pinguino.",[],1,"[""Europa""]",1995,,
854,Roadsters,"[""PS1""]","[""Guida""]","Roadsters è un gioco di corse automobilistiche per PlayStation 1. Il gioco offre diverse modalità di gioco, tra cui gare singole, campionato e modalità multiplayer.",[],1,"[""Europa""]",1998,,
855,Road Rash: Jailbreak,"[""PS1""]","[""Guida"", ""Azione""]",Road Rash: Jailbreak è un videogioco di guida e azione sviluppato da Electronic Arts e pubblicato nel 1998 per PlayStation.,"[""Inglese""]",0,"[""Europa""]",1998,Electronic Arts,
856,Road Rash 3D,"[""PS1""]","[""Guida"", ""Azione""]","Road Rash 3D è un gioco di guida e azione in cui i giocatori devono competere in corse motociclistiche illegali, utilizzando armi e attacchi corpo a corpo per superare gli avversari.",[],1,"[""Europa""]",1998,,
857,Road Rash,"[""PS1""]","[""Guida"", ""Azione""]","Road Rash è un videogioco di guida e azione in cui i giocatori gareggiano su motociclette in una serie di corse illegali, utilizzando armi e attacchi corpo a corpo per eliminare gli avversari.",[],1,"[""Europa""]",1991,,
859,Road & Tracks Presents - The Need for Speed,"[""PS1""]","[""Guida""]",Road & Tracks Presents - The Need for Speed è un videogioco di guida pubblicato per PlayStation nel 1994. È il primo capitolo della celebre serie Need for Speed.,"[""Inglese""]",1,"[""Europa""]",1994,,
860,Riven - The sequel to Myst,"[""PS1""]","[""Avventura""]","Riven è il sequel del celebre gioco di avventura Myst. Il giocatore si ritrova intrappolato nell'isola di Riven, un mondo misterioso e affascinante da esplorare attraverso enigmi e puzzle da risolvere.","[""Inglese""]",1,"[""Europa""]",1997,,
861,Rival Schools - United By Fate,"[""PS1""]","[""Picchiaduro"", ""Sport""]",Rival Schools: United by Fate è un videogioco picchiaduro sviluppato e pubblicato da Capcom per PlayStation nel 1997. Il gioco è ambientato in un universo condiviso con la serie Street Fighter e vede protagonisti studenti di diverse scuole che si affrontano in combattimenti.,[],1,"[""Europa""]",1997,Capcom,Capcom
862,Risk,"[""PS1""]","[""Strategia""]",Adattamento del celebre gioco da tavolo di conquista mondiale,[],1,"[""Europa""]",1999,,
863,Rising Zan - The Samurai Gunman,"[""PS1""]","[""Azione"", ""Sparatutto"", ""Avventura""]","Rising Zan - The Samurai Gunman è un videogioco di azione e avventura ambientato in un contesto storico giapponese, in cui il giocatore impersona un samurai armato di spada e pistola.",[],1,"[""Europa""]",1999,,
866,Ridge Racer Type 4,"[""PS1""]","[""Guida""]",Ridge Racer Type 4 è un videogioco di corse automobilistiche sviluppato e pubblicato da Namco per PlayStation nel 1998. È il quarto capitolo della serie Ridge Racer e il primo ad essere pubblicato per PlayStation.,[],1,"[""Europa""]",1998,Namco,Namco
867,Ridge Racer Revolution,"[""PS1""]","[""Guida""]",Ridge Racer Revolution è un videogioco di corse automobilistiche sviluppato e pubblicato da Namco per PlayStation nel 1996. È il terzo capitolo della serie Ridge Racer.,[],1,"[""Europa""]",1996,Namco,Namco
868,Ridge Racer,"[""PS1""]","[""Guida""]",Ridge Racer è un videogioco di corse automobilistiche sviluppato e pubblicato da Namco nel 1993 per PlayStation. È stato uno dei primi titoli di lancio per la console Sony e ha contribuito a definire il genere dei giochi di corse arcade.,[],1,"[""Europa""]",1993,Namco,Namco
870,Revolution X - Music Is the Weapon,"[""PS1""]","[""Musicale"", ""Sparatutto""]","Revolution X è un videogioco musicale e sparatutto pubblicato nel 1994 per PlayStation. Il giocatore controlla un agente segreto che deve salvare la band rock Aerosmith, rapita da un'organizzazione malvagia.","[""Inglese""]",0,"[""Europa""]",1994,,
871,Re-Volt,"[""PS1""]","[""Guida""]","Re-Volt è un videogioco di corse di auto radiocomandate sviluppato da Acclaim Studios Cheltenham e pubblicato da Acclaim Entertainment nel 1999 per PlayStation, Microsoft Windows, Dreamcast e Game Boy Color.",[],1,"[""Europa""]",1999,Acclaim Studios Cheltenham,Acclaim Entertainment
875,Renegade Racers,"[""PS1""]","[""Guida""]",Renegade Racers è un gioco di corse automobilistiche per PlayStation 1. I giocatori possono scegliere tra diversi veicoli e partecipare a gare in vari circuiti.,[],1,"[""Europa""]",1998,,
880,Real Bout Fatal Fury,"[""PS1""]","[""Picchiaduro""]","Gioco di combattimento della serie Fatal Fury, sviluppato e pubblicato da SNK per PlayStation nel 1995.",[],1,"[""Europa""]",1995,SNK,SNK
881,Ready 2 Rumble Boxing - Round 2,"[""PS1""]","[""Picchiaduro"", ""Sport""]","Ready 2 Rumble Boxing - Round 2 è un videogioco di picchiaduro e sport per PlayStation 1, sviluppato da Midway Games e pubblicato nel 1999.",[],1,"[""Europa""]",1999,Midway Games,
882,Ready 2 Rumble Boxing,"[""PS1""]","[""Picchiaduro"", ""Sport""]",Gioco di picchiaduro sportivo ambientato nel mondo del pugilato.,[],1,"[""Europa""]",1999,,
886,Raystorm,"[""PS1""]","[""Volo"", ""Sparatutto""]",Raystorm è un videogioco di genere shoot 'em up sviluppato da Taito e pubblicato nel 1996 per PlayStation.,[],1,"[""Europa""]",1996,Taito,
887,Rayman Rush,"[""PS1""]","[""Guida""]","Rayman Rush è un gioco di guida per PlayStation 1 ambientato nel mondo di Rayman. Il giocatore controlla Rayman mentre guida attraverso vari livelli, evitando ostacoli e raccogliendo power-up.",[],1,"[""Europa""]",1999,,
888,Rayman Junior - Level 3,"[""PS1""]","[""Piattaforma"", ""Avventura""]",Rayman Junior - Level 3è un gioco di piattaforme e avventura per PlayStation 1.,[],1,"[""Europa""]",,,
889,Rayman Junior Level 2,"[""PS1""]","[""Piattaforma"", ""Avventura""]",Rayman Junior Level 2 è un gioco di piattaforme e avventura per PlayStation 1.,[],1,"[""Europa""]",,,
890,Rayman Junior Level 1,"[""PS1""]","[""Piattaforma"", ""Avventura""]",Rayman Junior Level 1 è un gioco di piattaforme e avventura per PlayStation 1.,[],1,"[""Europa""]",,,
891,Rayman 2 - The Great Escape,"[""PS1""]","[""Piattaforma"", ""Azione"", ""Avventura""]",Rayman 2 - The Great Escape è un videogioco di genere platform sviluppato da Ubisoft e pubblicato nel 1999 per PlayStation.,[],1,"[""Europa""]",1999,Ubisoft,
892,Rayman,"[""PS1""]","[""Piattaforma"", ""Azione"", ""Avventura""]","Rayman è un videogioco di piattaforme sviluppato da Ubisoft e pubblicato nel 1995 per PlayStation. Il gioco segue le avventure di Rayman, un personaggio senza arti che deve salvare il suo mondo da una minaccia oscura.",[],1,"[""Europa""]",1995,Ubisoft,
893,Raycrisis,"[""PS1""]","[""Volo"", ""Sparatutto""]",Raycrisis è un videogioco di genere sparatutto a scorrimento verticale sviluppato da Taito e pubblicato nel 1999 per PlayStation.,[],1,"[""Europa""]",1999,Taito,
900,Rampage 2 - Universal Tour,"[""PS1""]","[""Azione""]",Rampage 2 - Universal Tour è un videogioco di azione sviluppato e pubblicato da Midway Games nel 1999 per PlayStation.,[],1,"[""Europa""]",1999,Midway Games,Midway Games
901,Rampage World Tour,"[""PS1""]","[""Azione""]","Rampage World Tour è un videogioco di azione in cui i giocatori controllano uno dei tre mostri giganti - George, Lizzie o Ralph - che distruggono città in tutto il mondo.",[],1,"[""Europa""]",1997,,
902,Rampage Through Time,"[""PS1""]","[""Azione""]","Rampage Through Time è un videogioco d'azione sviluppato e pubblicato da Midway Games per PlayStation nel 1997. Il gioco è ambientato in diverse epoche storiche e permette al giocatore di controllare uno dei tre mostri giganti - George, Lizzie o Ralph - mentre distruggono città e affrontano nemici.","[""Inglese""]",0,"[""Europa""]",1997,Midway Games,Midway Games
904,Rally Cross,"[""PS1""]","[""Guida""]","Rally Cross è un videogioco di corse automobilistiche per PlayStation, sviluppato e pubblicato da Sony Computer Entertainment nel 1997.",[],1,"[""Europa""]",1997,Sony Computer Entertainment,Sony Computer Entertainment
905,Railroad Tycoon II,"[""PC""]","[""Simulazione"", ""Strategia""]","Railroad Tycoon II è un videogioco di simulazione e strategia ambientato nel mondo delle ferrovie. Il giocatore assume il ruolo di un imprenditore ferroviario, con l'obiettivo di costruire e gestire una rete ferroviaria di successo, trasportando passeggeri e merci per massimizzare i profitti.","[""Inglese""]",1,"[""Europa""]",1998,,
906,"Raiden Project, The","[""PS1""]","[""Volo"", ""Sparatutto""]",Gioco di volo e sparatutto ambientato in un futuro distopico.,[],1,"[""Europa""]",1990,,
908,Rageball,"[""PS1""]","[""Sport""]","Rageball è un gioco sportivo per PlayStation 1 ambientato in un futuro distopico. I giocatori devono competere in partite di palla a mano in arene futuristiche, utilizzando abilità e strategie per segnare più punti degli avversari.",[],1,"[""Europa""]",1998,,
909,Rage Racer,"[""PS1""]","[""Guida""]",Rage Racer è un videogioco di corse automobilistiche sviluppato e pubblicato da Namco per PlayStation nel 1995. Il gioco fa parte della serie Ridge Racer.,[],1,"[""Europa""]",1995,Namco,Namco
913,Quake II,"[""PS1""]","[""Sparatutto""]",Quake II è un videogioco sparatutto in prima persona sviluppato da id Software e pubblicato nel 1997. È il sequel di Quake ed è ambientato in un futuro distopico in cui il giocatore deve affrontare un'invasione aliena.,[],1,"[""Europa""]",1997,id Software,
914,Q*Bert,"[""PS1""]","[""Puzzle""]","Q*Bert è un classico videogioco arcade degli anni '80 in cui il giocatore controlla un personaggio a forma di cubo che deve saltare su cubi colorati per cambiarli tutti dello stesso colore, evitando allo stesso tempo nemici e pericoli.",[],1,"[""Europa""]",1982,,
916,Puzznic,"[""PS1""]","[""Puzzle""]","Puzznic è un videogioco di puzzle sviluppato e pubblicato da Taito nel 1989. Il gioco richiede al giocatore di spostare e ruotare blocchi per formare linee orizzontali o verticali di almeno tre blocchi dello stesso colore, facendoli scomparire.",[],1,"[""Europa""]",1989,Taito,Taito
917,Puma Street Soccer,"[""PS1""]","[""Sport""]",aROMa,[],1,"[""Europa""]",1998,,
918,Puchi Carat,"[""PS1""]","[""Puzzle""]","Puchi Carat è un videogioco di puzzle sviluppato da Compile e pubblicato da Sega per PlayStation nel 1997. Il gioco presenta un gameplay simile a Tetris, in cui il giocatore deve far cadere e allineare blocchi colorati per formare linee orizzontali.",[],1,"[""Europa""]",1997,Compile,Sega
919,OnlyFuck – Ruru's Adventures,"[""PC""]","[""Hot""]",Ruru vuole fare soldi e divertirsi allo stesso tempo! Unisciti a lei in questa simulazione della popolarissima piattaforma OF!,"[""Inglese""]",0,"[""Europa""]",,,
920,Mafia: Sex Noir,"[""PC""]","[""Visual novel""]","Mafia: Sex Noir è un gioco di visual novel con scene di sesso animate Live2D. Racconta una vera storia di backgroud senza censura sulla famiglia Guidice, i loro affari e gli affari personali. Segui Havier e la sua famiglia mafiosa in questo viaggio!","[""Inglese""]",0,"[""Europa""]",,,
921,Trasferirsi nel quartiere sbagliato,"[""PC""]","[""Hot""]","Questo gioco ti immerge in un'avventura intrigante e sensuale, dove dovrai navigare attraverso le sfide e le tentazioni di un quartiere sconosciuto. Preparati a esplorare nuovi orizzonti e a scoprire lati di te stesso che non conoscevi.","[""Inglese""]",0,"[""Europa""]",,,
922,Shut Up and Dance,"[""PC""]","[""Hot""]",aROMa,"[""Inglese""]",0,"[""Europa""]",,,
923,A mother's love,"[""PC""]","[""Hot""]",Aroma,"[""Inglese""]",0,"[""Europa""]",,,
924,"Mind society, The","[""PC"", ""Android""]","[""Hot""]",Aroma,"[""Inglese""]",0,"[""Europa""]",,,
925,Wifeys Dilemma,"[""PC""]","[""Hot""]",Aroma,"[""Inglese""]",0,"[""Europa""]",,,
926,Girl House,"[""PC"", ""Android""]","[""Hot""]",Girl House è un gioco di avventura e simulazione incentrato su tematiche per adulti.,"[""Inglese""]",0,"[""Europa""]",,,
927,Leisure Suit Larry – Wet Dreams Dry Twice,"[""PC""]","[""Avventura"", ""Hot""]",Leisure Suit Larry – Wet Dreams Dry Twice è un gioco di avventura per PC con contenuti per adulti.,"[""Inglese""]",0,"[""Europa""]",,,
928,Leisure Suit Larry,"[""PS2""]","[""Avventura"", ""Hot""]",Larry Leisure Suit è un gioco di avventura con contenuti per adulti.,"[""Inglese""]",0,"[""Europa""]",,,
929,BMX XXX,"[""PS2""]","[""Sport"", ""Hot""]",aROMa,"[""Inglese""]",0,"[""Europa""]",,,
931,Strip Poker: A Sizzling Game of Chance,"[""PC""]","[""Hot""]",Un gioco di poker a strip con una componente di fortuna e rischio,"[""Inglese""]",0,"[""USA""]",,,
932,Girls Playnime,"[""PS1""]","[""Hot""]",aROMa,"[""Inglese""]",0,"[""USA""]",,,
933,Sunbay City,"[""PC""]","[""Hot""]","Menu cheat: la combinazione specifica del menu cheat può essere modificata in qualsiasi momento. Per ottenere i migliori risultati, usalo quando sei fuori e non in un edificio. Premi i tasti ALT + CTRL + Z","[""Inglese""]",0,"[""USA""]",,,
934,Bulma Adventure3,"[""PC""]","[""Avventura""]",aROMa,"[""Inglese""]",0,"[""Europa""]",,,
935,White Day: A Labyrinth Named School,"[""PC""]","[""Horror"", ""Simulazione"", ""Azione""]","Gioco preinstallato. Avvertenze: Recarsi nel file di configurazione denominato: ""Steam_emu.ini"" e cambiare le righe come segue: Language=english in italian, Offline=0 in 1, DLCUnlockall=0 in 1.","[""Italiano"", ""Inglese""]",0,"[""Europa""]",,,
936,Five Nights At Freddy's 2 Lite,"[""PSP""]","[""Horror"", ""Avventura""]","La versione Lite di Five Nights at Freddy's 2 arriva su console PSP e PlayStation Vita. L'avventura horror in prima persona vede il giocatore tornare a lavorare nel più famoso Freddy Fazbear's Pizza, dove dei simpatici robot intrattengono i bambini duranti i pasti.","[""Inglese""]",0,"[""USA""]",,,
937,Un'altra principessa nel nostro castello DEMO,"[""PC""]","[""Horror"", ""Avventura""]","Sebbene il gioco non sia ancora completo, CM9 ha promesso che la demo alla fine sarà trasformata in un gioco completo. Per ora, puoi giocare tu stesso alla demo. Questa è un'esperienza horror ispirata a Super Mario 64. Al momento è solo una demo, ma ho intenzione di farne un gioco completo.","[""Inglese""]",0,"[""Europa""]",,,
938,Hungry Ghosts,"[""PS2""]","[""Azione"", ""Avventura"", ""Horror""]","Hungry Ghosts è un videogioco di genere azione-avventura con elementi horror, sviluppato per PlayStation 2.","[""Giapponese""]",0,"[""Giappone""]",,,
939,Evil Dead: A Fistful of Boomstick,"[""PS2""]","[""Avventura"", ""Horror""]",Ritorna nell'universo di Evil Dead con questo gioco d'azione e avventura ambientato nel mondo di Ash Williams. Affronta orde di demoni e creature soprannaturali con il tuo fedele fucile a canne mozze.,"[""Inglese""]",0,"[""USA""]",,,
940,Hellnight,"[""PS1""]","[""Avventura"", ""Horror""]",Un gioco di avventura e horror ambientato in un'atmosfera inquietante e soprannaturale.,"[""Inglese""]",0,"[""Europa""]",,,
941,Alice Madness Returns The Complete Collection,"[""PC""]","[""Avventura"", ""Azione""]","Compatibile con Windows 10. Il gioco comprende anche (Alice1) American McGee Alice in lingua inglese. Dopo l'installazione quindi, avrete due cartelle Alice1 (American McGee Alice) e Alice2 (Alice Madness Returns).","[""Inglese""]",0,"[""Europa""]",,,
942,D,"[""PS1""]","[""Avventura"", ""Horror""]","D è un'avventura grafica horror completamente in CGI. Nel gioco impersoneremo una ragazza di nome Laura, il cui paparino è improvvisamente impazzito e ha iniziato a uccidere persone a destra e a manca. Gli enigmi non sono particolarmente difficili, ma per ragioni di trama il gioco DEVE essere completato in meno di due ore, pena il game over. Ah, e in più non ci sono salvataggi, perciò preparate i savestate (oppure fate come me e soffrite fino alla fine su hardware originale, la patch funziona benissimo anche lì).","[""Italiano"", ""Inglese""]",0,"[""USA""]",,,
944,OutRun 2006 Coast 2 Coast,"[""PSP""]","[""Auto""]","Ritornami solo un json con i dettagli precisi di qeusto gioco, semancanti cercali e aggiungili: titolo, piattaforma (es. ps1,ps2,gba,switch,pc,android...), genere, descrizione, limgua,regione,anno","[""Italiano""]",0,"[""Europa""]",,,
945,Secret Agent Clank,"[""PSP""]","[""Arcade"", ""Azione"", ""Avventura""]","Ritornami solo un json con i dettagli precisi di questo gioco, se mancanti cercali e aggiungili: titolo, piattaforma (es. ps1,ps2,gba,switch,pc,android...), genere, descrizione, lingua, regione, anno",[],1,"[""Europa""]",,,
946,Boxer's Road 2 - The Real,"[""PSP""]","[""Picchiaduro""]",Boxer's Road 2 - The Real è un videogioco di genere picchiaduro sviluppato per la console portatile PSP.,"[""Giapponese""]",0,"[""Giappone""]",,,
947,LEGO Star Wars III - The Clone Wars,"[""PSP""]","[""Azione"", ""Avventura""]","Ritornami solo un json con i dettagli precisi di qeusto gioco, semancanti cercali e aggiungili: titolo, piattaforma (es. ps1,ps2,gba,switch,pc,android...), genere, descrizione, limgua,regione,anno",[],1,"[""Europa""]",,,
948,Jissen Pachi-Slot Hisshouhou! Hokuto no Ken portable,"[""PSP""]","[""Party""]",Jissen Pachi-Slot Hisshouhou! Hokuto no Ken portable è un gioco per PSP che appartiene al genere Party.,"[""Giapponese""]",0,"[""Giappone""]",,,
949,Final Fantasy,"[""PSP""]","[""Strategia""]",aROMa,"[""Inglese""]",0,"[""Europa""]",,,
950,The Legend of Heroes: Ao no Kiseki,"[""PSP""]","[""Ruolo"", ""Azione""]",Ao no Kiseki è un gioco di ruolo d'azione sviluppato da Nihon Falcom e pubblicato per PlayStation Portable.,"[""Inglese"", ""Giapponese""]",0,"[""Europa"", ""Giappone""]",,Nihon Falcom,
951,The Legend of Heroes: Zero no Kiseki,"[""PSP""]","[""Ruolo"", ""Azione""]",The Legend of Heroes: Zero no Kiseki è un gioco di ruolo d'azione sviluppato da Nihon Falcom e pubblicato per PlayStation Portable.,"[""Inglese"", ""Giapponese""]",0,"[""Europa"", ""Giappone""]",,Nihon Falcom,
952,The Legend of Heroes II: Prophecy of the Moonlight Witch,"[""PSP""]","[""Ruolo"", ""Azione""]",The Legend of Heroes II: Prophecy of the Moonlight Witch è un gioco di ruolo e azione sviluppato per PlayStation Portable.,"[""Inglese""]",0,"[""USA""]",,,
953,The Legend of Heroes: A Tear of Vermillion,"[""PSP""]","[""Ruolo"", ""Azione""]",Gioco di ruolo e azione ambientato nell'universo della serie The Legend of Heroes.,"[""Inglese""]",0,"[""USA""]",,,
954,The Legend of Heroes: Trails in the Sky the 3rd,"[""PSP""]","[""Ruolo"", ""Azione""]",Eiyuu Densetsu - Sora no Kiseki the 3rd,"[""Giapponese""]",0,"[""Giappone""]",,,
955,Toy Story 3,"[""PSP""]","[""Avventura""]",Aroma,"[""Inglese""]",0,"[""Europa""]",,,
956,IndianaJones e il Bastone dei Re,"[""PSP""]","[""Azione"", ""Avventura""]",Avventura ambientata nel mondo di Indiana Jones,"[""Inglese""]",0,"[""Europa""]",,,
957,Truck Rally,"[""PS1""]","[""Guida""]",Gioco di simulazione di guida di camion in rally ambientato in Europa.,"[""Inglese""]",0,"[""Europa""]",,,
958,Titan Wars,"[""PS1""]","[""Sparatutto"", ""Guida""]","Titan Wars è un gioco di azione e strategia ambientato in un futuro distopico, in cui i giocatori devono comandare enormi mech per combattere contro nemici potenti e conquistare il dominio del mondo.","[""Inglese""]",0,"[""Europa""]",,,
959,Sub,"[""PS1""]","[""Musicale"", ""Simulazione""]",Sub è la versione francese di Fluid (gioco in inglese). Fluid è presente nel nostro album PS1.,"[""Francese""]",0,"[""Europa""]",,,
960,Strike Force Hydra,"[""PS1""]","[""Volo"", ""Azione"", ""Sparatutto"", ""Arcade""]",Gioco di volo e azione ambientato in un contesto militare e di combattimento aereo.,"[""Inglese""]",0,"[""Europa""]",,,
961,Steel Harbinger,"[""PS1""]","[""Azione"", ""Picchiaduro""]",Gioco d'azione e picchiaduro per PlayStation 1.,"[""Inglese""]",0,"[""Europa""]",,,
962,Star Ixiom,"[""PS1""]","[""Sparatutto""]",aROMa,"[""Inglese""]",0,"[""Europa""]",,,
963,Spot goes to Hollywood,"[""PS1""]","[""Avventura"", ""Piattaforma""]","Spot, il simpatico cane protagonista della serie, si avventura in un'emozionante avventura a Hollywood.","[""Inglese""]",0,"[""Europa""]",,,
964,Spider The Video Game,"[""PS1""]","[""Avventura"", ""Piattaforma""]",aROMa,"[""Inglese""]",0,"[""Europa""]",,,
965,Speed Machines,"[""PS1""]","[""Guida""]",Gioco di guida per PlayStation 1,"[""Inglese""]",0,"[""Europa""]",,,
966,Sky Sports Football Quiz - Season 2,"[""PS1""]","[""Quiz""]",Gioco di quiz sportivi basato sul calcio e sulla Premier League britannica.,"[""Inglese""]",0,"[""Europa""]",,,
967,Sentient: Explore the Infinite,"[""PS1""]","[""Strategia"", ""Avventura"", ""Punta"", ""Clicca""]","Sentient: Explore the Infinite è un gioco di strategia e avventura in stile punta e clicca ambientato in un mondo fantascientifico. Il giocatore esplora un universo infinito, incontrando diverse razze aliene e affrontando sfide strategiche per sopravvivere e prosperare.","[""Inglese""]",0,"[""Europa""]",,,
968,Sanvein,"[""PS1""]","[""Sparatutto"", ""Azione""]",Aroma,"[""Inglese""]",0,"[""Europa""]",,,
969,Rugrats - Totally Angelica,"[""PS1""]","[""Avventura"", ""Puzzle"", ""Party"", ""Guida""]","Rugrats - Totally Angelica è un videogioco per PlayStation 1 basato sulla serie animata Rugrats. Il gioco segue le avventure della piccola Angelica Pickles, una delle protagoniste della serie, mentre esplora diversi ambienti e affronta sfide di puzzle e party game.","[""Inglese""]",0,"[""Europa""]",,,
970,Ronin Blade,"[""PS1""]","[""Azione"", ""Spionaggio""]",Ronin Blade è un gioco d'azione e spionaggio ambientato in un mondo futuristico. Il giocatore veste i panni di un abile ninja che deve compiere missioni di infiltrazione e combattimento.,"[""Inglese""]",0,"[""Europa""]",,,
971,Rock & Roll Racing 2 - Red Asphalt,"[""PS1""]","[""Azione"", ""Sparatutto"", ""Guida""]",Gioco di corse e combattimento con veicoli armati,"[""Inglese""]",0,"[""Europa""]",,,
972,Rocket Power - Team Rocket Rescue,"[""PS1""]","[""Azione"", ""Guida""]",Rocket Power - Team Rocket Rescue è un videogioco d'azione e guida ambientato nel mondo di Rocket Power.,"[""Inglese""]",0,"[""Europa""]",,,
973,Resident Evil Collezione,"[""PS1""]","[""Horror""]",Raccolta di giochi della serie Resident Evil per PlayStation 1.,"[""Italiano"", ""Inglese""]",0,"[""Europa""]",,,
974,Rescue Heroes Molten Menace,"[""PS1""]","[""Simulazione"", ""Arcade""]",Gioco di simulazione e azione in cui i giocatori vestono i panni di vigili del fuoco che devono affrontare diverse emergenze e situazioni di pericolo.,"[""Inglese""]",0,"[""Europa""]",,,
975,Rayman Junior - English,"[""PS1""]","[""Piattaforma"", ""Avventura""]",Rayman Junior - English è un gioco per PlayStation 1 che appartiene ai generi piattaforma e avventura.,"[""Inglese""]",0,"[""Europa""]",,,
976,Rascal,"[""PS1""]","[""Azione"", ""Avventura""]",Rascal è un gioco d'azione e avventura per PlayStation 1.,"[""Inglese""]",0,"[""Europa""]",,,
977,Rapid Reload,"[""PS1""]","[""Sparatutto"", ""Arcade""]",Rapid Reload è un gioco di sparatutto arcade per PlayStation 1.,"[""Inglese""]",0,"[""Europa""]",,,
978,Psychic Force 2,"[""PS1""]","[""Picchiaduro""]","Psychic Force 2 è un videogioco picchiaduro sviluppato e pubblicato da Taito nel 1998 per PlayStation. È il sequel di Psychic Force, uscito nel 1995. Il gioco presenta combattimenti tra personaggi dotati di poteri psichici.",[],1,"[""Europa""]",1998,Taito,Taito
979,Psychic Force,"[""PS1""]","[""Picchiaduro""]","Psychic Force è un videogioco picchiaduro sviluppato da Taito e pubblicato nel 1995 per PlayStation. Il gioco si svolge in un futuro distopico in cui i protagonisti, dotati di poteri psichici, si affrontano in combattimenti uno contro uno.",[],1,"[""Europa""]",1995,Taito,
980,Psychic Detective,"[""PS1""]","[""Avventura""]",Psychic Detective è un gioco di avventura per PlayStation 1 ambientato in un mondo soprannaturale. Il giocatore assume il ruolo di un detective con abilità psichiche che deve risolvere casi misteriosi e soprannaturali.,[],1,"[""Europa""]",1998,,
981,Psybadek,"[""PS1""]","[""Guida""]",Psybadek è un gioco di guida per PlayStation 1 ambientato in un mondo futuristico e psichedelico.,[],1,"[""Europa""]",1998,,
982,Pro Pinball - Timeshock!,"[""PS1""]","[""Sport"", ""Arcade""]",Pro Pinball - Timeshock! è un videogioco di flipper pubblicato nel 1995 per PlayStation. Il gioco fa parte della serie Pro Pinball e offre un'esperienza di gioco di flipper arcade con una grafica e un gameplay di alta qualità.,[],1,"[""Europa""]",1995,,
984,Pro Pinball - Fantastic Journey,"[""PS1""]","[""Sport"", ""Arcade""]",Gioco di flipper arcade con ambientazione fantastica,[],1,"[""Europa""]",1995,,
985,Pro Pinball Big Race USA,"[""PS1""]","[""Sport"", ""Arcade""]",Un gioco di flipper ambientato in una corsa automobilistica negli Stati Uniti.,[],1,"[""Europa""]",1996,,
986,Pro Evolution Soccer 2,"[""PS1""]","[""Sport""]","Pro Evolution Soccer 2 è un videogioco di calcio sviluppato e pubblicato da Konami per PlayStation nel 2002. È il secondo capitolo della serie Pro Evolution Soccer, successore di Winning Eleven 6 International.",[],1,"[""Europa""]",2002,Konami,Konami
987,Pro Evolution Soccer,"[""PS1""]","[""Sport""]",Gioco di calcio della serie Pro Evolution Soccer per PlayStation 1.,[],1,"[""Europa""]",1996,,
991,Prism Land,"[""PS1""]","[""Arcade""]",Prism Land è un gioco arcade per PlayStation 1 ambientato in un mondo colorato e fantastico. Il giocatore deve navigare attraverso livelli pieni di ostacoli e nemici per raggiungere l'obiettivo finale.,[],1,"[""Europa""]",1998,,
992,Prince Naseem Boxing,"[""PS1""]","[""Sport""]",Prince Naseem Boxing è un videogioco di boxe per PlayStation 1 ambientato nel mondo della boxe professionistica. Il giocatore può vestire i panni del famoso pugile britannico Prince Naseem Hamed e affrontare altri campioni del ring in sfide mozzafiato.,[],1,"[""Europa""]",1998,,
994,Primal Rage,"[""PS1""]","[""Picchiaduro""]",Primal Rage è un videogioco picchiaduro del 1994 sviluppato da Probe Entertainment e pubblicato da Time Warner Interactive. Il gioco è ambientato in un mondo post-apocalittico in cui creature preistoriche si scontrano per il dominio del pianeta.,[],1,"[""Europa""]",1994,Probe Entertainment,Time Warner Interactive
995,Premier Manager 2000,"[""PS1""]","[""Sport""]",Gestisci la tua squadra di calcio e portala al successo nella Premier League.,"[""Inglese""]",0,"[""Europa""]",2000,,
996,Premier manager novanta nove,"[""PS1""]","[""Sport""]",Gestisci la tua squadra di calcio e portala al successo.,[],1,"[""Europa""]",1999,,
997,Premier manager 98,"[""PS1""]","[""Sport""]",Gestisci la tua squadra di calcio in questo simulatore di gestione sportiva.,[],1,"[""Europa""]",1998,,
998,Poy Poy 2,"[""PS1""]","[""Party""]",Poy Poy 2 è un gioco di party game per PlayStation 1. È il sequel del popolare Poy Poy.,[],1,"[""Europa""]",1998,,
999,Poy Poy,"[""PS1""]","[""Party""]",Poy Poy è un gioco di party game per PlayStation 1. È un gioco multiplayer in cui i giocatori si sfidano in vari minigiochi divertenti e caotici.,[],1,"[""Europa""]",1997,,
1000,The Powerpuff Girls - Chemical X-traction,"[""PS1""]","[""Party"", ""Picchiaduro""]","The Powerpuff Girls - Chemical X-traction è un videogioco di genere party e picchiaduro basato sulla serie animata Le Superchicche. Il gioco permette ai giocatori di controllare le tre protagoniste - Blossom, Bubbles e Buttercup - in vari minigiochi e scontri uno contro uno.","[""Inglese""]",0,"[""Europa""]",2001,,
1001,Power Move Pro Wrestling,"[""PS1""]","[""Wrestling""]",Power Move Pro Wrestling è un videogioco di wrestling pubblicato per PlayStation nel 1998. Il gioco offre un'esperienza di wrestling arcade con una varietà di mosse e personaggi da scegliere.,[],1,"[""Europa""]",1998,,
1002,Porsche Challenge,"[""PS1""]","[""Guida""]",Porsche Challenge è un videogioco di guida incentrato sulle automobili Porsche. Il giocatore può scegliere tra diversi modelli di Porsche e gareggiare in vari circuiti.,[],1,"[""Europa""]",1997,,
1003,Populous: The Beginning,"[""PS1""]","[""Strategia""]","Populous: The Beginning è un videogioco di strategia in tempo reale sviluppato da Bullfrog Productions e pubblicato da Electronic Arts nel 1998. È il terzo capitolo della serie Populous, dopo Populous e Populous II: Trials of the Olympian Gods. Il giocatore assume il ruolo di un Dio che deve guidare una tribù primitiva verso la vittoria contro altre tribù rivali.",[],1,"[""Europa""]",1998,Bullfrog Productions,Electronic Arts
1004,Pop 'n' Pop,"[""PS1""]","[""Puzzle""]",Pop 'n' Pop è un gioco di puzzle in cui il giocatore deve far esplodere gruppi di bolle colorate per completare i livelli.,[],1,"[""Europa""]",1998,,
1005,Pool Shark,"[""PS1""]","[""Sport""]",Pool Shark è un videogioco di biliardo per PlayStation 1. Il gioco offre diverse modalità di gioco e la possibilità di competere contro avversari controllati dal computer o altri giocatori.,[],1,"[""Europa""]",1998,,
1006,Pool Hustler,"[""PS1""]","[""Sport""]","Pool Hustler è un gioco di biliardo per PlayStation 1 ambientato in un ambiente realistico di biliardo. Il gioco offre diverse modalità di gioco, tra cui tornei e sfide contro avversari controllati dal computer.",[],1,"[""Europa""]",1998,,
1007,Pool Academy,"[""PS1""]","[""Sport""]",Pool Academy è un videogioco di biliardo per PlayStation 1. Il gioco offre diverse modalità di gioco e la possibilità di competere contro avversari controllati dal computer o in multiplayer locale.,[],1,"[""Europa""]",1998,,
1008,Pong,"[""PS1""]","[""Sport"", ""Party""]","Pong è uno dei primi videogiochi della storia, sviluppato dalla Atari nel 1972. È un semplice gioco di tennis da tavolo in cui due giocatori controllano delle racchette per colpire una palla virtuale.",[],1,"[""Europa""]",1972,Atari,
1009,Point Blank 3,"[""PS1""]","[""Sparatutto""]",Point Blank 3 è un videogioco sparatutto in prima persona sviluppato e pubblicato da Namco per PlayStation nel 1999. Il gioco fa parte della serie Point Blank e offre modalità di gioco sia in singolo che multiplayer.,[],1,"[""Europa""]",1999,Namco,Namco
1010,Point Blank 2,"[""PS1""]","[""Sparatutto""]",Point Blank 2 è un videogioco sparatutto in prima persona sviluppato e pubblicato da Namco per PlayStation nel 1999. Il gioco è il sequel del popolare Point Blank originale.,[],1,"[""Europa""]",1999,Namco,Namco
1011,Point Blank,"[""PS1""]","[""Sparatutto""]",Point Blank è un videogioco sparatutto in prima persona sviluppato da Namco e pubblicato nel 1994 per PlayStation. Il gioco si svolge in un ambiente 3D e il giocatore deve affrontare diverse missioni e scenari di combattimento.,[],1,"[""Europa""]",1994,Namco,
1013,Pocket Fighter,"[""PS1""]","[""Picchiaduro""]",Pocket Fighter è un videogioco picchiaduro sviluppato e pubblicato da Capcom per PlayStation nel 1997. Il gioco presenta personaggi e ambientazioni tratti da altri titoli della serie Street Fighter.,[],1,"[""Europa""]",1997,Capcom,Capcom
1014,Player Manager Novanta nove,"[""PS1""]","[""Sport""]",Gioco di gestione di una squadra di calcio,[],1,"[""Europa""]",1999,,
1016,Player Manager 2000,"[""PS1""]","[""Sport""]",Gestisci la tua squadra di calcio in questo gioco di simulazione sportiva.,"[""Inglese""]",0,"[""Europa""]",2000,,
1018,Planet of the Apes,"[""PS1""]","[""Azione"", ""Avventura""]","Planet of the Apes è un videogioco di azione e avventura ambientato nell'universo di Pianeta delle scimmie. Il giocatore assume il ruolo di un astronauta che si ritrova intrappolato in un mondo dominato dalle scimmie, dove dovrà affrontare numerose sfide e pericoli per sopravvivere e cercare di tornare a casa.",[],1,"[""Europa""]",1999,,
1019,Plane Crazy,"[""PS1""]","[""Volo""]","Plane Crazy è un gioco di volo per PlayStation 1 ambientato in un mondo aperto. Il giocatore può pilotare una varietà di aerei attraverso un ambiente 3D esplorabile, completando missioni e sfide di volo.",[],1,"[""Europa""]",1998,,
1021,Pitball,"[""PS1""]","[""Sport""]","Pitball è un videogioco sportivo per PlayStation 1 ambientato in un futuro distopico. Il gioco combina elementi di calcio e baseball, dove i giocatori devono cercare di segnare punti lanciando una palla in una rete avversaria.",[],1,"[""Europa""]",1998,,
1022,Pipe Mania 3D,"[""PS1""]","[""Arcade""]",Pipe Mania 3D è un gioco di puzzle in cui il giocatore deve costruire una rete di tubi per far passare un fluido attraverso di essi. Il gioco presenta una visuale tridimensionale e sfide sempre più complesse man mano che si procede nel gioco.,[],1,"[""Europa""]",1998,,
1023,Pinobee,"[""PS1""]","[""Avventura""]","Pinobee è un gioco di avventura per PlayStation 1 ambientato in un mondo fantastico. Il giocatore controlla un piccolo essere simile a un'ape che deve esplorare diversi ambienti, risolvere enigmi e affrontare nemici per completare la sua missione.",[],1,"[""Europa""]",1998,,
1024,Pink Panther - Pinkadelic Pursuit,"[""PS1""]","[""Avventura""]",Aiuta il Pink Panther a risolvere il mistero e catturare il ladro in questo gioco di avventura per PlayStation 1.,[],1,"[""Europa""]",1999,,
1025,Pinball Power,"[""PS1""]","[""Sport""]","Pinball Power è un videogioco di flipper per PlayStation 1. Il gioco offre diverse tavole da pinball con ambientazioni e temi diversi, permettendo ai giocatori di divertirsi con il classico gameplay del flipper.",[],1,"[""Europa""]",1998,,
1026,Philosoma,"[""PS1""]","[""Volo"", ""Sparatutto""]",Philosoma è un videogioco di genere sparatutto a scorrimento verticale sviluppato e pubblicato da Athena per PlayStation nel 1995. Il giocatore controlla un'astronave che deve affrontare ondate di nemici e boss in un'ambientazione fantascientifica.,[],1,"[""Europa""]",1995,Athena,Athena
1028,PGA Tour '98,"[""PS1""]","[""Sport""]",Gioco di golf per PlayStation 1 che permette di giocare ai principali tornei del PGA Tour.,"[""Inglese""]",1,"[""Europa""]",1998,,
1029,PGA Tour '97,"[""PS1""]","[""Sport""]",Gioco di golf per PlayStation 1 che permette di partecipare al PGA Tour.,"[""Inglese""]",1,"[""Europa""]",1997,,
1030,PGA Tour '96,"[""PS1""]","[""Sport""]",Gioco di golf per PlayStation 1 che permette di partecipare al PGA Tour.,"[""Inglese""]",0,"[""Europa""]",1996,,
1034,Penny Racers,"[""PS1""]","[""Guida""]","Penny Racers è un gioco di corse arcade per PlayStation 1. Il gioco presenta una varietà di veicoli e piste da corsa, con un'enfasi sul divertimento e l'accessibilità piuttosto che sulla simulazione realistica.",[],1,"[""Europa""]",1998,,
1035,Peak Performance,"[""PS1""]","[""Guida""]",Peak Performance è un gioco di guida per PlayStation 1 ambientato in un mondo futuristico. Il giocatore deve guidare attraverso piste impegnative e sfidare altri piloti per raggiungere il traguardo.,[],1,"[""Europa""]",1998,,
1038,Parodius,"[""PS1""]","[""Sparatutto""]","Parodius è un videogioco sparatutto a scorrimento orizzontale sviluppato da Konami e pubblicato nel 1990 per le console arcade. È un titolo della serie Parodius, che parodia i videogiochi della serie Gradius.",[],1,"[""Europa""]",1994,Konami,
1041,PaRappa the Rapper,"[""PS1""]","[""Musicale""]","PaRappa the Rapper è un videogioco di genere musicale sviluppato da NanaOn-Sha e pubblicato da Sony Computer Entertainment per PlayStation nel 1996. Il gioco segue le avventure di PaRappa, un cane antropomorfo che deve imparare a rappare per impressionare la sua amata Sunny Funny.",[],1,"[""Europa""]",1996,NanaOn-Sha,Sony Computer Entertainment
1043,Panzer General,"[""PS1""]","[""Strategia""]",Panzer General è un gioco di strategia ambientato durante la Seconda Guerra Mondiale. Il giocatore assume il ruolo di un comandante tedesco e deve pianificare e condurre operazioni militari su diversi fronti europei.,"[""Inglese""]",0,"[""Europa""]",1994,,
1044,Panzer Front,"[""PS1""]","[""Sparatutto""]",Panzer Front è un videogioco di simulazione di carri armati ambientato durante la Seconda Guerra Mondiale. Il giocatore può comandare una varietà di veicoli corazzati e partecipare a battaglie storiche o scenari immaginari.,[],1,"[""Europa""]",1998,,
1045,Pandemonium 2,"[""PS1""]","[""Avventura"", ""Piattaforma""]",Pandemonium 2 è un videogioco di avventura e piattaforma sviluppato da Climax Entertainment e pubblicato da Interplay Entertainment per PlayStation nel 1997.,"[""Inglese""]",1,"[""Europa""]",1997,Climax Entertainment,Interplay Entertainment
1046,Pandemonium!,"[""PS1""]","[""Avventura"", ""Piattaforma""]",Pandemonium! è un videogioco di avventura e piattaforme pubblicato nel 1994 per PlayStation.,"[""Inglese""]",0,"[""Europa""]",1994,,
1048,Pac-Man World,"[""PS1""]","[""Avventura"", ""Piattaforma""]",Pac-Man World è un videogioco di avventura e piattaforme sviluppato e pubblicato da Namco nel 1999 per PlayStation.,[],1,"[""Europa""]",1999,Namco,Namco
1050,Overblood,"[""PS1""]","[""Sparatutto"", ""Azione"", ""Avventura""]","Overblood è un videogioco di genere sparatutto, azione e avventura sviluppato per PlayStation 1.",[],1,"[""Europa""]",1996,,
1053,One Piece Grand Battle,"[""PS1""]","[""Picchiaduro""]",One Piece Grand Battle è un videogioco picchiaduro basato sull'anime e manga One Piece. Il gioco permette ai giocatori di scegliere tra diversi personaggi della serie e combattere in arene ambientate nel mondo di One Piece.,[],1,"[""Europa""]",2001,,
1055,Omega Boost,"[""PS1""]","[""Sparatutto""]",Omega Boost è un videogioco sparatutto sviluppato da Psygnosis e pubblicato da Sony Computer Entertainment per PlayStation nel 1997.,[],1,"[""Europa""]",1997,Psygnosis,Sony Computer Entertainment
1056,Omega Assault,"[""PS1""]","[""Sparatutto""]",Omega Assault è un gioco di sparatutto per PlayStation 1. Il giocatore controlla un veicolo armato e deve affrontare ondate di nemici in scenari futuristici.,[],1,"[""Europa""]",1998,,
1057,Olympic Soccer - Atlanta '96,"[""PS1""]","[""Sport""]",Gioco di calcio ambientato nelle Olimpiadi di Atlanta del 1996,[],1,"[""Europa""]",1996,,
1058,Olympic Games - Atlanta '96,"[""PS1""]","[""Sport""]","Gioco ufficiale dei Giochi Olimpici di Atlanta 1996, che permette di partecipare a diverse discipline sportive olimpiche.",[],1,"[""Europa""]",1996,,
1059,Off-World Interceptor Extreme,"[""PS1""]","[""Guida""]",Gioco di guida ambientato in un mondo futuristico e distopico.,[],1,"[""Europa""]",1998,,
1061,Oddworld: Abe's Oddysee,"[""PS1""]","[""Avventura"", ""Piattaforma""]","Oddworld: Abe's Oddysee è un videogioco di avventura e piattaforma sviluppato da Oddworld Inhabitants e pubblicato da GT Interactive Software per PlayStation nel 1997. Il gioco segue le avventure di Abe, un Mudokon che lavora in una fabbrica di carne, che scopre un complotto per uccidere i suoi compagni di lavoro e decide di fuggire e liberarli.",[],1,"[""Europa""]",1997,Oddworld Inhabitants,GT Interactive Software
1062,Oddworld: Abe's Exoddus,"[""PS1""]","[""Avventura"", ""Piattaforma""]",Oddworld: Abe's Exoddus è un videogioco di avventura e piattaforma sviluppato da Oddworld Inhabitants e pubblicato da GT Interactive Software per PlayStation nel 1998. È il sequel di Oddworld: Abe's Oddysee.,[],1,"[""Europa""]",1998,Oddworld Inhabitants,GT Interactive Software
1063,Nuclear Strike,"[""PS1""]","[""Sparatutto"", ""Volo""]",Nuclear Strike è un videogioco di azione e simulazione di volo sviluppato da Electronic Arts e pubblicato nel 1997 per PlayStation.,[],1,"[""Europa""]",1997,Electronic Arts,
1064,Novastorm,"[""PS1""]","[""Sparatutto"", ""Volo""]",Novastorm è un gioco di sparatutto e volo per PlayStation 1. Il giocatore controlla un veicolo spaziale e deve affrontare ondate di nemici e ostacoli in un ambiente futuristico.,[],1,"[""Europa""]",1996,,
1065,Note,"[""PS1""]","[""Horror"", ""Avventura""]",,[],0,"[""Europa""]",,,
1069,Ninja - Shadow of Darkness,"[""PS1""]","[""Azione"", ""Piattaforma""]",Ninja - Shadow of Darkness è un videogioco di azione e piattaforme sviluppato e pubblicato per PlayStation nel 1998.,[],1,"[""Europa""]",1998,,
1072,NickToons Racing,"[""PS1""]","[""Guida""]",Gioco di corse con personaggi dei cartoni animati Nickelodeon,[],1,"[""Europa""]",1999,,
1074,NHL Rock the Rink,"[""PS1""]","[""Sport""]",Gioco di hockey su ghiaccio della serie NHL per PlayStation 1.,[],1,"[""Europa""]",1997,,
1075,NHL Powerplay 98,"[""PS1""]","[""Sport""]",Videogioco di hockey su ghiaccio della serie NHL Powerplay,[],1,"[""Europa""]",1998,,
1076,NHL Powerplay,"[""PS1""]","[""Sport""]",Videogioco di hockey su ghiaccio della serie NHL Powerplay per PlayStation 1.,"[""Inglese""]",1,"[""Europa""]",1996,,
1077,NHL Faceoff 2000,"[""PS1""]","[""Sport""]",Videogioco di hockey su ghiaccio della serie NHL Faceoff,[],1,"[""Europa""]",2000,,
1078,NHL Face Off 99,"[""PS1""]","[""Sport""]","Videogioco di hockey su ghiaccio della serie NHL Face Off, pubblicato nel 1998 per PlayStation.",[],1,"[""Europa""]",1998,,
1079,NHL Face Off '98,"[""PS1""]","[""Sport""]","Videogioco di hockey su ghiaccio della serie NHL Face Off, pubblicato nel 1998 per PlayStation.",[],1,"[""Europa""]",1998,,
1080,NHL Face Off '97,"[""PS1""]","[""Sport""]","Videogioco di hockey su ghiaccio della serie NHL Face Off, pubblicato nel 1997 per PlayStation.",[],1,"[""Europa""]",1997,,
1081,NHL Face Off,"[""PS1""]","[""Sport""]",Videogioco di hockey su ghiaccio della serie NHL Face Off per PlayStation 1.,"[""Inglese""]",1,"[""Europa""]",1997,,
1082,Fox Sports NHL Championship 2000,"[""PS1""]","[""Sport""]",Gioco di hockey su ghiaccio della NHL pubblicato nel 2000 per PlayStation 1.,"[""Inglese""]",0,"[""Europa""]",2000,,
1083,NHL Breakaway 98,"[""PS1""]","[""Sport""]",Gioco di hockey su ghiaccio della serie NHL Breakaway,[],1,"[""Europa""]",1998,,
1084,NHL Blades of Steel 2000,"[""PS1""]","[""Sport""]",NHL Blades of Steel 2000 è un videogioco di hockey su ghiaccio pubblicato nel 2000 per PlayStation.,[],1,"[""Europa""]",2000,,
1085,NHL 2001,"[""PS1""]","[""Sport""]",Videogioco di hockey su ghiaccio della serie NHL pubblicato nel 2000.,"[""Inglese""]",1,"[""Europa""]",2000,,
1086,NHL 2000,"[""PS1""]","[""Sport""]",Videogioco di hockey su ghiaccio della serie NHL pubblicato nel 2000.,[],1,"[""Europa""]",2000,,
1087,NHL 99,"[""PS1""]","[""Sport""]",Videogioco di hockey su ghiaccio della serie NHL pubblicato nel 1998.,[],1,"[""Europa""]",1998,,
1088,NHL 98,"[""PS1""]","[""Sport""]",Videogioco di hockey su ghiaccio della serie NHL pubblicato nel 1997.,"[""Inglese""]",1,"[""Europa""]",1997,,
1089,NHL 97,"[""PS1""]","[""Sport""]",Videogioco di hockey su ghiaccio della serie NHL pubblicato nel 1996.,"[""Inglese""]",1,"[""Europa""]",1996,,
1091,NFL Quarterback Club '97,"[""PS1""]","[""Sport""]",NFL Quarterback Club '97 è un videogioco di football americano sviluppato e pubblicato da Acclaim Entertainment per PlayStation nel 1996.,[],1,"[""Europa""]",1996,Acclaim Entertainment,Acclaim Entertainment
1092,NFL Gameday,"[""PS1""]","[""Sport""]",Videogioco di football americano della serie NFL Gameday per PlayStation 1.,"[""Inglese""]",1,"[""Europa""]",1996,,
1093,NFL Blitz 2000,"[""PS1""]","[""Sport""]",NFL Blitz 2000 è un videogioco di football americano sviluppato da Midway Games e pubblicato nel 1999 per PlayStation. È il sequel di NFL Blitz e presenta un gameplay arcade con regole semplificate rispetto al football reale.,[],1,"[""Europa""]",1999,Midway Games,
1094,The Next Tetris,"[""PS1""]","[""Arcade""]","The Next Tetris è un videogioco di puzzle sviluppato e pubblicato da Arika per PlayStation nel 1999. È un sequel del classico Tetris, con nuove modalità di gioco e funzionalità aggiuntive.",[],1,"[""Europa""]",1999,Arika,Arika
1095,Newman Haas Racing,"[""PS1""]","[""Guida""]",Gioco di corse automobilistiche ambientato nel mondo della Formula Indy.,[],1,"[""Europa""]",1997,,
1096,Need for Speed III - Hot Pursuit,"[""PS1""]","[""Guida""]",Need for Speed III: Hot Pursuit è un videogioco di corse automobilistiche sviluppato da Electronic Arts e pubblicato nel 1998 per PlayStation.,[],1,"[""Europa""]",1998,Electronic Arts,
1097,Need for Speed II,"[""PS1""]","[""Guida""]",Need for Speed II è un videogioco di corse automobilistiche sviluppato da EA Canada e pubblicato da Electronic Arts nel 1997 per PlayStation.,[],1,"[""Europa""]",1997,EA Canada,Electronic Arts
1098,Need for Speed - Road Challenge,"[""PS1""]","[""Guida""]",Need for Speed - Road Challenge è un gioco di guida per PlayStation 1 ambientato in Europa.,[],1,"[""Europa""]",1997,,
1099,Need for Speed - Porsche 2000,"[""PS1""]","[""Guida""]",Need for Speed - Porsche 2000 è un videogioco di guida sviluppato da Electronic Arts e pubblicato nel 2000 per PlayStation.,[],1,"[""Europa""]",2000,Electronic Arts,
1100,Need for Speed - High Stakes,"[""PS1""]","[""Guida""]",Need for Speed - High Stakes è un videogioco di guida sviluppato da Electronic Arts e pubblicato nel 1999 per PlayStation. È il quinto capitolo della serie Need for Speed.,[],1,"[""Europa""]",1999,Electronic Arts,
1101,Necronomicon,"[""PS1""]","[""Avventura""]","Necronomicon è un gioco di avventura punta e clicca ambientato in un'atmosfera oscura e inquietante. Il giocatore dovrà esplorare ambienti misteriosi e risolvere enigmi per svelare i segreti del Necronomicon, un antico libro maledetto.","[""Italiano""]",1,"[""Europa""]",1993,,
1102,NBA Live 2003,"[""PS1""]","[""Sport""]",NBA Live 2003 è un videogioco di basket pubblicato nel 2002 per PlayStation. È parte della serie NBA Live sviluppata da EA Sports.,[],1,"[""Europa""]",2002,EA Sports,
1103,NBA Live 2002,"[""PS1""]","[""Sport""]",NBA Live 2002 è un videogioco di basket pubblicato nel 2001 per PlayStation. È parte della serie NBA Live sviluppata da EA Sports.,[],1,"[""Europa""]",2001,EA Sports,
1104,NBA Live 2001,"[""PS1""]","[""Sport""]",NBA Live 2001 è un videogioco di basket pubblicato nel 2000 per PlayStation. È il settimo capitolo della serie NBA Live sviluppata da EA Sports.,[],1,"[""Europa""]",2000,EA Sports,
1105,NBA 2000,"[""PS1""]","[""Sport""]",Videogioco di basket ambientato nella stagione NBA 2000.,[],1,"[""Europa""]",2000,,
1106,NBA Live 99,"[""PS1""]","[""Sport""]",NBA Live 99 è un videogioco di basket pubblicato nel 1998 per PlayStation. È il sesto capitolo della serie NBA Live sviluppata da EA Sports.,[],1,"[""Europa""]",1998,EA Sports,
1107,NBA Live 98,"[""PS1""]","[""Sport""]",NBA Live 98 è un videogioco di basket pubblicato nel 1997 per PlayStation. È il quinto capitolo della serie NBA Live sviluppata da EA Sports.,[],1,"[""Europa""]",1997,EA Sports,
1108,NBA Live 97,"[""PS1""]","[""Sport""]",NBA Live 97 è un videogioco di basket pubblicato nel 1996 per PlayStation. È il quarto capitolo della serie NBA Live sviluppata da EA Sports.,[],1,"[""Europa""]",1996,EA Sports,
1109,NBA Live 96,"[""PS1""]","[""Sport""]",NBA Live 96 è un videogioco di basket pubblicato nel 1995 per PlayStation. È il terzo capitolo della serie NBA Live sviluppata da EA Sports.,[],1,"[""Europa""]",1995,EA Sports,
1110,NBA Jam Extreme,"[""PS1""]","[""Sport""]",NBA Jam Extreme è un videogioco di basket arcade sviluppato e pubblicato da Acclaim Entertainment nel 1996 per PlayStation.,[],1,"[""Europa""]",1996,Acclaim Entertainment,Acclaim Entertainment
1111,NBA in the Zone 2000,"[""PS1""]","[""Sport""]",Videogioco di basket ambientato nell'NBA,[],1,"[""Europa""]",2000,,
1112,NBA in the Zone 2,"[""PS1""]","[""Sport""]",Videogioco di basket ambientato nel campionato NBA.,[],1,"[""Europa""]",1997,,
1114,NBA Hoopz,"[""PS1""]","[""Sport""]",Gioco di basket NBA per PlayStation 1,[],1,"[""Europa""]",1998,,
1115,NBA Fastbreak '98,"[""PS1""]","[""Sport""]",Gioco di basket NBA per PlayStation 1,[],1,"[""Europa""]",1998,,
1116,NBA Basketball 2000,"[""PS1""]","[""Sport""]",Gioco di basket NBA per PlayStation 1,[],1,"[""Europa""]",2000,,
1118,Nascar 2000,"[""PS1""]","[""Guida""]","Nascar 2000 è un videogioco di corse automobilistiche ambientato nel campionato NASCAR, sviluppato e pubblicato da EA Sports nel 2000.",[],1,"[""Europa""]",2000,EA Sports,EA Sports
1119,Nascar 99,"[""PS1""]","[""Guida""]","Nascar 99 è un videogioco di corse automobilistiche ambientato nel campionato NASCAR, pubblicato nel 1998 per PlayStation.","[""Inglese""]",1,"[""Europa""]",1998,,
1120,Nascar 98,"[""PS1""]","[""Guida""]","Nascar 98 è un videogioco di corse automobilistiche ambientato nel campionato NASCAR, pubblicato nel 1998 per PlayStation.","[""Inglese""]",1,"[""Europa""]",1998,,
1121,Nanotek Warrior,"[""PS1""]","[""Sparatutto"", ""Guida""]",Nanotek Warrior è un videogioco di genere sparatutto e guida sviluppato per PlayStation 1. Il giocatore controlla un veicolo futuristico che deve affrontare nemici e ostacoli in scenari ambientati in un mondo tecnologico.,[],1,"[""Europa""]",1996,,
1122,Namco Tennis Smash Court,"[""PS1""]","[""Arcade"", ""Sport""]",Namco Tennis Smash Court è un videogioco di tennis arcade pubblicato da Namco nel 1994. Il gioco offre un'esperienza di tennis arcade con grafica e gameplay semplici e intuitivi.,[],1,"[""Europa""]",1994,,Namco
1123,Namco Soccer Primer Goal,"[""PS1""]","[""Arcade"", ""Sport""]","Namco Soccer Primer Goal è un gioco di calcio arcade pubblicato da Namco per PlayStation nel 1996. Il gioco offre un'esperienza di gioco arcade veloce e divertente, con grafica colorata e animazioni fluide.",[],1,"[""Europa""]",1996,,Namco
1124,Namco Museum Volume 5,"[""PS1""]","[""Arcade""]","Namco Museum Volume 5 è una raccolta di classici giochi arcade di Namco per PlayStation 1. Contiene una selezione di titoli arcade storici di Namco, tra cui Pac-Man, Galaga, Dig Dug e altri.",[],1,"[""Europa""]",1997,,
1125,Namco Museum Volume 4,"[""PS1""]","[""Arcade""]","Namco Museum Volume 4 è una raccolta di classici giochi arcade di Namco per PlayStation 1. Contiene una selezione di titoli arcade storici di Namco, come Pac-Man, Galaga, Dig Dug e altri.",[],1,"[""Europa""]",1996,,
1126,Namco Museum Volume 3,"[""PS1""]","[""Arcade""]","Namco Museum Volume 3 è una raccolta di classici giochi arcade di Namco per PlayStation 1. Contiene una selezione di titoli arcade storici come Pac-Man, Galaga, Dig Dug e altri.",[],1,"[""Europa""]",1996,,
1127,Namco Museum Volume 2,"[""PS1""]","[""Arcade""]","Namco Museum Volume 2 è una raccolta di classici giochi arcade di Namco per PlayStation 1. Contiene una selezione di titoli arcade storici di Namco, come Pac-Man, Galaga, Dig Dug e altri.",[],1,"[""Europa""]",1996,,
1128,Namco Museum Volume 1,"[""PS1""]","[""Arcade""]","Namco Museum Volume 1 è una raccolta di classici giochi arcade di Namco, tra cui Pac-Man, Galaga, Dig Dug, e altri titoli iconici.",[],1,"[""Europa""]",1995,,
1129,Nagano Winter Olympics '98,"[""PS1""]","[""Sport""]","Nagano Winter Olympics '98 è un videogioco sportivo che permette di partecipare alle Olimpiadi Invernali di Nagano del 1998. Il gioco offre diverse discipline olimpiche invernali come sci alpino, pattinaggio di figura, hockey su ghiaccio e altro.","[""Inglese""]",1,"[""Europa""]",1998,,
1130,N2O - Nitrous Oxide,"[""PS1""]","[""Guida""]",Gioco di guida per PlayStation 1 ambientato in un mondo futuristico.,[],1,"[""Europa""]",1997,,
1132,Myst,"[""PS1""]","[""Avventura"", ""Punta"", ""Clicca""]",Myst è un videogioco di avventura grafica pubblicato nel 1993 per Macintosh e successivamente portato su numerose altre piattaforme. È considerato uno dei giochi più influenti della storia dei videogiochi e ha contribuito a definire il genere dei giochi di avventura punta e clicca.,[],1,"[""Europa""]",1993,,
1133,Music 2000,"[""PS1""]","[""Music""]",Gioco musicale per PlayStation 1,[],1,"[""Europa""]",2000,,
1134,Music - Music Creation for the Playstation,"[""PS1""]","[""Musica""]","Music è un software di creazione musicale per PlayStation. Consente agli utenti di comporre, registrare e modificare musica utilizzando una varietà di strumenti e funzionalità integrate.",[],1,"[""Europa""]",1996,,
1135,Muppet Racer Mania,"[""PS1""]","[""Guida""]",Muppet Racer Mania è un videogioco di corse per PlayStation 1 ambientato nel mondo dei Muppet. I giocatori possono scegliere tra diversi personaggi dei Muppet e gareggiare in vari circuiti.,[],1,"[""Europa""]",1999,,
1136,Muppet Monster Adventure,"[""PS1""]","[""Azione"", ""Avventura""]",Muppet Monster Adventure è un videogioco di azione e avventura ambientato nel mondo dei Muppet. I giocatori possono esplorare diversi ambienti e affrontare vari nemici mentre cercano di salvare i loro amici Muppet.,[],1,"[""Europa""]",2000,,
1137,The Mummy (La Mummia),"[""PS1""]","[""Azione"", ""Avventura""]","Basato sul film del 1999 'La Mummia', il gioco segue le avventure di Rick O'Connell mentre affronta la minaccia della risurrezione dell'antica mummia Imhotep.",[],1,"[""Europa""]",1999,,
1141,MTV Sports - Pure Ride,"[""PS1""]","[""Sport""]",Gioco di sport invernali per PlayStation 1,[],1,"[""Europa""]",1998,,
1142,MTV'S Celebrity Deathmatch,"[""PS1""]","[""Picchiaduro""]",Un gioco di picchiaduro in cui i personaggi famosi si affrontano in combattimenti all'ultimo sangue.,[],1,"[""Europa""]",2003,,
1143,Ms. Pac-Man - Maze Madness,"[""PS1""]","[""Avventura"", ""Piattaforma""]",Ms. Pac-Man - Maze Madness è un videogioco di avventura e piattaforma sviluppato e pubblicato per PlayStation 1.,[],1,"[""Europa""]",1999,,
1144,Mr. Driller,"[""PS1""]","[""Puzzle""]","Mr. Driller è un videogioco di puzzle in cui il giocatore controlla un personaggio che deve scavare attraverso strati di blocchi colorati per raggiungere il fondo dello schermo. Il gioco presenta un'ambientazione divertente e colorata, con un gameplay semplice ma sfidante.",[],1,"[""Europa""]",2000,,
1145,Motörhead,"[""PS1""]","[""Guida""]",Motörhead è un videogioco di guida basato sulla band heavy metal Motörhead. Il gioco permette ai giocatori di guidare attraverso diverse ambientazioni ispirate alle canzoni della band.,"[""Inglese""]",0,"[""Europa""]",1998,,
1146,Motor Toon Grand Prix 2,"[""PS1""]","[""Gioco di guida""]",Motor Toon Grand Prix 2 è un gioco di corse arcade per PlayStation. Il gioco presenta veicoli a tema cartoon e ambientazioni colorate e divertenti.,"[""Inglese""]",1,"[""Europa""]",1997,,
1148,Motocross Mania 2,"[""PS1""]","[""Guida"", ""Sport""]",Motocross Mania 2 è un videogioco di corse di motocross per PlayStation 1.,[],1,"[""Europa""]",1998,,
1149,Motocross Mania,"[""PS1""]","[""Guida"", ""Sport""]","Motocross Mania è un videogioco di corse di motocross per PlayStation 1. Il gioco offre diverse modalità di gioco, tra cui gare singole, campionati e sfide a tempo.",[],1,"[""Europa""]",1998,,
1150,Moto Racer - World Tour,"[""PS1""]","[""Guida"", ""Sport""]",Moto Racer - World Tour è un gioco di corse di motociclette che ti permette di esplorare diverse regioni del mondo. Gareggia su circuiti impegnativi e sfida i tuoi avversari per diventare il campione.,[],1,"[""Europa""]",1997,,
1151,Moto racer 2,"[""PS1""]","[""Guida"", ""Sport""]",Moto Racer 2 è un videogioco di corse motociclistiche sviluppato da Delphine Software International e pubblicato da Electronic Arts nel 1998 per PlayStation.,[],1,"[""Europa""]",1998,Delphine Software International,Electronic Arts
1152,Moto Racer,"[""PS1""]","[""Guida"", ""Sport""]","Moto Racer è un videogioco di corse motociclistiche pubblicato nel 1997 per PlayStation. Il gioco offre diverse modalità di gioco, tra cui gare singole, campionati e sfide a tempo. Il gameplay si concentra sulla guida realistica delle moto, con una fisica di gioco che cerca di riprodurre fedelmente il comportamento delle due ruote.",[],1,"[""Europa""]",1997,,
1155,Mortal Kombat: Special Forces,"[""PS1""]","[""Picchiaduro""]","Mortal Kombat: Special Forces è un videogioco picchiaduro della serie Mortal Kombat, sviluppato e pubblicato da Midway Games nel 2000 per PlayStation.","[""Inglese""]",0,"[""Europa""]",2000,Midway Games,Midway Games
1156,Mortal Kombat 4,"[""PS1""]","[""Picchiaduro""]",Mortal Kombat 4 è un videogioco picchiaduro sviluppato e pubblicato da Midway Games nel 1997. È il quarto capitolo della serie Mortal Kombat.,[],1,"[""Europa""]",1997,Midway Games,Midway Games
1157,Mortal Kombat Mythologies: Sub-Zero,"[""PS1""]","[""Picchiaduro""]","Mortal Kombat Mythologies: Sub-Zero è uno spin-off della serie Mortal Kombat, incentrato sul personaggio di Sub-Zero. Il gioco è un'avventura d'azione con elementi platform e combattimenti corpo a corpo.","[""Inglese""]",0,"[""Europa""]",1997,,
1158,Mortal Kombat Trilogy,"[""PS1""]","[""Picchiaduro""]","Mortal Kombat Trilogy è un videogioco picchiaduro sviluppato e pubblicato da Midway nel 1996. È un'espansione della serie Mortal Kombat che include personaggi, livelli e modalità di gioco provenienti dai precedenti capitoli della serie.","[""Inglese""]",0,"[""Europa""]",1996,Midway,Midway
1159,Mortal Kombat 3,"[""PS1""]","[""Picchiaduro""]",Mortal Kombat 3 è un videogioco picchiaduro sviluppato e pubblicato da Midway nel 1995. È il terzo capitolo della serie Mortal Kombat.,[],1,"[""Europa""]",1995,Midway,Midway
1164,Monsterseed,"[""PS1""]","[""Ruolo""]",Monsterseed è un gioco di ruolo per PlayStation 1 ambientato in un mondo fantasy. Il giocatore assume il ruolo di un eroe che deve affrontare diverse sfide e combattere mostri per salvare il mondo.,"[""Inglese""]",1,"[""Europa""]",1998,,
1165,Monster Trucks,"[""PS1""]","[""Guida""]",Monster Trucks è un videogioco di guida per PlayStation 1 ambientato nel mondo dei monster truck. Il giocatore può guidare diversi veicoli fuoristrada personalizzati e partecipare a gare e sfide in vari scenari.,[],1,"[""Europa""]",1998,,
1166,Monster Rancher,"[""PS1""]","[""Ruolo""]","Monster Rancher è un videogioco di ruolo e simulazione sviluppato da Tecmo e pubblicato nel 1997 per PlayStation. Il gioco consente ai giocatori di allevare e addestrare mostri fantastici, combattere contro altri allenatori e partecipare a tornei.","[""Inglese""]",1,"[""Europa""]",1997,Tecmo,
1167,Monster Racer,"[""PS1""]","[""Guida""]",Monster Racer è un gioco di corse su PlayStation 1 ambientato in un mondo fantastico. I giocatori possono guidare veicoli bizzarri e affrontare sfide uniche.,[],1,"[""Europa""]",1998,,
1168,Monopoly,"[""PS1""]","[""Carte"", ""Party""]","Monopoly è un classico gioco da tavolo in cui i giocatori comprano, affittano e scambiano proprietà con l'obiettivo di diventare il giocatore più ricco.",[],1,"[""Europa""]",1998,,
1169,Monkey Hero,"[""PS1""]","[""Avventura"", ""Ruolo""]",Monkey Hero è un gioco di avventura e ruolo ambientato in un mondo fantastico e colorato. Il giocatore impersona un coraggioso scimmione che deve affrontare numerose sfide e pericoli per salvare il suo villaggio.,[],1,"[""Europa""]",1998,,
1173,Mobil 1 Rally Championship,"[""PS1""]","[""Guida""]","Mobil 1 Rally Championship è un videogioco di rally pubblicato nel 1997 per PlayStation. Il gioco offre diverse modalità di gioco, tra cui campionato, gara singola e modalità a tempo. I giocatori possono scegliere tra diversi veicoli e partecipare a gare su vari circuiti ambientati in diverse regioni del mondo.",[],1,"[""Europa""]",1997,,
1175,Mission Impossible,"[""PS1""]","[""Azione"", ""Strategia"", ""Avventura""]",Gioco di azione e avventura basato sulla popolare serie cinematografica Mission: Impossible.,[],1,"[""Europa""]",1998,,
1176,Missile Command,"[""PS1""]","[""Azione"", ""Sparatutto""]",Missile Command è un classico videogioco arcade in cui il giocatore deve difendere le proprie città dagli attacchi missilistici nemici.,[],1,"[""Europa""]",1980,,
1177,The Misadventures of Tron Bonne,"[""PS1""]","[""Azione"", ""Avventura"", ""Ruolo""]",The Misadventures of Tron Bonne è un videogioco d'azione-avventura e ruolo sviluppato e pubblicato da Capcom per PlayStation nel 1999. È uno spin-off della serie Mega Man Legends.,"[""Inglese""]",0,"[""Europa""]",1999,Capcom,Capcom
1179,Millennium Soldier Expendable,"[""PS1""]","[""Arcade"", ""Azione"", ""Sparatutto""]",Millennium Soldier: Expendable è un videogioco di azione e sparatutto pubblicato nel 1998 per PlayStation.,[],1,"[""Europa""]",1998,,
1184,Micro Maniacs,"[""PS1""]","[""Guida""]",Un gioco di corse di auto in miniatura con personaggi e veicoli unici.,[],1,"[""Europa""]",1998,,
1185,Micro Machines V3,"[""PS1""]","[""Guida""]",Micro Machines V3 è un videogioco di corse in miniatura sviluppato da Codemasters e pubblicato nel 1997 per PlayStation.,[],1,"[""Europa""]",1997,Codemasters,
1187,Michael Schumacher's World Kart 2002,"[""PS1""]","[""Sport"", ""Guida""]",Gioco di corse kart basato sulla licenza di Michael Schumacher.,[],1,"[""Europa""]",2002,,
1188,Michael Owen's World League Soccer '99,"[""PS1""]","[""Sport""]","Videogioco di calcio pubblicato nel 1999 per PlayStation, incentrato sulla carriera del calciatore inglese Michael Owen.",[],1,"[""Europa""]",1999,,
1189,Metal Slug X,"[""PS1""]","[""Azione"", ""Sparatutto"", ""Arcade""]","Metal Slug X è un gioco di azione e sparatutto in stile arcade, sviluppato e pubblicato da SNK nel 1999. È un remake migliorato di Metal Slug 2, con grafica aggiornata, nuovi nemici e livelli.",[],1,"[""Europa""]",1999,SNK,SNK
1190,Metal Gear Solid - Special Missions,"[""PS1""]","[""Azione"", ""Sparatutto""]",Metal Gear Solid - Special Missions è un'espansione del gioco Metal Gear Solid per PlayStation. Contiene due missioni aggiuntive che possono essere giocate dopo aver completato il gioco principale.,"[""Italiano""]",1,"[""Europa""]",1999,,
1191,Metal Gear Solid,"[""PS1""]","[""Azione"", ""Sparatutto""]",Metal Gear Solid è un videogioco stealth del 1998 sviluppato da Konami per PlayStation. È il quarto capitolo della serie Metal Gear ed è considerato uno dei videogiochi più influenti di tutti i tempi.,[],1,"[""Europa""]",1998,Konami,
1192,Men In Black - The Series - Crashdown,"[""PS1""]","[""Sparatutto""]","Basato sulla serie televisiva Men in Black, questo gioco per PlayStation 1 ti immerge nell'azione e nell'umorismo del franchise. Dovrai affrontare alieni e minacce di ogni tipo per proteggere la Terra.",[],1,"[""Europa""]",1997,,
1193,Men in Black,"[""PS1""]","[""Azione"", ""Sparatutto"", ""Avventura""]","Basato sull'omonimo film, il gioco Men in Black per PlayStation ti immerge nell'universo degli agenti segreti che proteggono la Terra dagli alieni. Dovrai utilizzare le tue abilità di combattimento e di investigazione per affrontare minacce extraterrestri e mantenere l'ordine.","[""Inglese""]",0,"[""Europa""]",1997,,
1194,Mega Man X6,"[""PS1""]","[""Piattaforma""]",Mega Man X6 è un videogioco di azione e piattaforme sviluppato e pubblicato da Capcom per PlayStation nel 2001. È il sesto capitolo della serie Mega Man X e continua la storia del cacciatore di Maverick X e del suo compagno Zero.,[],1,"[""Europa""]",2001,Capcom,Capcom
1195,Mega Man X5,"[""PS1""]","[""Piattaforma""]","Mega Man X5 è un videogioco di azione e piattaforme sviluppato e pubblicato da Capcom per PlayStation nel 2000. È il quinto capitolo della serie Mega Man X e continua la storia del Maverick Hunter X, un cyborg che combatte contro i Maverick, androidi ribelli.",[],1,"[""Europa""]",2000,Capcom,Capcom
1196,Mega Man X4,"[""PS1""]","[""Piattaforma""]",Mega Man X4 è un videogioco di azione e piattaforme sviluppato e pubblicato da Capcom per PlayStation nel 1997. È il quarto capitolo della serie Mega Man X e il primo ad essere realizzato in grafica 3D.,[],1,"[""Europa""]",1997,Capcom,Capcom
1197,Mega Man X3,"[""PS1""]","[""Piattaforma""]","Mega Man X3 è un videogioco di azione e piattaforme sviluppato e pubblicato da Capcom per Super Nintendo Entertainment System nel 1995. È il terzo capitolo della serie Mega Man X, spin-off della serie principale di Mega Man.",[],1,"[""Europa""]",1995,Capcom,Capcom
1198,Mega Man Legends 2,"[""PS1""]","[""Azione"", ""Avventura""]","Mega Man Legends 2 è un videogioco di azione-avventura sviluppato e pubblicato da Capcom per PlayStation nel 2000. È il sequel di Mega Man Legends, il primo capitolo della serie spin-off di Mega Man ambientata in un mondo 3D.","[""Inglese""]",0,"[""Europa""]",2000,Capcom,Capcom
1199,Mega Man Legends,"[""PS1""]","[""Azione"", ""Avventura""]","Mega Man Legends è un videogioco d'azione e avventura sviluppato da Capcom per PlayStation. È il primo capitolo della serie Mega Man Legends, spin-off della serie principale di Mega Man.","[""Inglese""]",0,"[""Europa""]",1997,Capcom,
1200,Mega Man Battle & Chase,"[""PS1""]","[""Guida""]",Mega Man Battle & Chase è un videogioco di corse automobilistiche sviluppato e pubblicato da Capcom per PlayStation nel 1997. Il gioco fa parte della serie Mega Man e vede i personaggi della serie cimentarsi in gare di kart racing.,"[""Inglese""]",0,"[""Europa""]",1997,Capcom,Capcom
1201,Mega Man 8,"[""PS1""]","[""Piattaforma""]",Mega Man 8 è un videogioco di azione e piattaforme sviluppato e pubblicato da Capcom per PlayStation nel 1997. È l'ottavo capitolo principale della serie Mega Man.,[],1,"[""Europa""]",1997,Capcom,Capcom
1202,MediEvil II,"[""PS1""]","[""Avventura"", ""Azione""]","MediEvil II è un videogioco di genere action-adventure sviluppato da SCE Cambridge Studio e pubblicato da Sony Computer Entertainment per PlayStation nel 1998. È il sequel di MediEvil, uscito nel 1998 per PlayStation.",[],1,"[""Europa""]",1998,SCE Cambridge Studio,Sony Computer Entertainment
1203,MediEvil,"[""PS1""]","[""Avventura"", ""Azione""]","MediEvil è un videogioco di genere action-adventure sviluppato da SCE Cambridge Studio e pubblicato da Sony Computer Entertainment per PlayStation nel 1998. Il gioco segue le avventure di Sir Daniel Fortesque, un cavaliere riportato in vita 100 anni dopo la sua morte in battaglia per sconfiggere il malvagio stregone Lord Zarok.",[],1,"[""Europa""]",1998,SCE Cambridge Studio,Sony Computer Entertainment
1204,Medal of Honor: Underground,"[""PS1""]","[""Sparatutto""]","Medal of Honor: Underground è un videogioco sparatutto in prima persona ambientato durante la Seconda Guerra Mondiale, sviluppato da DreamWorks Interactive e pubblicato da Electronic Arts per PlayStation nel 1999.",[],1,"[""Europa""]",1999,DreamWorks Interactive,Electronic Arts
1205,Medal of Honor,"[""PS1""]","[""Sparatutto""]","Medal of Honor è un videogioco sparatutto in prima persona ambientato durante la Seconda Guerra Mondiale, sviluppato da DreamWorks Interactive e pubblicato da Electronic Arts nel 1999 per PlayStation.",[],1,"[""Europa""]",1999,DreamWorks Interactive,Electronic Arts
1208,Mat Hoffman's Pro BMX,"[""PS1""]","[""Sport"", ""Guida""]","Mat Hoffman's Pro BMX è un videogioco di sport estremi incentrato sulla disciplina del BMX, sviluppato da Radical Entertainment e pubblicato da Activision nel 2001 per PlayStation.",[],1,"[""Europa""]",2001,Radical Entertainment,Activision
1209,Mary-Kate & Ashley - Winners Circle,"[""PS1""]","[""Sport""]",Un gioco di corse di cavalli con le gemelle Mary-Kate e Ashley Olsen come protagoniste.,[],1,"[""Europa""]",1999,,
1210,Mary-Kate & Ashley - Magical Mystery Mall,"[""PS1""]","[""Party""]",Gioco di avventura e party game in cui i giocatori esplorano un centro commerciale magico insieme alle gemelle Mary-Kate e Ashley Olsen.,"[""Inglese""]",0,"[""Europa""]",1999,,
1211,Mary-Kate & Ashley - Crush Course,"[""PS1""]","[""Party""]",Gioco di party game con le gemelle Mary-Kate e Ashley Olsen come protagoniste.,"[""Inglese""]",0,"[""Europa""]",1999,,
1213,Marvel vs. Capcom: Clash of Super Heroes,"[""PS1""]","[""Picchiaduro""]",Marvel vs. Capcom: Clash of Super Heroes è un videogioco picchiaduro del 1998 sviluppato da Capcom. Il gioco mette a confronto personaggi provenienti dall'universo Marvel Comics e dall'universo Capcom in battaglie 2 contro 2.,[],1,"[""Europa""]",1998,Capcom,
1214,Marvel Super Heroes vs Street Fighter,"[""PS1""]","[""Picchiaduro""]","Questo gioco è un crossover tra i personaggi dei franchise Marvel Super Heroes e Street Fighter, in cui i giocatori possono scegliere tra una vasta selezione di eroi e lottatori per combattere in epiche battaglie uno contro uno.",[],1,"[""Europa""]",1997,,
1215,Marvel Super Heroes,"[""PS1""]","[""Picchiaduro""]","Marvel Super Heroes è un videogioco picchiaduro sviluppato e pubblicato da Capcom nel 1995. Il gioco presenta un roster di personaggi tratti dall'universo Marvel Comics, tra cui Spider-Man, Hulk, Wolverine e molti altri.",[],1,"[""Europa""]",1995,Capcom,Capcom
1216,Martian Gothic Unification,"[""PS1""]","[""Azione""]","Martian Gothic Unification è un videogioco di azione ambientato su Marte. Il giocatore deve esplorare un'ambientazione oscura e inquietante, affrontando nemici e risolvendo enigmi per scoprire i segreti della colonia marziana.",[],1,"[""Europa""]",2000,,
1218,Magical Drop 3,"[""PS1""]","[""Puzzle""]","Magical Drop 3 è un gioco di puzzle in cui il giocatore deve far cadere le sfere colorate per formare gruppi di tre o più uguali, eliminandoli dallo schermo. Il gioco presenta un'ambientazione fantasy e una grafica colorata e vivace.","[""Inglese""]",1,"[""Europa""]",1998,,
1220,Magic Carpet,"[""PS1""]","[""Strategia"", ""Azione""]","Gioco di strategia e azione ambientato in un mondo fantasy, in cui il giocatore controlla un mago che cavalca un tappeto volante.","[""Inglese""]",1,"[""Europa""]",1994,,
1221,Madden NFL 2001,"[""PS1""]","[""Sport""]",Madden NFL 2001 è un videogioco di football americano sviluppato da EA Sports e pubblicato nel 2000. È il dodicesimo capitolo della serie Madden NFL.,"[""Inglese""]",0,"[""Europa""]",2000,EA Sports,
1222,Madden NFL 2000,"[""PS1""]","[""Sport""]",Madden NFL 2000 è un videogioco di football americano sviluppato da EA Sports e pubblicato nel 1999 per PlayStation. È il dodicesimo capitolo della serie Madden NFL.,"[""Inglese""]",0,"[""Europa""]",1999,EA Sports,
1223,Madden NFL 99,"[""PS1""]","[""Sport""]","Madden NFL 99 è un videogioco di football americano sviluppato da EA Sports e pubblicato nel 1998 per PlayStation. È parte della serie Madden NFL, una delle più longeve e popolari serie di videogiochi sportivi.",[],1,"[""Europa""]",1998,EA Sports,
1224,Madden NFL 98,"[""PS1""]","[""Sport""]",Madden NFL 98 è un videogioco di football americano sviluppato da EA Sports e pubblicato nel 1997 per PlayStation. È parte della serie Madden NFL.,[],1,"[""Europa""]",1997,EA Sports,
1225,Madden NFL 97,"[""PS1""]","[""Sport""]",Madden NFL 97 è un videogioco di football americano sviluppato da EA Sports e pubblicato nel 1996 per PlayStation. È parte della serie Madden NFL.,[],1,"[""Europa""]",1996,EA Sports,
1227,MDK,"[""PS1""]","[""Sparatutto""]",Gioco d'azione e sparatutto in terza persona ambientato in un futuro distopico.,[],1,"[""Europa""]",1997,,
1231,Lucky Luke Western Fever,"[""PS1""]","[""Avventura"", ""Sparatutto"", ""Azione""]","Lucky Luke Western Fever è un videogioco di avventura e azione ambientato nel selvaggio West, basato sul personaggio di Lucky Luke.",[],1,"[""Europa""]",1998,,
1234,The Lost World: Jurassic Park,"[""PS1""]","[""Avventura"", ""Azione""]","Il gioco è basato sul film The Lost World: Jurassic Park e permette ai giocatori di esplorare l'isola di Isla Sorna, dove sono presenti numerosi dinosauri.",[],1,"[""Europa""]",1997,,
1235,Lost Vikings 2 - Norse by Norsewest,"[""PS1""]","[""Puzzle"", ""Azione"", ""Piattaforma""]","Sequel del popolare gioco d'azione e puzzle Lost Vikings, Lost Vikings 2 - Norse by Norsewest continua le avventure dei tre vichinghi protagonisti.","[""Inglese""]",1,"[""Europa""]",1997,,
1237,Looney Tunes Racing,"[""PS1""]","[""Guida""]","Looney Tunes Racing è un videogioco di corse kart basato sui personaggi dei Looney Tunes. I giocatori possono scegliere tra diversi personaggi iconici come Bugs Bunny, Daffy Duck, Porky Pig e altri, e gareggiare in circuiti ispirati ai classici cartoni animati.",[],1,"[""Europa""]",2000,,
1239,London Racer,"[""PS1""]","[""Guida""]","London Racer è un gioco di corse ambientato nella città di Londra. I giocatori possono guidare attraverso le strade della capitale britannica, affrontando sfide e gare contro altri piloti.",[],1,"[""Europa""]",1998,,
1240,Lomax,"[""PS1""]","[""Piattaforma""]","Lomax è un videogioco di piattaforme pubblicato nel 1997 per PlayStation. Il gioco segue le avventure di un personaggio chiamato Lomax, che deve attraversare vari livelli superando ostacoli e nemici.",[],1,"[""Europa""]",1997,,
1241,Loaded,"[""PS1""]","[""Sparatutto""]",Gioco d'azione e sparatutto in terza persona ambientato in un futuro distopico.,[],1,"[""Europa""]",1995,,
1242,LNF Stars 2001,"[""PS1""]","[""Sport""]",aROMa,"[""Inglese""]",0,"[""Europa""]",2001,,
1243,LMA Manager 2002,"[""PS1""]","[""Sport""]",Gestisci la tua squadra di calcio in questa simulazione manageriale.,"[""Inglese""]",0,"[""Europa""]",2002,,
1244,LMA Manager 2001,"[""PS1""]","[""Sport""]",Gestisci la tua squadra di calcio in questa simulazione manageriale per PlayStation 1.,"[""Inglese""]",0,"[""Europa""]",2001,,
1247,Little Big Adventure,"[""PS1""]","[""Avventura""]","Gioco di avventura ambientato in un mondo fantasy e colorato, con elementi di esplorazione, risoluzione di enigmi e combattimenti.","[""Italiano""]",1,"[""Europa""]",1994,,
1249,Lifeforce,"[""PS1""]","[""Sparatutto""]",Lifeforce è un videogioco sparatutto pubblicato per PlayStation nel 1996. Il giocatore controlla una navicella spaziale e deve affrontare ondate di nemici alieni.,[],1,"[""Europa""]",1996,,
1252,Lethal Enforcers,"[""PS1""]","[""Sparatutto""]","Lethal Enforcers è un videogioco sparatutto in prima persona sviluppato da Konami e pubblicato nel 1992 per arcade. Il gioco è stato successivamente portato su diverse console, tra cui la PlayStation.",[],1,"[""Europa""]",1992,Konami,
1253,Les Visiteurs - La Relique de Sainte Rolande,"[""PS1""]","[""Azione""]","Avventura d'azione ambientata nel Medioevo, basata sull'omonimo film francese.",[],1,"[""Europa""]",1997,,
1254,Lemmings & Oh no more Lemmings,"[""PS1""]","[""Puzzle""]","Lemmings & Oh no more Lemmings è un videogioco di puzzle in cui il giocatore deve guidare una tribù di piccole creature chiamate Lemmings attraverso vari livelli, aiutandoli a raggiungere l'uscita sana e salva.",[],1,"[""Europa""]",1991,,
1255,LEGO Rock Raiders,"[""PS1""]","[""Azione"", ""Piattaforma""]","Gioco d'azione e piattaforma ambientato nell'universo LEGO, in cui i giocatori controllano un gruppo di esploratori minerari chiamati Rock Raiders, impegnati nell'esplorazione di un pianeta alieno alla ricerca di risorse preziose.",[],1,"[""Europa""]",1999,,
1256,LEGO Racers,"[""PS1""]","[""Guida""]",Gioco di corse con veicoli LEGO,[],1,"[""Europa""]",1999,,
1259,Legend of Legaia,"[""PS1""]","[""Azione"", ""Ruolo""]",Legend of Legaia è un videogioco di ruolo giapponese sviluppato da Contrail e pubblicato da Sony Computer Entertainment per PlayStation nel 1998. Il gioco segue le avventure di tre giovani guerrieri che devono affrontare una minaccia che incombe sul loro mondo.,"[""Italiano""]",1,"[""Europa""]",1998,Contrail,Sony Computer Entertainment
1260,Legend of Kartia,"[""PS1""]","[""Ruolo""]",Legend of Kartia è un gioco di ruolo per PlayStation sviluppato da Atlus e pubblicato nel 1998. Il gioco è ambientato in un mondo fantasy e segue le avventure di un gruppo di personaggi che devono affrontare una minaccia che incombe sul loro mondo.,"[""Inglese""]",0,"[""Europa""]",1998,Atlus,
1261,The Legend of Dragoon,"[""PS1""]","[""Azione"", ""Ruolo""]","The Legend of Dragoon è un gioco di ruolo d'azione sviluppato da Sony Computer Entertainment e pubblicato nel 1999 per PlayStation. Il gioco segue le avventure di Dart Feld, un guerriero che si unisce a un gruppo di Dragoon per affrontare una minaccia che incombe sul mondo.",[],1,"[""Europa""]",1999,Sony Computer Entertainment,
1263,Legacy of Kain: Soul Reaver,"[""PS1""]","[""Azione"", ""Avventura""]","Legacy of Kain: Soul Reaver è un videogioco di azione-avventura sviluppato da Crystal Dynamics e pubblicato da Eidos Interactive nel 1999 per PlayStation. È il secondo capitolo della serie Legacy of Kain, dopo Blood Omen: Legacy of Kain.",[],1,"[""Europa""]",1999,Crystal Dynamics,Eidos Interactive
1264,Le Mans 24 Hours,"[""PS1""]","[""Guida""]",Simulazione di corse automobilistiche di durata 24 ore sulla pista di Le Mans.,[],1,"[""Europa""]",,,
1266,Largo Winch Commando SAR,"[""PS1""]","[""Azione""]","Largo Winch Commando SAR è un videogioco d'azione sviluppato per PlayStation 1. Il gioco è basato sulla serie a fumetti Largo Winch, creata da Jean Van Hamme e Philippe Francq.",[],1,"[""Europa""]",1999,,
1268,The Land Before Time - Return to the Great Valley,"[""PS1""]","[""Avventura""]",Ritorna nella Grande Vallata con i tuoi amici dinosauri preferiti in questa nuova avventura tratta dal celebre franchise de 'La Terra Prima del Tempo'.,[],1,"[""Europa""]",1999,,
1269,The Land Before Time: The Racing Adventure,"[""PS1""]","[""Guida"", ""Avventura""]",The Land Before Time: The Racing Adventure è un videogioco di guida e avventura ambientato nell'universo de Il viaggio di Arlo. I giocatori possono esplorare il mondo preistorico e partecipare a gare di corsa con i personaggi del film.,[],1,"[""Europa""]",1999,,
1271,Kurushi Final,"[""PS1""]","[""Strategia""]","Kurushi Final è un videogioco di strategia pubblicato per PlayStation 1. Il gioco richiede al giocatore di gestire e organizzare un gruppo di personaggi chiamati Kurushi, con l'obiettivo di completare vari livelli e sfide.",[],1,"[""Europa""]",1998,,
1272,Kurushi,"[""PS1""]","[""Strategia""]","Kurushi è un videogioco di puzzle e strategia sviluppato da Compile e pubblicato da Sony Computer Entertainment per PlayStation nel 1996. Il gioco richiede al giocatore di disporre blocchi colorati in modo da formare linee orizzontali, verticali o diagonali per farli scomparire.",[],1,"[""Europa""]",1996,Compile,Sony Computer Entertainment
1273,Kula World,"[""PS1""]","[""Puzzle"", ""Azione""]",Kula World è un gioco di puzzle e azione in cui il giocatore controlla una sfera che deve navigare attraverso vari livelli pieni di ostacoli e sfide.,[],1,"[""Europa""]",1998,,
1274,Krazy Ivan,"[""PS1""]","[""Sparatutto""]",Krazy Ivan è un gioco di sparatutto per PlayStation 1 ambientato durante la Guerra Fredda. Il giocatore controlla un agente segreto sovietico che deve infiltrarsi in varie missioni per contrastare le forze nemiche.,[],1,"[""Europa""]",1998,,
1277,Konami Open Golf,"[""PS1""]","[""Sport""]",Gioco di golf sviluppato e pubblicato da Konami per PlayStation nel 1997.,[],1,"[""Europa""]",1997,Konami,Konami
1278,Knockout Kings 2001,"[""PS1""]","[""Sport""]","Knockout Kings 2001 è un videogioco di boxe pubblicato nel 2001 per PlayStation 1. Il gioco offre un'esperienza di combattimento realistica e coinvolgente, con una vasta selezione di pugili e modalità di gioco.",[],1,"[""Europa""]",2001,,
1279,Knockout Kings 2000,"[""PS1""]","[""Sport""]","Knockout Kings 2000 è un videogioco di boxe pubblicato nel 2000 per PlayStation. Il gioco offre un'esperienza di combattimento realistica e coinvolgente, con una vasta selezione di pugili e diverse modalità di gioco.",[],1,"[""Europa""]",2000,,
1280,Knockout Kings 99,"[""PS1""]","[""Sport""]","Knockout Kings 99 è un videogioco di boxe pubblicato nel 1999 per PlayStation. Il gioco offre un'esperienza di combattimento realistica e coinvolgente, con una vasta selezione di pugili e diverse modalità di gioco.",[],1,"[""Europa""]",1999,,
1281,Klonoa - Door to Phantomile,"[""PS1""]","[""Piattaforma""]",Klonoa - Door to Phantomile è un videogioco di genere platform sviluppato da Namco e pubblicato nel 1997 per PlayStation.,[],1,"[""Europa""]",1997,Namco,
1282,Klonoa - Beach Volleyball,"[""PS1""]","[""Sport""]",Klonoa - Beach Volleyball è un gioco di pallavallo sulla spiaggia che vede protagonista il personaggio Klonoa.,[],1,"[""Europa""]",,,
1283,Kiss Pinball,"[""PS1""]","[""Arcade""]",Un gioco di pinball ispirato alla band rock KISS.,[],1,"[""Europa""]",1998,,
1284,Kirikou,"[""PS1""]","[""Avventura"", ""Piattaforma""]","Kirikou è un videogioco di avventura e piattaforme ambientato in un villaggio africano. Il giocatore controlla il piccolo eroe Kirikou, che deve affrontare vari ostacoli e nemici per salvare il suo villaggio dalla malvagia strega Karaba.",[],1,"[""Europa""]",1998,,
1286,King's Field,"[""PS1""]","[""Ruolo""]","King's Field è un gioco di ruolo d'azione sviluppato da FromSoftware e pubblicato da Sony Computer Entertainment per PlayStation nel 1994. È il primo capitolo della serie King's Field, che ha avuto un grande impatto sulla storia dei giochi di ruolo in prima persona.","[""Inglese""]",1,"[""Europa""]",1994,FromSoftware,Sony Computer Entertainment
1287,The King of Fighters '95,"[""PS1""]","[""Picchiaduro""]",The King of Fighters '95 è un videogioco picchiaduro sviluppato e pubblicato da SNK nel 1995. È il secondo capitolo della serie The King of Fighters.,[],1,"[""Europa""]",1995,SNK,SNK
1289,Killing Zone,"[""PS1""]","[""Picchiaduro""]","Gioco di combattimento ambientato in un futuro distopico, dove i giocatori devono affrontare orde di nemici in un'arena mortale.",[],1,"[""Europa""]",1998,,
1292,Kickboxing Knockout,"[""PS1""]","[""Picchiaduro""]",Kickboxing Knockout è un videogioco di arti marziali per PlayStation 1. Il gioco permette ai giocatori di partecipare a combattimenti di kickboxing contro avversari controllati dal computer o da altri giocatori.,"[""Inglese""]",1,"[""Europa""]",1996,,
1293,Kick Off World,"[""PS1""]","[""Sport""]","Kick Off World è un videogioco di calcio pubblicato per PlayStation nel 1997. È il seguito di Kick Off 2, uno dei primi e più popolari giochi di calcio per computer.",[],1,"[""Europa""]",1997,,
1294,Kensei: Sacred Fist,"[""PS1""]","[""Picchiaduro""]",Kensei: Sacred Fist è un videogioco picchiaduro sviluppato e pubblicato da Namco per PlayStation nel 1997. Il gioco si svolge in un ambientazione feudale giapponese e segue le vicende di un gruppo di guerrieri che si affrontano in combattimenti corpo a corpo.,"[""Inglese""]",1,"[""Europa""]",1997,Namco,Namco
1295,Kart Challenge,"[""PS1""]","[""Guida""]",Kart Challenge è un gioco di corse kart per PlayStation 1. I giocatori possono scegliere tra diversi personaggi e partecipare a gare su circuiti variegati.,[],1,"[""Europa""]",1998,,
1296,Kagero - Deception II,"[""PS1""]","[""Azione"", ""Strategia""]",Kagero - Deception II è un gioco di azione e strategia sviluppato per PlayStation 1. Il giocatore assume il ruolo di un signore feudale che deve difendere il proprio castello utilizzando trappole e abilità strategiche.,"[""Inglese""]",1,"[""Europa""]",1997,,
1297,K-1 The Arena Fighters,"[""PS1""]","[""Picchiaduro""]",Gioco di combattimento ambientato nell'universo della famosa organizzazione di arti marziali K-1.,[],1,"[""Europa""]",1997,,
1300,Jumping Flash! 2,"[""PS1""]","[""Piattaforma""]",Jumping Flash! 2 è un videogioco di genere platform sviluppato da Exact e pubblicato da Sony Computer Entertainment per PlayStation nel 1996. È il sequel di Jumping Flash!.,[],1,"[""Europa""]",1996,Exact,Sony Computer Entertainment
1301,Jumping Flash!,"[""PS1""]","[""Piattaforma""]",Jumping Flash! è un videogioco di genere platform sviluppato da Exact e pubblicato da Sony Computer Entertainment per PlayStation nel 1995. È considerato uno dei primi giochi 3D per console.,[],1,"[""Europa""]",1995,Exact,Sony Computer Entertainment
1302,Judge Dredd,"[""PS1""]","[""Sparatutto""]","Judge Dredd è un videogioco di sparatutto in terza persona basato sull'omonimo personaggio dei fumetti. Il giocatore assume il ruolo del giudice Dredd, un agente della legge che combatte il crimine nelle strade di Mega-City One.","[""Inglese""]",0,"[""Europa""]",1995,,
1303,Jonah Lomu Rugby,"[""PS1""]","[""Sport""]",Jonah Lomu Rugby è un videogioco di rugby sviluppato da Rage Software e pubblicato da Codemasters nel 1997 per PlayStation.,[],1,"[""Europa""]",1997,Rage Software,Codemasters
1304,Le bizzarre avventure di Jojo,"[""PS1""]","[""Picchiaduro""]","Adattamento del celebre manga di Hirohiko Araki, Le bizzarre avventure di JoJo è un picchiaduro che permette di affrontare i personaggi della serie in combattimenti uno contro uno.",[],1,"[""Europa""]",1998,,
1307,Jimmy White's 2: Cueball,"[""PS1""]","[""Sport""]","Jimmy White's 2: Cueball è un videogioco di biliardo pubblicato nel 1998 per PlayStation. Il gioco permette di giocare a diverse varianti del biliardo, come snooker e pool, contro l'IA o altri giocatori.",[],1,"[""Europa""]",1998,,
1311,Jet Rider 2,"[""PS1""]","[""Guida""]",Jet Rider 2 è un gioco di guida per PlayStation 1 ambientato in un futuro distopico. Il giocatore controlla un veicolo futuristico e deve affrontare sfide di guida ad alta velocità attraverso ambienti urbani e naturali.,[],1,"[""Europa""]",1998,,
1315,Jersey Devil,"[""PS1""]","[""3d""]",Jersey Devil è un videogioco di avventura in terza persona ambientato nell'omonima leggenda urbana del New Jersey. Il giocatore assume il ruolo di un cacciatore di creature soprannaturali che deve indagare su una serie di misteriosi eventi legati all'apparizione di una creatura leggendaria.,[],1,"[""Europa""]",1998,,
1316,Jeremy McGrath Supercross 2000,"[""PS1""]","[""Sport""]","Gioco di corse di motocross che permette di gareggiare nei circuiti di Supercross con i piloti professionisti dell'epoca, tra cui Jeremy McGrath.",[],1,"[""Europa""]",2000,,
1317,Jeremy McGrath Supercross '98,"[""PS1""]","[""Sport""]",Gioco di corse di motocross che permette di gareggiare nei circuiti di Supercross con il pilota Jeremy McGrath.,[],1,"[""Europa""]",1998,,
1318,Jeff Wayne's The War of the Worlds,"[""PS1""]","[""Guida"", ""Sparatutto"", ""Azione""]","Adattamento del celebre romanzo di H.G. Wells, ambientato in un'Inghilterra vittoriana invasa dagli alieni.",[],1,"[""Europa""]",1998,,
1319,Jade Cocoon - La Leggenda del Tamamayu,"[""PS1""]","[""Ruolo""]","Jade Cocoon - La Leggenda del Tamamayu è un videogioco di ruolo sviluppato da Genki e pubblicato da Takara nel 1998 per PlayStation. Il gioco segue le avventure di un giovane ragazzo chiamato Levant, che viene addestrato per diventare un Cocoon Master, ovvero un individuo in grado di catturare e allevare creature chiamate Cocoon.",[],1,"[""Europa""]",1998,Genki,Takara
1320,Jackie Chan Stuntmaster,"[""PS1""]","[""Picchiaduro"", ""Piattaforma""]","Jackie Chan Stuntmaster è un videogioco di genere picchiaduro e piattaforma sviluppato e pubblicato per PlayStation nel 1995. Il gioco segue le avventure dell'attore e artista marziale Jackie Chan, che deve affrontare una serie di nemici e ostacoli attraverso livelli ambientati in diverse località.","[""Inglese""]",0,"[""USA""]",1995,,
1321,Iznogoud,"[""PS1""]","[""Avventura""]","Iznogoud è un videogioco di avventura basato sulla serie a fumetti francese omonima, creata da René Goscinny e Jean Tabary. Il giocatore impersona Iznogoud, il gran visir di Bagdad, che cerca di diventare Califfo al posto del Califfo.",[],1,"[""Europa""]",1995,,
1323,ISS Pro Evolution 2,"[""PS1""]","[""Sport""]",Simulatore di calcio per PlayStation 1,[],1,"[""Europa""]",1999,,
1324,ISS Pro Evolution,"[""PS1""]","[""Sport""]","Simulatore di calcio per PlayStation 1, sviluppato da Konami.",[],1,"[""Europa""]",1999,Konami,
1325,International Superstar Soccer Pro 98,"[""PS1""]","[""Sport""]","International Superstar Soccer Pro 98 è un videogioco di calcio pubblicato nel 1998 per PlayStation. È il quinto capitolo della serie International Superstar Soccer, sviluppata da Konami.",[],1,"[""Europa""]",1998,Konami,
1328,Invasion,"[""PS1""]","[""Sparatutto""]",Invasion è un gioco di sparatutto per PlayStation 1 ambientato in un contesto di fantascienza. Il giocatore deve affrontare un'invasione aliena e combattere contro nemici extraterrestri.,[],1,"[""Europa""]",1998,,
1329,Interplay sports Baseball 2000,"[""PS1""]","[""Sport""]",Gioco di baseball per PlayStation 1,[],1,"[""Europa""]",2000,,
1331,International Track & Field,"[""PS1""]","[""Sport""]","Gioco di simulazione sportiva che permette di competere in diverse discipline atletiche come corsa, salto in lungo, lancio del disco e altri eventi tipici delle competizioni di atletica leggera.",[],1,"[""Europa""]",1996,,
1332,International Superstar Soccer 2000,"[""PS1""]","[""Sport""]",International Superstar Soccer 2000 è un videogioco di calcio pubblicato nel 2000 per PlayStation. È il sequel di International Superstar Soccer Pro '98 e fa parte della serie International Superstar Soccer.,[],1,"[""Europa""]",2000,,
1333,International Superstar Soccer,"[""PS1""]","[""Sport""]","International Superstar Soccer è un videogioco di calcio pubblicato nel 1995 per PlayStation. È il primo capitolo della serie International Superstar Soccer, che in seguito è stata rinominata Pro Evolution Soccer.",[],1,"[""Europa""]",1995,,
1334,International Superstar Soccer Deluxe,"[""PS1""]","[""Sport""]","International Superstar Soccer Deluxe è un videogioco di calcio pubblicato nel 1995 per PlayStation. È il seguito di International Superstar Soccer, uno dei primi giochi di calcio per console.",[],1,"[""Europa""]",1995,,
1336,International Karate +,"[""PS1""]","[""Sport"", ""Picchiaduro""]",International Karate + è un videogioco di arti marziali pubblicato nel 1994 per PlayStation.,[],1,"[""Europa""]",1994,,
1337,International Cricket Captain 2002,"[""PS1""]","[""Sport"", ""Strategia""]","International Cricket Captain 2002 è un videogioco di cricket sviluppato e pubblicato per PlayStation 1 nel 2002. Il gioco offre un'esperienza di gestione e strategia del cricket, permettendo ai giocatori di assumere il ruolo di allenatore di una squadra di cricket e guidarla al successo.","[""Inglese""]",1,"[""Europa""]",2002,,
1338,International Cricket Captain 2001 - Ashes Edition,"[""PS1""]","[""Sport"", ""Strategia""]",Gioco di cricket che permette di gestire una squadra nazionale durante una competizione internazionale come la Coppa Ashes.,"[""Inglese""]",0,"[""Europa""]",2001,,
1339,International Cricket Captain 2000,"[""PS1""]","[""Sport"", ""Strategia""]",Gioco di simulazione di cricket che permette ai giocatori di gestire una squadra di cricket e prendere decisioni strategiche durante le partite.,[],1,"[""Europa""]",2000,,
1340,Inspector Gadget - Gadget's Crazy Maze,"[""PS1""]","[""Party"", ""Puzzle""]",Gioco di puzzle e party game basato sul personaggio di Inspector Gadget.,[],1,"[""Europa""]",1999,,
1342,Indy 500,"[""PS1""]","[""Guida""]",Gioco di corse automobilistiche ambientato nella famosa gara Indy 500.,[],1,"[""Europa""]",1996,,
1343,Independence Day,"[""PS1""]","[""Sparatutto""]",Independence Day è un videogioco sparatutto ambientato nell'universo del film omonimo. Il giocatore assume il ruolo di un pilota di caccia che deve combattere contro gli alieni invasori e salvare il pianeta Terra.,[],1,"[""Europa""]",1996,,
1344,"Incredible Hulk - The Pantheon Saga, The","[""PS1""]","[""Azione"", ""Piattaforma""]",Aroma,[],1,"[""Europa""]",1997,,
1345,Incredible Crisis,"[""PS1""]","[""Party""]",Incredible Crisis è un videogioco di genere party game sviluppato e pubblicato da Spike nel 1999 per PlayStation.,[],1,"[""Europa""]",1999,Spike,Spike
1347,Hydro Thunder,"[""PS1""]","[""Guida""]",Hydro Thunder è un videogioco di corse di barche ad alta velocità sviluppato da Midway Games e pubblicato nel 1999 per PlayStation.,[],1,"[""Europa""]",1999,Midway Games,
1348,Hybrid,"[""PS1""]","[""Sparatutto""]",Hybrid è un videogioco di genere sparatutto sviluppato per PlayStation 1.,[],1,"[""Europa""]",1998,,
1349,Hunchback of Notre Dame,"[""PS1""]","[""Puzzle""]",Gioco di avventura e puzzle ambientato nel classico romanzo di Victor Hugo 'Notre-Dame de Paris'.,[],1,"[""Europa""]",1996,,
1350,Hugo 6 - The Evil Mirror,"[""PS1""]","[""Avventura""]","Hugo 6 - The Evil Mirror è un gioco di avventura per PlayStation 1 ambientato nell'universo di Hugo, il popolare personaggio televisivo danese. Il giocatore deve aiutare Hugo a salvare il suo mondo da uno specchio malvagio.","[""Italiano""]",1,"[""Europa""]",1998,,
1352,Hugo 4 - Black Diamond Fever,"[""PS1""]","[""Avventura""]","Hugo 4 - Black Diamond Fever è un videogioco di avventura per PlayStation 1. Il gioco segue le avventure del personaggio di Hugo, un troll che deve affrontare una nuova sfida per salvare il suo mondo.","[""Italiano""]",1,"[""Europa""]",1998,,
1353,Hugo 3 - The Quest for the Sunstones,"[""PS1""]","[""Avventura""]","Hugo 3 - The Quest for the Sunstones è un gioco di avventura per PlayStation 1 ambientato nell'universo di Hugo, il personaggio creato dalla Nordisk Film. Il giocatore deve aiutare Hugo a recuperare le Pietre del Sole, che sono state rubate dal malvagio Sorcerer.","[""Italiano""]",1,"[""Europa""]",1998,,
1354,Hugo 2,"[""PS1""]","[""Piattaforma""]","Sequel del popolare gioco di piattaforme Hugo, in cui il protagonista Hugo deve affrontare nuove avventure e sfide.",[],1,"[""Europa""]",1996,,
1355,Hugo,"[""PS1""]","[""Piattaforma""]","Hugo è un videogioco di piattaforme pubblicato nel 1996 per PlayStation. Il giocatore controlla un personaggio di nome Hugo, che deve attraversare vari livelli superando ostacoli e raccogliendo oggetti.",[],1,"[""Europa""]",1996,,
1356,Hot Wheels - Turbo Racing,"[""PS1""]","[""Guida""]",Un gioco di corse con le iconiche auto Hot Wheels.,[],1,"[""Europa""]",2000,,
1357,Hot Wheels - Extreme Racing,"[""PS1""]","[""Guida""]",Gioco di corse con le iconiche auto Hot Wheels,[],1,"[""Europa""]",1999,,
1358,Hogs of War,"[""PS1""]","[""Sparatutto""]",Hogs of War è un videogioco di strategia a turni sviluppato da Infogrames e pubblicato nel 2000 per PlayStation. Il gioco vede protagonisti dei maiali antropomorfi che si affrontano in battaglie a squadre.,[],1,"[""Europa""]",2000,Infogrames,
1359,Hidden & Dangerous,"[""PS1""]","[""Sparatutto""]",Hidden & Dangerous è un videogioco di azione e strategia ambientato durante la Seconda Guerra Mondiale. Il giocatore controlla un team di soldati d'élite impegnati in missioni di infiltrazione e combattimento dietro le linee nemiche.,[],1,"[""Europa""]",1999,,
1360,Hi-Octane,"[""PS1""]","[""Guida""]",Hi-Octane è un videogioco di guida futuristica pubblicato per PlayStation nel 1996. Il gioco si svolge in un mondo distopico dove i veicoli sono alimentati da carburanti ad alta ottanatura.,[],1,"[""Europa""]",1996,,
1361,Hexen,"[""PS1""]","[""Sparatutto""]","Hexen è un gioco di sparatutto in prima persona ambientato in un mondo fantasy oscuro e inquietante. I giocatori vestono i panni di uno di tre eroi - un Cleric, un Warrior o un Mage - e devono affrontare orde di nemici soprannaturali mentre esplorano dungeon e castelli alla ricerca di indizi e potenziamenti.","[""Inglese""]",0,"[""Europa""]",1995,,
1362,Herkules,"[""PS1""]","[""Puzzle""]",Herkules è un gioco di puzzle per PlayStation 1 ambientato nell'antica Grecia. Il giocatore deve aiutare Ercole a completare una serie di sfide e rompicapi per superare gli ostacoli e raggiungere il suo obiettivo.,[],1,"[""Europa""]",1997,,
1363,Herc's Adventures,"[""PS1""]","[""Avventura""]","Herc's Adventures è un gioco di ruolo d'azione ambientato nell'antica Grecia, in cui il giocatore impersona uno dei tre eroi greci - Ercole, Atalanta o Iolao - in una missione per salvare il mondo dalla minaccia di Ade, il dio degli inferi.",[],1,"[""Europa""]",1997,,
1364,Hebereke's Popoitto,"[""PS1""]","[""Puzzle""]","Hebereke's Popoitto è un videogioco di puzzle sviluppato e pubblicato da Konami per PlayStation nel 1996. Il gioco fa parte della serie Hebereke, una serie di videogiochi puzzle giapponesi.","[""Inglese""]",1,"[""Europa""]",1996,Konami,Konami
1365,Heart of Darkness,"[""PS1""]","[""Avventura""]","Heart of Darkness è un videogioco di avventura pubblicato nel 1998 per PlayStation. Il gioco segue le avventure di un ragazzo di nome Andy, che deve salvare il suo cane Whisky dalle grinfie di un'orda di zombie.",[],1,"[""Europa""]",1998,,
1367,Harvest Moon - Back to Nature,"[""PS1""]","[""Avventura"", ""Ruolo""]","Harvest Moon - Back to Nature è un gioco di simulazione di vita rurale in cui il giocatore assume il ruolo di un giovane che eredita una fattoria e deve ricostruirla e gestirla. Il gioco offre una vasta gamma di attività, come la coltivazione di colture, l'allevamento di animali, l'interazione con i personaggi del villaggio e la costruzione di relazioni.","[""Inglese""]",0,"[""Europa""]",1999,,
1368,Harry Potter e la pietra filosofale,"[""PS1""]","[""Avventura"", ""Azione""]",Gioco di avventura e azione basato sul primo libro della serie di Harry Potter.,[],1,"[""Europa""]",2001,,
1369,Harry Potter e la camera dei segreti,"[""PS1""]","[""Avventura"", ""Azione""]","Basato sul secondo libro della serie di Harry Potter, il gioco segue Harry durante il suo secondo anno a Hogwarts, mentre cerca di scoprire l'origine di una serie di attacchi a studenti e fantasmi.",[],1,"[""Europa""]",2002,,
1371,Hard Boiled,"[""PS1""]","[""Guida"", ""Azione""]",aROMa,[],1,"[""Europa""]",1999,,
1377,Gundam Battle Assault 2,"[""PS1""]","[""Picchiaduro""]",Gundam Battle Assault 2 è un videogioco di combattimento mecha sviluppato e pubblicato da Bandai per PlayStation nel 1999. Il gioco fa parte della serie Gundam e permette ai giocatori di controllare diversi Mobile Suit provenienti dalla saga di Gundam.,[],1,"[""Europa""]",1999,Bandai,Bandai
1378,Gundam Battle Assault,"[""PS1""]","[""Picchiaduro""]",Gundam Battle Assault è un videogioco di combattimento basato sulla serie di anime e manga Gundam. Il gioco permette ai giocatori di controllare diversi Gundam e combattere in battaglie one-on-one.,[],1,"[""Europa""]",1997,,
1379,Guilty Gear,"[""PS1""]","[""Picchiaduro""]",Guilty Gear è un videogioco picchiaduro sviluppato da Arc System Works e pubblicato da Sammy Studios nel 1998 per PlayStation.,"[""Inglese""]",1,"[""Europa""]",1998,Arc System Works,Sammy Studios
1380,Gubble,"[""PS1""]","[""Puzzle""]",Gubble è un gioco di puzzle per PlayStation 1 in cui il giocatore deve risolvere enigmi e rompicapi per progredire attraverso i livelli.,[],1,"[""Europa""]",1998,,
1381,Guardian's Crusade,"[""PS1""]","[""Ruolo""]",Un gioco di ruolo per PlayStation 1 ambientato in un mondo fantasy.,[],1,"[""Europa""]",1999,,
1384,The Grinch,"[""PS1""]","[""Avventura""]","Il gioco segue la storia del Grinch, il famoso personaggio creato da Dr. Seuss, mentre cerca di rovinare il Natale agli abitanti di Whoville. I giocatori dovranno aiutare il Grinch a sabotare i preparativi natalizi e a rubare i regali.",[],1,"[""Europa""]",2000,,
1386,The Granstream Saga,"[""PS1""]","[""Ruolo"", ""Azione""]",The Granstream Saga è un gioco di ruolo d'azione sviluppato da Shade e pubblicato da Atlus per PlayStation nel 1997. Il gioco segue le avventure di un gruppo di personaggi che devono affrontare una minaccia che incombe sul loro mondo.,"[""Inglese""]",0,"[""Europa""]",1997,Shade,Atlus
1387,Grandia,"[""PS1""]","[""Ruolo""]","Grandia è un videogioco di ruolo giapponese sviluppato da Game Arts e pubblicato da Sony Computer Entertainment per PlayStation nel 1997 in Giappone e nel 1999 in Europa. Il gioco segue le avventure di Justin, un giovane avventuriero che si imbarca in un viaggio per scoprire i segreti del mondo.","[""Inglese""]",1,"[""Europa""]",1999,Game Arts,Sony Computer Entertainment
1389,Grand Theft Auto - Collector's Edition,"[""PS1""]","[""Guida"", ""Simulazione"", ""Avventura"", ""Azione""]",Collezione completa del gioco Grand Theft Auto per PlayStation 1.,[],1,"[""Europa""]",1999,,
1390,Gran Turismo 2 - The Real Driving Simulator,"[""PS1""]","[""Guida""]","Gran Turismo 2 è un simulatore di guida automobilistico sviluppato da Polyphony Digital e pubblicato da Sony Computer Entertainment per PlayStation nel 1999. È il sequel di Gran Turismo, uno dei giochi più venduti per PlayStation.",[],1,"[""Europa""]",1999,Polyphony Digital,Sony Computer Entertainment
1391,Gran Turismo - The Real Driving Simulator,"[""PS1""]","[""Guida""]",Gran Turismo è una serie di videogiochi di simulazione di guida sviluppata da Polyphony Digital e pubblicata da Sony Interactive Entertainment per PlayStation. È considerata una delle serie di videogiochi di guida più realistiche e acclamate di sempre.,[],1,"[""Europa""]",1997,Polyphony Digital,Sony Interactive Entertainment
1394,Golden Goal 98,"[""PS1""]","[""Sport""]","Golden Goal 98 è un videogioco di calcio pubblicato nel 1998 per PlayStation. Il gioco offre una simulazione realistica del gioco del calcio, con diverse modalità di gioco e la possibilità di giocare con squadre e giocatori reali.",[],1,"[""Europa""]",1998,,
1396,Global Domination,"[""PS1""]","[""Strategia""]","Global Domination è un gioco di strategia in cui il giocatore deve conquistare il mondo attraverso l'espansione militare, economica e diplomatica. Il giocatore può scegliere tra diverse fazioni e deve gestire risorse, truppe e alleanze per raggiungere l'obiettivo finale della dominazione globale.",[],1,"[""Europa""]",1998,,
1397,Ghoul Panic,"[""PS1""]","[""Sparatutto""]",Un gioco di sparatutto in cui il giocatore deve affrontare orde di mostri e fantasmi.,[],1,"[""Europa""]",1998,,
1398,Ghost in the Shell,"[""PS1""]","[""Sparatutto"", ""Azione""]","Ghost in the Shell è un videogioco d'azione e sparatutto in terza persona basato sull'omonimo manga e anime di Masamune Shirow. Il giocatore controlla la protagonista Motoko Kusanagi, un cyborg membro della Sezione 9, un'unità d'élite della polizia giapponese che si occupa di crimini ad alto livello.",[],1,"[""Europa""]",1997,,
1399,Gex 3 - Deep Cover Gecko,"[""PS1""]","[""Piattaforma""]",Gex 3 - Deep Cover Gecko è un videogioco di piattaforme sviluppato da Crystal Dynamics e pubblicato da Eidos Interactive per PlayStation nel 1999. È il terzo capitolo della serie Gex.,[],1,"[""Europa""]",1999,Crystal Dynamics,Eidos Interactive
1400,Gex 3D: Enter the Gecko,"[""PS1""]","[""Piattaforma""]",Gex 3D: Enter the Gecko è un videogioco di piattaforme sviluppato da Crystal Dynamics e pubblicato da Eidos Interactive per PlayStation nel 1999. È il terzo capitolo della serie Gex.,[],1,"[""Europa""]",1999,Crystal Dynamics,Eidos Interactive
1401,Gex,"[""PS1""]","[""Piattaforma""]",Gex è un videogioco di piattaforme pubblicato nel 1995 per PlayStation. Il protagonista è un geco antropomorfo che deve attraversare vari livelli ispirati a diversi generi televisivi per sconfiggere il malvagio Rez.,[],1,"[""Europa""]",1995,,
1402,Gekioh Shooting King,"[""PS1""]","[""Sparatutto"", ""Arcade""]",Gekioh Shooting King è un gioco di sparatutto arcade pubblicato per PlayStation 1.,"[""Inglese""]",1,"[""Europa""]",1998,,
1403,Gekido - Urban Fighters,"[""PS1""]","[""Picchiaduro""]",Gekido - Urban Fighters è un videogioco picchiaduro sviluppato da Naps Team e pubblicato da Activision nel 1999 per PlayStation.,[],1,"[""Europa""]",1999,Naps Team,Activision
1404,Gauntlet Legends,"[""PS1""]","[""Picchiaduro"", ""Ruolo"", ""Azione""]",Gauntlet Legends è un gioco di ruolo e azione in cui i giocatori possono scegliere tra diversi personaggi e combattere contro orde di nemici in un'ambientazione fantasy.,[],1,"[""Europa""]",1998,,
1406,Galaxy Fight,"[""PS1""]","[""Picchiaduro""]",Galaxy Fight è un videogioco picchiaduro sviluppato e pubblicato da Sunsoft nel 1995 per PlayStation.,[],1,"[""Europa""]",1995,Sunsoft,Sunsoft
1407,Galaxian 3,"[""PS1""]","[""Sparatutto"", ""Arcade""]",Galaxian 3 è un gioco di sparatutto arcade sviluppato e pubblicato da Namco nel 1990. Il gioco è ambientato nello spazio e vede il giocatore impegnato a combattere contro orde di nemici alieni.,[],1,"[""Europa""]",1990,Namco,Namco
1408,Galaga: Destination Earth,"[""PS1""]","[""Sparatutto"", ""Arcade""]","Galaga: Destination Earth è un videogioco sparatutto arcade sviluppato e pubblicato da Namco nel 1995 per PlayStation. È un sequel della serie Galaga, ambientato in un futuro in cui gli alieni Galaga hanno invaso la Terra.",[],1,"[""Europa""]",1995,Namco,Namco
1409,G.Police - Weapons of Justice,"[""PS1""]","[""Sparatutto"", ""Arcade""]","G.Police - Weapons of Justice è un videogioco di genere sparatutto ambientato in un futuro distopico, in cui il giocatore controlla un pilota di elicottero della polizia speciale chiamata G.Police. Il gioco offre missioni di pattugliamento, inseguimento e combattimento aereo contro vari nemici.",[],1,"[""Europa""]",1997,,
1410,GPolice,"[""PS1""]","[""Sparatutto"", ""Arcade""]",Gioco di azione e sparatutto ambientato in una città futuristica.,[],1,"[""Europa""]",1997,,
1411,GDarius,"[""PS1""]","[""Sparatutto"", ""Arcade""]",Gioco di sparatutto arcade ambientato nello spazio,[],1,"[""Europa""]",1997,,
1413,Future Cop L.A.P.D.,"[""PS1""]","[""Sparatutto"", ""Azione""]",Future Cop L.A.P.D. è un videogioco di azione e sparatutto sviluppato da Pacific Coast Power & Light e pubblicato da Electronic Arts per PlayStation nel 1998.,"[""Inglese""]",0,"[""Europa""]",1998,Pacific Coast Power & Light,Electronic Arts
1414,Front Mission 3,"[""PS1""]","[""Ruolo""]",Front Mission 3 è un videogioco di ruolo strategico sviluppato e pubblicato da Square per PlayStation nel 1999. È il terzo capitolo della serie Front Mission.,"[""Inglese""]",1,"[""Europa""]",1999,Square,Square
1415,Frogger 2 Swampy's Revenge,"[""PS1""]","[""Piattaforma"", ""Arcade""]","Frogger 2 Swampy's Revenge è un videogioco di genere piattaforma e arcade, sequel del classico Frogger.",[],1,"[""Europa""]",2000,,
1416,Frogger,"[""PS1""]","[""Piattaforma"", ""Arcade""]",Frogger è un classico gioco arcade in cui il giocatore controlla una rana che deve attraversare una strada trafficata e un fiume pieno di ostacoli per raggiungere la sicurezza dall'altro lato.,[],1,"[""Europa""]",1981,,
1422,Forsaken,"[""PS1""]","[""Sparatutto""]",Forsaken è un videogioco di genere sparatutto in prima persona sviluppato da Probe Entertainment e pubblicato da Acclaim Entertainment per PlayStation nel 1998.,[],1,"[""Europa""]",1998,Probe Entertainment,Acclaim Entertainment
1423,Formula One Arcade,"[""PS1""]","[""Guida""]",Gioco di corse automobilistiche ambientato nel mondo della Formula 1. Offre un'esperienza di guida realistica e coinvolgente.,[],1,"[""Europa""]",,,
1424,Formula One 2001,"[""PS1""]","[""Guida""]",Gioco di corse automobilistiche ambientato nel campionato di Formula 1 del 2001.,[],1,"[""Europa""]",2001,,
1425,Formula One 2000,"[""PS1""]","[""Guida""]",Gioco di corse di Formula 1 per PlayStation 1.,[],1,"[""Europa""]",2000,,
1426,Formula One 99,"[""PS1""]","[""Guida""]",Gioco di corse di Formula 1 per PlayStation 1.,[],1,"[""Europa""]",1999,,
1427,Formula Nippon,"[""PS1""]","[""Guida""]",Gioco di corse automobilistiche ambientato in Giappone,[],1,"[""Europa""]",1998,,
1430,Formula 1 '98,"[""PS1""]","[""Guida""]",Formula 1 '98 è un videogioco di simulazione di guida di Formula 1 sviluppato da Bizarre Creations e pubblicato da Psygnosis per PlayStation nel 1998.,[],1,"[""Europa""]",1998,Bizarre Creations,Psygnosis
1431,Formula 1 '97,"[""PS1""]","[""Guida""]",Formula 1 '97 è un videogioco di simulazione di guida di Formula 1 sviluppato da Bizarre Creations e pubblicato da Psygnosis nel 1997 per PlayStation.,[],1,"[""Europa""]",1997,Bizarre Creations,Psygnosis
1432,Formula 1,"[""PS1""]","[""Guida""]",Formula 1 è un videogioco di simulazione di corse automobilistiche ambientato nel campionato di Formula 1.,[],1,"[""Europa""]",1996,,
1433,Ford Truck Mania,"[""PS1""]","[""Guida""]",Ford Truck Mania è un videogioco di guida incentrato sui camion Ford. Il giocatore può guidare diversi modelli di camion Ford in vari scenari e competere in gare di velocità e abilità.,[],1,"[""Europa""]",1998,,
1435,Football Manager Campionato 2002,"[""PS1""]","[""Sport""]","Football Manager Campionato 2002 è un gioco di gestione calcistica che permette ai giocatori di assumere il ruolo di allenatore di una squadra di calcio. Il gioco offre una vasta gamma di opzioni di gestione, tra cui la selezione dei giocatori, la formazione della squadra, la tattica di gioco e la gestione del budget. Il gioco è ambientato nel campionato italiano e offre una simulazione realistica dell'esperienza di allenare una squadra di calcio.","[""Italiano""]",0,"[""Europa""]",2002,,
1436,Football Manager Campionato 2001,"[""PS1""]","[""Sport""]","Football Manager Campionato 2001 è un gioco di gestione calcistica che permette ai giocatori di assumere il ruolo di allenatore di una squadra di calcio. Il gioco offre una vasta gamma di opzioni di gestione, tra cui la selezione della rosa, la formazione della squadra, la tattica di gioco e la gestione del budget. Il giocatore può seguire l'andamento della sua squadra durante le partite e prendere decisioni strategiche per migliorarne le prestazioni.",[],1,"[""Europa""]",2001,,
1439,The Flintstones: Bedrock Bowling,"[""PS1""]","[""Sport"", ""Azione""]",The Flintstones: Bedrock Bowling è un videogioco di bowling ambientato nell'universo de I Flintstones. Il giocatore può scegliere tra diversi personaggi della serie e competere in partite di bowling ambientate nella città di Bedrock.,"[""Inglese""]",0,"[""Europa""]",1998,,
1440,Fisherman's Bait 3,"[""PS1""]","[""Pesca""]",Fisherman's Bait 3 è un videogioco di pesca pubblicato per PlayStation 1. Il gioco permette ai giocatori di cimentarsi in diverse attività di pesca in diversi ambienti acquatici.,[],1,"[""Europa""]",,,
1441,Fisherman's Bait 2 - Big Ol' Bass,"[""PS1""]","[""Pesca""]",Fisherman's Bait 2 - Big Ol' Bass è un videogioco di pesca pubblicato per PlayStation 1.,[],1,"[""Europa""]",1999,,
1442,Fisherman's Bait - A Bass Challenge,"[""PS1""]","[""Pesca""]",Fisherman's Bait - A Bass Challenge è un gioco di pesca per PlayStation 1 che sfida i giocatori a catturare il maggior numero di pesci possibile.,[],1,"[""Europa""]",1998,,
1443,Firestorm: Thunder Hawk 2,"[""PS1""]","[""Sparatutto"", ""Volo""]","Firestorm: Thunder Hawk 2 è un gioco di volo e combattimento aereo per PlayStation 1. Il giocatore pilota un elicottero da combattimento attraverso missioni di varia natura, affrontando nemici e ostacoli.",[],1,"[""Europa""]",1997,,
1444,Firebugs,"[""PS1""]","[""Guida""]","Firebugs è un gioco di guida per PlayStation 1 ambientato in un mondo post-apocalittico. I giocatori devono guidare veicoli attraverso ambienti devastati dalla guerra, evitando ostacoli e nemici per raggiungere la destinazione finale.",[],1,"[""Europa""]",1998,,
1445,Final Fantasy Tactics,"[""PS1""]","[""Ruolo""]","Final Fantasy Tactics è un videogioco di ruolo tattico sviluppato da Square e pubblicato nel 1997 per PlayStation. È ambientato nell'universo di Final Fantasy, ma con una storia e personaggi indipendenti rispetto ai capitoli principali della serie.","[""Italiano""]",0,"[""Europa""]",1997,Square,
1446,Final Fantasy IX,"[""PS1""]","[""Ruolo""]","Final Fantasy IX è un gioco di ruolo giapponese sviluppato e pubblicato da Square per PlayStation nel 2000. È il nono capitolo principale della serie Final Fantasy e segue le avventure di Zidane Tribal, un ladro con una coda di scimmia, e della principessa Garnet, che insieme a un gruppo di amici devono salvare il mondo dalla minaccia dell'Impero di Alexandria.",[],1,"[""Europa""]",2000,Square,Square
1447,Final Fantasy VIII,"[""PS1""]","[""Ruolo""]","Final Fantasy VIII è un gioco di ruolo giapponese sviluppato e pubblicato da Square per PlayStation nel 1999. È il ottavo capitolo della serie Final Fantasy ed è ambientato in un mondo fantasy con elementi di fantascienza. Il gioco segue le vicende di Squall Leonhart, un cadetto della Garden, un'accademia militare, che viene coinvolto in una guerra tra nazioni.",[],1,"[""Europa""]",1999,Square,Square
1448,Final Fantasy VII,"[""PS1""]","[""Ruolo""]",Final Fantasy VII è un videogioco di ruolo giapponese sviluppato da Square (ora Square Enix) per PlayStation. È il settimo capitolo della serie Final Fantasy ed è considerato uno dei videogiochi più influenti e acclamati di tutti i tempi.,"[""Italiano""]",0,"[""Europa""]",1997,Square (ora Square Enix),
1449,Final Fantasy VI,"[""PS1""]","[""Ruolo""]",Final Fantasy VI è un gioco di ruolo giapponese sviluppato e pubblicato da Square per Super Nintendo Entertainment System nel 1994. È il sesto capitolo della serie Final Fantasy ed è considerato uno dei migliori e più influenti giochi di ruolo di tutti i tempi.,"[""Inglese""]",0,"[""Europa""]",1994,Square,Square
1450,Final Fantasy Anthology (Final Fantasy IV + Final Fantasy V),"[""PS1""]","[""Ruolo""]","Final Fantasy Anthology è una raccolta di due classici giochi della serie Final Fantasy, Final Fantasy IV e Final Fantasy V, pubblicata per PlayStation nel 1999 in Nord America ed Europa.","[""Inglese""]",0,"[""Europa""]",1999,,
1451,Final Fantasy Origins (Final Fantasy + Final Fantasy II),"[""PS1""]","[""Ruolo""]","Final Fantasy Origins è una raccolta che include i primi due capitoli della celebre serie Final Fantasy, originariamente usciti per Nintendo Entertainment System. Questa versione per PlayStation include entrambi i giochi con grafica e audio migliorati.","[""Italiano""]",0,"[""Europa""]",1998,,
1452,Fighting Force 2,"[""PS1""]","[""Picchiaduro""]",Fighting Force 2 è un videogioco di genere picchiaduro sviluppato da Core Design e pubblicato da Eidos Interactive nel 1999 per PlayStation.,[],1,"[""Europa""]",1999,Core Design,Eidos Interactive
1453,Fighting Force,"[""PS1""]","[""Picchiaduro""]",Fighting Force è un videogioco d'azione e picchiaduro sviluppato da Core Design e pubblicato da Eidos Interactive nel 1997 per PlayStation.,"[""Inglese""]",0,"[""Europa""]",1997,Core Design,Eidos Interactive
1455,The Fifth Element,"[""PS1""]","[""Sparatutto"", ""Azione""]",aROMa,[],1,"[""Europa""]",1997,,
1456,FIFA Football 2005,"[""PS1""]","[""Sport""]",FIFA Football 2005 è un videogioco di calcio sviluppato da EA Canada e pubblicato da Electronic Arts per PlayStation 1 nel 2004. Il gioco fa parte della serie FIFA ed è il dodicesimo capitolo della serie.,[],1,"[""Europa""]",2004,EA Canada,Electronic Arts
1457,FIFA Football 2004,"[""PS1""]","[""Sport""]",FIFA Football 2004 è un videogioco di calcio sviluppato da EA Canada e pubblicato da Electronic Arts per PlayStation 1 nel 2003. Il gioco fa parte della serie FIFA ed è il decimo capitolo della serie.,[],1,"[""Europa""]",2003,EA Canada,Electronic Arts
1458,FIFA Football 2003,"[""PS1""]","[""Sport""]",FIFA Football 2003 è un videogioco di calcio sviluppato da EA Canada e pubblicato da Electronic Arts per PlayStation 1 nel 2002. Il gioco fa parte della serie FIFA ed è il decimo capitolo della serie.,[],1,"[""Europa""]",2002,EA Canada,Electronic Arts
1459,FIFA Football 2002,"[""PS1""]","[""Sport""]","FIFA Football 2002 è un videogioco di calcio sviluppato da EA Canada e pubblicato da Electronic Arts per PlayStation, PlayStation 2, GameCube, Xbox, Microsoft Windows e Game Boy Advance nel 2001. È il nono capitolo della serie FIFA.",[],1,"[""Europa""]",2001,EA Canada,Electronic Arts
1460,FIFA 2001,"[""PS1""]","[""Sport""]","FIFA 2001 è un videogioco di calcio sviluppato da EA Canada e pubblicato da Electronic Arts per PlayStation, PlayStation 2, GameCube, Xbox, Microsoft Windows e Game Boy Advance nel 2000. È il nono capitolo della serie FIFA.",[],1,"[""Europa""]",2000,EA Canada,Electronic Arts
1461,FIFA 2000,"[""PS1""]","[""Sport""]",FIFA 2000 è un videogioco di calcio sviluppato da EA Canada e pubblicato da Electronic Arts per PlayStation nel 1999. È il settimo capitolo della serie FIFA.,[],1,"[""Europa""]",1999,EA Canada,Electronic Arts
1462,FIFA 99,"[""PS1""]","[""Sport""]",FIFA 99 è un videogioco di calcio sviluppato da EA Canada e pubblicato da Electronic Arts per PlayStation nel 1998. È il sesto capitolo della serie FIFA.,[],1,"[""Europa""]",1998,EA Canada,Electronic Arts
1463,FIFA Road to world Cup 98,"[""PS1""]","[""Sport""]",Videogioco di calcio ambientato durante i Mondiali di calcio del 1998,[],1,"[""Europa""]",1998,,
1464,FIFA 97,"[""PS1""]","[""Sport""]","FIFA 97 è un videogioco di calcio pubblicato nel 1996 per PlayStation, sviluppato da EA Canada e pubblicato da Electronic Arts. È il quarto capitolo della serie FIFA.",[],1,"[""Europa""]",1996,EA Canada,Electronic Arts
1465,FIFA Soccer 96,"[""PS1""]","[""Sport""]",FIFA Soccer 96 è un videogioco di calcio pubblicato nel 1995 per PlayStation. È il terzo capitolo della serie FIFA sviluppata da EA Sports.,[],1,"[""Europa""]",1995,EA Sports,
1467,Fear Effect 2 - Retro Helix,"[""PS1""]","[""Sparatutto""]",Fear Effect 2: Retro Helix è un videogioco d'azione e avventura sviluppato da Kronos Digital Entertainment e pubblicato da Eidos Interactive per PlayStation nel 2001.,"[""Inglese""]",1,"[""Europa""]",2001,Kronos Digital Entertainment,Eidos Interactive
1468,Fear Effect,"[""PS1""]","[""Sparatutto""]","Gioco d'azione e avventura ambientato in un futuro distopico, in cui il giocatore controlla un gruppo di mercenari che devono affrontare nemici e risolvere enigmi per raggiungere il loro obiettivo.",[],1,"[""Europa""]",2001,,
1470,Fade to Black,"[""PS1""]","[""Sparatutto"", ""Azione""]",Fade to Black è un videogioco di genere sparatutto in prima persona sviluppato da Delphine Software International e pubblicato da Electronic Arts nel 1995 per PlayStation.,[],1,"[""Europa""]",1995,Delphine Software International,Electronic Arts
1471,F1 World Grand Prix,"[""PS1""]","[""Guida""]",Gioco di corse di Formula 1 per PlayStation 1.,[],1,"[""Europa""]",1996,,
1472,F1 World Grand Prix - 1999 Season,"[""PS1""]","[""Guida""]",Simulazione di guida di Formula 1 ambientata nella stagione 1999.,[],1,"[""Europa""]",1999,,
1473,F1 Championship,"[""PS1""]","[""Guida""]",Gioco di corse di Formula 1 per PlayStation 1.,[],1,"[""Europa""]",1997,,
1474,F1 Championship Season 2000,"[""PS1""]","[""Guida""]",Gioco di corse di Formula 1 ambientato nella stagione 2000.,[],1,"[""Europa""]",2000,,
1475,F1 2000,"[""PS1""]","[""Guida""]",F1 2000 è un videogioco di simulazione di Formula 1 sviluppato da Studio 33 e pubblicato da Electronic Arts per PlayStation nel 2000.,[],1,"[""Europa""]",2000,Studio 33,Electronic Arts
1476,The F.A. Premier League Stars 2001,"[""PS1""]","[""Sport""]",Gioco di calcio ambientato nella Premier League inglese.,[],1,"[""Europa""]",2001,,
1478,The F.A. Premier League Football Manager 2001,"[""PS1""]","[""Sport""]",Gestisci la tua squadra di calcio nella Premier League inglese.,"[""Inglese""]",0,"[""Europa""]",2001,,
1479,The F.A. Premier League Football Manager 2000,"[""PS1""]","[""Sport""]",Gestisci la tua squadra di calcio della Premier League inglese in questo simulatore di gestione sportiva.,"[""Inglese""]",0,"[""Europa""]",2000,,
1481,Extreme Pinball,"[""PS1""]","[""Arcade""]",Gioco di pinball arcade per PlayStation 1,[],1,"[""Europa""]",1996,,
1482,Extreme Ghostbusters The Ultimate Invasion,"[""PS1""]","[""Sparatutto""]","Extreme Ghostbusters: The Ultimate Invasion è un videogioco basato sulla serie animata Extreme Ghostbusters, sviluppato e pubblicato per PlayStation nel 1998.",[],1,"[""Europa""]",1998,,
1483,Extreme 500,"[""PS1""]","[""Sport""]",Gioco di corse automobilistiche ad alta velocità,[],1,"[""Europa""]",1998,,
1484,Explosive Racing,"[""PS1""]","[""Guida""]","Explosive Racing è un gioco di corse adrenalinico e coinvolgente per PlayStation 1. I giocatori si sfidano in gare mozzafiato, con veicoli che possono essere potenziati con armi ed esplosivi per eliminare gli avversari.",[],1,"[""Europa""]",1998,,
1485,Exhumed,"[""PS1""]","[""Sparatutto""]",Exhumed è un videogioco sparatutto in prima persona sviluppato da Lobotomy Software e pubblicato da Sega nel 1996 per PlayStation.,"[""Inglese""]",0,"[""Europa""]",1996,Lobotomy Software,Sega
1486,Excalibur 2555 A.D.,"[""PS1""]","[""Ruolo"", ""Azione"", ""Avventura""]","Ambientato in un futuro distopico, Excalibur 2555 A.D. è un gioco di ruolo d'azione che segue le avventure di un eroe che deve recuperare la leggendaria spada Excalibur per salvare il mondo.",[],1,"[""Europa""]",1996,,
1487,Evo's Space Adventures,"[""PS1""]","[""Piattaforma""]",Avventure spaziali di Evo,[],1,"[""Europa""]",1998,,
1488,Evil Zone,"[""PS1""]","[""Picchiaduro""]",Gioco di combattimento in cui i giocatori possono scegliere tra diversi personaggi con abilità uniche e combattere in arene ambientate in un mondo oscuro e soprannaturale.,[],1,"[""Europa""]",1997,,
1489,Everybody's Golf 2,"[""PS1""]","[""Sport""]","Everybody's Golf 2 è un gioco di golf arcade che offre un'esperienza di gioco divertente e accessibile per tutti i giocatori. Il gioco presenta una grafica colorata e cartoonesca, con personaggi e scenari caratteristici del genere golf.","[""Inglese""]",1,"[""Europa""]",1999,,
1490,Everybody's Golf,"[""PS1""]","[""Sport""]","Everybody's Golf è un gioco di golf arcade che offre un'esperienza di gioco accessibile e divertente per tutti i giocatori. Con un'ampia selezione di campi da golf, modalità di gioco variegate e un sistema di controllo intuitivo, il gioco permette di immergersi nel mondo del golf in modo semplice e coinvolgente.",[],1,"[""Europa""]",1997,,
1493,Eternal Eyes,"[""PS1""]","[""Ruolo""]",Eternal Eyes è un gioco di ruolo giapponese sviluppato da Sega e pubblicato nel 1999 per PlayStation. Il gioco segue le avventure di un gruppo di eroi che devono affrontare una minaccia soprannaturale che incombe sul loro mondo.,[],1,"[""Europa""]",1999,Sega,
1494,ESPN Extreme Games,"[""PS1""]","[""Sport""]",Gioco di sport estremi pubblicato per PlayStation 1.,"[""Inglese""]",1,"[""Europa""]",1995,,
1495,Equestriad 2001,"[""PS1""]","[""Sport""]","Equestriad 2001 è un videogioco di simulazione equestre pubblicato nel 2001 per PlayStation 1. Il gioco permette ai giocatori di partecipare a diverse competizioni ippiche, come salto ostacoli, dressage e cross country.","[""Inglese""]",1,"[""Europa""]",2001,,
1496,Epidemic,"[""PS1""]","[""Sparatutto""]",Epidemic è un gioco di sparatutto per PlayStation 1 ambientato in un contesto di epidemia globale. Il giocatore deve affrontare orde di nemici infetti e cercare di sopravvivere in un mondo in preda al caos.,[],1,"[""Europa""]",1998,,
1498,Elemental Pinball,"[""PS1""]","[""Arcade""]","Elemental Pinball è un gioco di pinball arcade pubblicato per PlayStation 1. Il gioco presenta un tema elementale, con tavoli di gioco ispirati ai quattro elementi: fuoco, acqua, terra e aria.",[],1,"[""Europa""]",1998,,
1499,Ehrgeiz - God Bless the Ring,"[""PS1""]","[""Picchiaduro"", ""Ruolo"", ""Party"", ""Azione""]",Ehrgeiz è un videogioco picchiaduro e di ruolo sviluppato da DreamFactory e pubblicato da Square nel 1998 per PlayStation.,[],1,"[""Europa""]",1998,DreamFactory,Square
1502,Earthworm Jim 2,"[""PS1""]","[""Piattaforma""]","Earthworm Jim 2 è un videogioco di piattaforme sviluppato da Shiny Entertainment e pubblicato da Playmates Interactive Entertainment per PlayStation nel 1995. È il sequel di Earthworm Jim, uscito l'anno precedente.",[],1,"[""Europa""]",1995,Shiny Entertainment,Playmates Interactive Entertainment
1503,Eagle One: Harrier Attack,"[""PS1""]","[""Simulazione di volo""]",Eagle One: Harrier Attack è un videogioco di simulazione di volo ambientato durante la Guerra del Golfo. Il giocatore assume il ruolo di un pilota di caccia Harrier e deve completare diverse missioni aeree.,"[""Inglese""]",0,"[""Europa""]",1995,,
1504,ECW Hardcore Revolution,"[""PS1""]","[""Wrestling""]","Videogioco di wrestling basato sulla federazione ECW (Extreme Championship Wrestling), noto per il suo stile di combattimento violento e hardcore.",[],1,"[""Europa""]",1999,,
1505,ECW Anarchy rulz,"[""PS1""]","[""Wrestling""]",Videogioco di wrestling basato sulla federazione ECW (Extreme Championship Wrestling),[],1,"[""Europa""]",1999,,
1506,E.T. - The Extra-Terrestrial - Interplanetary Mission,"[""PS1""]","[""Ruolo"", ""Azione""]","Basato sul film di Steven Spielberg, il gioco segue le avventure di E.T. mentre cerca di tornare a casa.",[],1,"[""Europa""]",1982,,
1507,Dynasty Warriors,"[""PS1""]","[""Picchiaduro""]","Dynasty Warriors è un videogioco di genere picchiaduro sviluppato e pubblicato da Koei. Il gioco è ambientato durante il periodo dei Tre Regni della storia cinese e permette al giocatore di impersonare diversi personaggi storici, ognuno con le proprie abilità e stile di combattimento.","[""Inglese""]",1,"[""Europa""]",1997,Koei,Koei
1508,Dune 2000,"[""PS1""]","[""Strategia""]","Dune 2000 è un videogioco di strategia in tempo reale ambientato nell'universo di Dune, basato sul romanzo di Frank Herbert. Il gioco segue la trama del film Dune del 1984 e permette ai giocatori di controllare una delle tre fazioni in lotta per il dominio del pianeta Arrakis e delle sue preziose riserve di spezia.","[""Inglese""]",0,"[""Europa""]",1998,,
1509,The Dukes of Hazzard - Racing for Home,"[""PS1""]","[""Guida""]",The Dukes of Hazzard - Racing for Home è un videogioco di guida basato sulla famosa serie televisiva The Dukes of Hazzard.,[],1,"[""Europa""]",1999,,
1510,Duke Nukem - Time to Kill,"[""PS1""]","[""Azione"", ""Sparatutto""]",Duke Nukem - Time to Kill è un videogioco di azione e sparatutto sviluppato da 3D Realms e pubblicato da GT Interactive Software per PlayStation nel 1998.,"[""Inglese""]",0,"[""Europa""]",1998,3D Realms,GT Interactive Software
1511,Duke Nukem - Land of the Babes,"[""PS1""]","[""Azione"", ""Sparatutto""]","Duke Nukem - Land of the Babes è un videogioco di azione e sparatutto sviluppato e pubblicato per PlayStation 1 nel 1997. Il gioco segue le avventure del protagonista Duke Nukem, un eroe muscoloso e arrogante, mentre affronta una nuova minaccia aliena.","[""Italiano""]",1,"[""Europa""]",1997,,
1512,Duke Nukem,"[""PS1""]","[""Sparatutto""]","Duke Nukem è un celebre videogioco sparatutto in prima persona sviluppato da 3D Realms e pubblicato da GT Interactive Software per PlayStation nel 1997. Il gioco segue le avventure di Duke Nukem, un eroe muscoloso e cinico che deve salvare la Terra dall'invasione di alieni.","[""Inglese""]",0,"[""Europa""]",1997,3D Realms,GT Interactive Software
1513,Ducati World,"[""PS1""]","[""Sport"", ""Guida""]",Ducati World è un videogioco di corse e guida ambientato nel mondo delle motociclette Ducati. Il gioco permette ai giocatori di guidare diverse moto Ducati su circuiti realistici e di partecipare a gare e sfide.,[],1,"[""Europa""]",1998,,
1514,DSF Fußball Manager 2002,"[""PS1""]","[""Sport""]",Gestisci la tua squadra di calcio in questo gioco di simulazione sportiva.,[],1,"[""Europa""]",2002,,
1515,DSF Fußball Manager 2001,"[""PS1""]","[""Sport""]",Gestisci la tua squadra di calcio in questo simulatore di gestione sportiva.,[],1,"[""Europa""]",2001,,
1516,Driver 2 - Back on the Streets,"[""PS1""]","[""Guida"", ""Azione""]",Driver 2 - Back on the Streets è un videogioco di guida e azione sviluppato da Reflections Interactive e pubblicato da Infogrames per PlayStation nel 2000.,[],1,"[""Europa""]",2000,Reflections Interactive,Infogrames
1517,Driver - You're the Wheelman,"[""PS1""]","[""Guida""]",Driver è un videogioco di guida e azione sviluppato da Reflections Interactive e pubblicato da Infogrames nel 1999 per PlayStation. Il giocatore assume il ruolo di un autista professionista che deve portare a termine una serie di missioni di guida in diverse città.,[],1,"[""Europa""]",1999,Reflections Interactive,Infogrames
1518,Dreamworks - Oro e Gloria - La Strada per El Dorado,"[""PS1""]","[""Avventura""]",Dreamworks - Oro e Gloria - La Strada per El Dorado è un videogioco di avventura punta e clicca ambientato nell'universo del film d'animazione 'La strada per El Dorado'.,[],1,"[""Europa""]",2000,,
1519,Aione,"[""PS1""]","[""Picchiaduro""]",Dreams è un gioco di creazione e condivisione di contenuti sviluppato da Media Molecule e pubblicato da Sony Interactive Entertainment per PlayStation 4 nel 2019.,[],1,"[""Europa""]",1995,Media Molecule,Sony Interactive Entertainment
1521,Dragonheart: Fire & Steel,"[""PS1""]","[""Ruolo"", ""Picchiaduro""]",Dragonheart: Fire & Steel è un videogioco di ruolo e picchiaduro ambientato nell'universo del film Dragonheart. Il giocatore può scegliere di impersonare diversi personaggi e combattere contro nemici utilizzando abilità e magie.,[],1,"[""Europa""]",1996,,
1522,Dragon Valor,"[""PS1""]","[""Ruolo"", ""Azione""]",Avventura fantasy con protagonista un valoroso guerriero che affronta orde di draghi e mostri.,[],1,"[""Europa""]",1998,,
1523,Dragon Tales: Dragon Seek,"[""PS1""]","[""Piattaforma""]",Dragon Tales: Dragon Seek è un videogioco per PlayStation 1 basato sulla serie animata Dragon Tales. Il gioco segue le avventure di Max e Emmy mentre esplorano il Mondo dei Draghi e aiutano i loro amici draghi a risolvere vari problemi.,"[""Inglese""]",1,"[""Europa""]",1999,,
1524,Dragon Ball Z: Ultimate Battle 22,"[""PS1""]","[""Picchiaduro""]",Dragon Ball Z: Ultimate Battle 22 è un videogioco di combattimento basato sulla popolare serie anime Dragon Ball Z. Il gioco permette ai giocatori di scegliere tra una vasta selezione di personaggi iconici della serie e di affrontarli in battaglie intense e spettacolari.,"[""Inglese""]",1,"[""Europa""]",1995,,
1525,Dragon Ball GT Final Bout,"[""PS1""]","[""Picchiaduro""]","Dragon Ball GT Final Bout è un videogioco di combattimento basato sulla serie anime Dragon Ball GT, sviluppato e pubblicato da Bandai per PlayStation nel 1997. Il gioco permette ai giocatori di scegliere tra diversi personaggi della serie e combattere in battaglie uno contro uno.",[],1,"[""Europa""]",1997,Bandai,Bandai
1528,Doom,"[""PS1""]","[""Sparatutto""]","Doom è un videogioco sparatutto in prima persona sviluppato da id Software e pubblicato nel 1993. È considerato uno dei videogiochi più influenti e rivoluzionari della storia, che ha contribuito a definire il genere degli sparatutto in prima persona.","[""Inglese""]",0,"[""Europa""]",1993,id Software,
1530,Disruptor,"[""PS1""]","[""Sparatutto""]",Disruptor è un videogioco sparatutto in prima persona sviluppato da Singletrac e pubblicato da Sony Computer Entertainment per PlayStation nel 1996.,"[""Inglese""]",0,"[""Europa""]",1996,Singletrac,Sony Computer Entertainment
1532,Disney & Pixar - Toy Story Racer,"[""PS1""]","[""Guida""]","Gioco di corse basato sul film Toy Story, in cui i giocatori possono gareggiare con i personaggi del film utilizzando veicoli a tema.",[],1,"[""Europa""]",1999,,
1533,Disney & Pixar - Toy Story 2 - Woody e Buzz alla riscossa!,"[""PS1""]","[""Avventura"", ""Azione""]","Woody e Buzz Lightyear tornano in questa nuova avventura tratta dal film Toy Story 2. Dovrai aiutare i tuoi giocattoli preferiti a superare numerosi ostacoli e sfide per ritrovare Woody, rapito da un collezionista senza scrupoli.",[],1,"[""Europa""]",1999,,
1534,Disney & Pixar - Monster & Co. - L'Isola dello Spavento,"[""PS1""]","[""Avventura"", ""Azione""]","Avventura ambientata nel mondo di Monster & Co., dove il giocatore dovrà esplorare l'Isola dello Spavento per risolvere misteri e affrontare sfide.",[],1,"[""Europa""]",2001,,
1536,Disney & Pixar - A Bug's Life - Megaminimondo,"[""PS1""]","[""Avventura"", ""Party""]","Basato sul film d'animazione Pixar 'A Bug's Life', questo gioco per PlayStation ti immerge nel mondo degli insetti, dove dovrai affrontare avventure e minigiochi divertenti.",[],1,"[""Europa""]",1998,,
1539,Disney's Tigro e la caccia al miele,"[""PS1""]","[""Avventura"", ""Piattaforma""]",Aiuta Tigro a raccogliere il miele per Winnie the Pooh in questo gioco di avventura e piattaforme ambientato nel Bosco dei Cento Acri.,[],1,"[""Europa""]",1999,,
1540,Disney's Tarzan,"[""PS1""]","[""Avventura"", ""Piattaforma"", ""Azione""]","Basato sul film Disney del 1999, Disney's Tarzan è un gioco di avventura e piattaforme in cui il giocatore controlla il personaggio di Tarzan mentre esplora la giungla, affronta nemici e risolve enigmi.",[],1,"[""Europa""]",1999,,
1542,Disney's Pooh e Tigro! E Qui la Festa,"[""PS1""]","[""Avventura"", ""Party""]",Unisciti a Winnie the Pooh e ai suoi amici in una divertente avventura piena di giochi e attività!,[],1,"[""Europa""]",,,
1543,Disney's Pippo Giochi Pazzi,"[""PS1""]","[""Avventura""]",Unisciti a Pippo in una serie di mini-giochi divertenti e coinvolgenti!,[],1,"[""Europa""]",1999,,
1544,Disney's Peter Pan: L'avventura nell'isola che non c'è,"[""PS1""]","[""Avventura"", ""Piattaforma""]",Gioco di avventura e piattaforma basato sul classico Disney di Peter Pan.,[],1,"[""Europa""]",1998,,
1546,Disney's Lilo & Stitch - Grossi Guai alle Hawaii,"[""PS1""]","[""Avventura"", ""Piattaforma""]","Avventura platform ambientata nell'universo di Lilo & Stitch, dove i giocatori dovranno aiutare Lilo e Stitch a risolvere i problemi causati dall'alieno Stitch.","[""Italiano""]",1,"[""Europa""]",2002,,
1547,Disney's Learning: Winnie the Pooh,"[""PS1""]","[""Party""]",Disney's Learning: Winnie the Pooh è un gioco educativo per PlayStation 1 che permette ai bambini di imparare attraverso attività divertenti e interattive ambientate nel mondo di Winnie the Pooh.,[],1,"[""Europa""]",1997,,
1549,Disney's Le Follie Dell'Imperatore,"[""PS1""]","[""Avventura"", ""Piattaforma""]",Disney's Le Follie Dell'Imperatore è un videogioco di avventura e piattaforme sviluppato e pubblicato per PlayStation 1.,[],1,"[""Europa""]",,,
1550,Disney's La Sirenetta 2,"[""PS1""]","[""Avventura"", ""Piattaforma""]",Continua l'avventura della Sirenetta Ariel in questo sequel per PlayStation 1.,[],1,"[""Europa""]",1997,,
1551,Disney's Il Re leone,"[""PS1""]","[""Avventura"", ""Piattaforma""]",Avventura platform basata sul film Disney Il Re leone,[],1,"[""Europa""]",1994,,
1552,Disney's Il pianeta del tesoro,"[""PS1""]","[""Avventura"", ""Piattaforma""]","Basato sul film Disney 'Il pianeta del tesoro', il gioco segue le avventure di Jim Hawkins mentre esplora il pianeta del tesoro alla ricerca di un leggendario tesoro.",[],1,"[""Europa""]",2002,,
1553,Disney's Il libro della Giungla,"[""PS1""]","[""Musicale""]","Adattamento del classico film d'animazione Disney 'Il libro della Giungla', in cui il giocatore può rivivere le avventure di Mowgli, Baloo, Bagheera e degli altri personaggi della giungla.",[],1,"[""Europa""]",1997,,
1554,Disney's Donald Duck Quack Attack,"[""PS1""]","[""Avventura"", ""Piattaforma""]",Avventura platform con protagonista il celebre papero Donald Duck.,[],1,"[""Europa""]",2000,,
1555,Disney's Dinosauri,"[""PS1""]","[""Avventura"", ""Ruolo""]","Basato sul film d'animazione Disney 'Dinosauri', il gioco segue le avventure di Aladar, un iguanodonte cresciuto da una famiglia di lemuri, mentre esplora il mondo preistorico alla ricerca della sua vera famiglia.",[],1,"[""Europa""]",2000,,
1556,Disney's Atlantis - L'impero perduto,"[""PS1""]","[""Avventura""]","Basato sull'omonimo film d'animazione Disney, il gioco segue le avventure di un gruppo di esploratori che si imbarcano in una spedizione per scoprire la leggendaria città perduta di Atlantide.",[],1,"[""Europa""]",2001,,
1557,Disney's Aladdin - La Vendetta di Nasira,"[""PS1""]","[""Avventura""]","Aladdin deve affrontare la malvagia sorella di Jafar, Nasira, che vuole vendicarsi del fratello e conquistare Agrabah.",[],1,"[""Europa""]",2000,,
1558,Disney's Hercules,"[""PS1""]","[""Avventura""]",Disney presenta un'avventura basata sul film Disney Hercules.,[],1,"[""Europa""]",1997,,
1559,Disney's 102 Dalmatians - Puppies to the Rescue,"[""PS1""]","[""Avventura""]","In questo gioco basato sul film Disney 102 Dalmati, i giocatori devono aiutare i cuccioli di dalmata a fuggire dalla malvagia Crudelia De Mon e salvare il giorno.",[],1,"[""Europa""]",2000,,
1560,Discworld Noir,"[""PS1""]","[""Avventura""]","Discworld Noir è un'avventura grafica ambientata nell'universo fantasy di Discworld, creato dallo scrittore Terry Pratchett. Il gioco segue le vicende di Lewton, un detective privato che viene coinvolto in un intricato mistero da risolvere.","[""Italiano""]",1,"[""Europa""]",1999,,
1561,Discworld II - Missing Presumed...!?,"[""PS1""]","[""Avventura""]","Discworld II - Missing Presumed...!? è un gioco di avventura punta e clicca ambientato nell'universo fantasy di Discworld, creato da Terry Pratchett.","[""Italiano""]",1,"[""Europa""]",1996,,
1562,Discworld,"[""PS1""]","[""Avventura""]","Discworld è un'avventura grafica basata sull'omonima serie di romanzi fantasy di Terry Pratchett. Il gioco segue le avventure del Mago Rincewind, un incantatore incompetente, mentre cerca di salvare il mondo di Discworld da una minaccia oscura.","[""Italiano""]",1,"[""Europa""]",1995,,
1563,Dinosaurs,"[""PS1""]","[""Puzzle""]",Dinosaurs è un gioco di puzzle ambientato nel mondo dei dinosauri. Il giocatore deve risolvere enigmi e rompicapi per progredire attraverso i livelli.,[],1,"[""Europa""]",1996,,
1565,Dino Crisis 2,"[""PS1""]","[""Azione"", ""Avventura"", ""Sparatutto"", ""Horror""]","Dino Crisis 2 è un videogioco survival horror sviluppato da Capcom e pubblicato nel 2000 per PlayStation. È il sequel di Dino Crisis, e segue le vicende di Regina, un'agente speciale, mentre cerca di sopravvivere in un'isola infestata da dinosauri.",[],1,"[""Europa""]",2000,Capcom,
1566,Dino Crisis,"[""PS1""]","[""Azione"", ""Avventura"", ""Sparatutto"", ""Horror""]","Dino Crisis è un videogioco survival horror sviluppato da Capcom e pubblicato nel 1999 per PlayStation. Il gioco segue le vicende di Regina, un'agente speciale inviata in una remota isola per indagare su una misteriosa fuga di informazioni. Tuttavia, l'isola è stata invasa da pericolosi dinosauri, e Regina dovrà lottare per la sopravvivenza.",[],1,"[""Europa""]",1999,Capcom,
1567,Digimon World 2003,"[""PS1""]","[""Ruolo"", ""Avventura""]","Digimon World 2003 è un videogioco di ruolo e avventura ambientato nell'universo di Digimon. Il giocatore assume il ruolo di un allenatore di Digimon, addestrandoli e facendoli evolvere per affrontare diverse sfide e missioni.","[""Italiano""]",1,"[""Europa""]",2003,,
1568,Digimon World,"[""PS1""]","[""Ruolo"", ""Avventura""]","Digimon World è un videogioco di ruolo e avventura sviluppato da Bandai e pubblicato nel 1999 per PlayStation. Il gioco segue le avventure di un ragazzo che deve allevare e addestrare un Digimon, creature digitali, per salvare la città di File Island.","[""Italiano""]",1,"[""Europa""]",1999,Bandai,
1569,Digimon Rumble Arena,"[""PS1""]","[""Picchiaduro""]",Digimon Rumble Arena è un videogioco di combattimento sviluppato da Bandai e pubblicato nel 2000 per PlayStation. Il gioco permette ai giocatori di scegliere tra diversi Digimon e combattere in arene interattive.,[],1,"[""Europa""]",2000,Bandai,
1570,Digimon - Digital Card Battle,"[""PS1""]","[""Carte"", ""Azione""]",Digimon - Digital Card Battle è un gioco di carte digitali ambientato nell'universo di Digimon. I giocatori raccolgono e combattono con diverse carte Digimon in battaglie strategiche.,"[""Inglese""]",1,"[""Europa""]",2000,,
1571,Die Hard Trilogy 2 - Viva Las Vegas,"[""PS1""]","[""Sparatutto"", ""Azione"", ""Guida""]","Die Hard Trilogy 2 - Viva Las Vegas è un videogioco d'azione e sparatutto pubblicato nel 1999 per PlayStation. È il sequel di Die Hard Trilogy, basato sulla serie cinematografica Die Hard.",[],1,"[""Europa""]",1999,,
1572,Die Hard Trilogy,"[""PS1""]","[""Sparatutto"", ""Azione"", ""Guida""]",Die Hard Trilogy è un videogioco d'azione pubblicato nel 1996 per PlayStation. Il gioco è composto da tre diversi minigiochi basati sulla serie cinematografica Die Hard.,[],1,"[""Europa""]",1996,,
1573,Diablo,"[""PS1""]","[""Ruolo"", ""Azione""]",Diablo è un gioco di ruolo d'azione ambientato in un mondo fantasy oscuro e cupo. Il giocatore assume il ruolo di un eroe che deve affrontare orde di demoni e creature malvagie per salvare il mondo dalla minaccia del Signore dell'Inferno.,"[""Inglese""]",0,"[""Europa""]",1997,,
1574,Dexter's Laboratory: Mandark's Lab?,"[""PS1""]","[""Party""]","Dexter's Laboratory: Mandark's Lab? è un videogioco di genere party game basato sulla serie animata Dexter's Laboratory. Il giocatore può scegliere di giocare nei panni di Dexter, Dee Dee, Mandark o altri personaggi della serie, e affrontare mini-giochi e sfide ambientate nel laboratorio di Mandark.","[""Inglese""]",0,"[""Europa""]",1999,,
1576,Devil Dice,"[""PS1""]","[""Puzzle""]",Devil Dice è un gioco di puzzle in cui il giocatore deve manipolare dei dadi per risolvere enigmi e completare i livelli. Il gioco presenta una grafica in stile anime e una colonna sonora coinvolgente.,[],1,"[""Europa""]",1998,,
1578,Destruction Derby RAW,"[""PS1""]","[""Guida"", ""Azione""]",Destruction Derby RAW è un videogioco di corse e distruzione pubblicato per PlayStation nel 1999. Il gioco è il quarto capitolo della serie Destruction Derby.,[],1,"[""Europa""]",1999,,
1579,Destruction Derby 2,"[""PS1""]","[""Guida"", ""Azione""]","Destruction Derby 2 è un videogioco di corse e demolizione pubblicato nel 1996 per PlayStation. È il sequel di Destruction Derby, uscito l'anno precedente.",[],1,"[""Europa""]",1996,,
1580,Destruction Derby,"[""PS1""]","[""Guida"", ""Azione""]","Destruction Derby è un videogioco di corse automobilistiche pubblicato nel 1995 per PlayStation. Il gioco si concentra sulla distruzione e sulla demolizione delle auto, piuttosto che sulla velocità e sulla precisione della guida.",[],1,"[""Europa""]",1995,,
1581,Destrega,"[""PS1""]","[""Picchiaduro"", ""Azione""]",Destrega è un videogioco di genere picchiaduro sviluppato per PlayStation 1.,[],1,"[""Europa""]",1998,,
1582,Descent 2,"[""PS1""]","[""Sparatutto""]","Descent 2 è un videogioco sparatutto in prima persona sviluppato da Parallax Software e pubblicato da Interplay Entertainment nel 1996 per PC. Il gioco è il sequel di Descent, uscito l'anno precedente.","[""Inglese""]",0,"[""Europa""]",1996,Parallax Software,Interplay Entertainment
1583,Descent,"[""PS1""]","[""Sparatutto""]",Descent è un videogioco sparatutto in prima persona sviluppato da Parallax Software e pubblicato da Interplay Entertainment nel 1995 per PC. Il gioco è ambientato in un futuro distopico in cui il giocatore controlla un veicolo spaziale chiamato Pyro GX e deve navigare attraverso una serie di livelli sotterranei pieni di nemici e ostacoli.,"[""Inglese""]",0,"[""Europa""]",1995,Parallax Software,Interplay Entertainment
1585,Delta Force: Urban Warfare,"[""PS1""]","[""Sparatutto""]","Delta Force: Urban Warfare è un videogioco sparatutto in prima persona ambientato in un contesto di guerra urbana. Il giocatore assume il ruolo di un membro dell'unità d'élite Delta Force, impegnato in missioni di combattimento in ambienti cittadini.",[],1,"[""Europa""]",1999,,
1586,Defcon 5,"[""PS1""]","[""Sparatutto""]",Defcon 5 è un videogioco sparatutto ambientato durante la Guerra Fredda. Il giocatore controlla un team di agenti segreti incaricati di sventare piani terroristici e scongiurare una guerra nucleare.,[],1,"[""Europa""]",1998,,
1587,Dead or Alive,"[""PS1""]","[""Picchiaduro""]",Dead or Alive è un videogioco picchiaduro sviluppato da Team Ninja e pubblicato da Tecmo nel 1996 per PlayStation.,[],1,"[""Europa""]",1996,Team Ninja,Tecmo
1588,Davis Cup Complete,"[""PS1""]","[""Sport""]","Davis Cup Complete è un videogioco di tennis per PlayStation 1 che permette di partecipare alla competizione tennistica Davis Cup. Il gioco offre diverse modalità di gioco, tra cui la possibilità di competere in singoli e doppi, e di rappresentare diverse nazioni in questa prestigiosa competizione tennistica.",[],1,"[""Europa""]",1998,,
1589,David Beckham Soccer,"[""PS1""]","[""Sport""]",David Beckham Soccer è un videogioco di calcio pubblicato per PlayStation nel 1999. Il gioco presenta il famoso calciatore inglese David Beckham come protagonista e offre un'esperienza di gioco calcistico realistica e coinvolgente.,[],1,"[""Europa""]",1999,,
1590,Dave Mirra Freestyle BMX Maximum Remix,"[""PS1""]","[""Sport""]","Dave Mirra Freestyle BMX Maximum Remix è un videogioco di BMX freestyle pubblicato per PlayStation nel 2000. Il gioco presenta il campione di BMX Dave Mirra e offre diverse modalità di gioco, tra cui una carriera e sfide multiplayer.",[],1,"[""Europa""]",2000,,
1591,Dave Mirra Freestyle BMX,"[""PS1""]","[""Sport""]","Dave Mirra Freestyle BMX è un videogioco di sport estremi incentrato sul BMX, sviluppato da Z-Axis e pubblicato da Acclaim Entertainment per PlayStation nel 1999.",[],1,"[""Europa""]",1999,Z-Axis,Acclaim Entertainment
1592,Darkstone,"[""PS1""]","[""Ruolo"", ""Azione""]","In Darkstone, il male regna sulla terra. I giocatori dovranno affrontare orde di nemici e creature mostruose per salvare il mondo.",[],1,"[""Europa""]",1999,,
1593,Darkstalkers: The Night Warriors,"[""PS1""]","[""Picchiaduro""]","Darkstalkers: The Night Warriors è un videogioco picchiaduro sviluppato e pubblicato da Capcom nel 1994. È il primo capitolo della serie Darkstalkers, ambientato in un mondo oscuro e soprannaturale popolato da creature leggendarie e mostruose.",[],1,"[""Europa""]",1994,Capcom,Capcom
1594,Darklight Conflict,"[""PS1""]","[""Sparatutto"", ""Guida""]","Darklight Conflict è un videogioco di genere sparatutto e guida ambientato in un futuro distopico. Il giocatore deve pilotare veicoli futuristici attraverso scenari post-apocalittici, combattendo nemici e completando missioni.",[],1,"[""Europa""]",1998,,
1595,Danger Girl,"[""PS1""]","[""Azione"", ""Sparatutto"", ""Avventura""]",Danger Girl è un videogioco di azione e avventura sviluppato da Access Software e pubblicato nel 1998 per PlayStation.,"[""Inglese""]",0,"[""Europa""]",1998,Access Software,
1596,Dancing Stage Party Edition,"[""PS1""]","[""Musicale""]",Gioco di ballo e musica per PlayStation 1,[],1,"[""Europa""]",1999,,
1597,Dancing Stage Fusion,"[""PS1""]","[""Musicale""]","Dancing Stage Fusion è un gioco di ballo per PlayStation 1 sviluppato da Konami. Il gioco fa parte della serie Dancing Stage, che include altri titoli di successo come Dance Dance Revolution.",[],1,"[""Europa""]",1999,Konami,
1598,Dancing Stage Fever,"[""PS1""]","[""Musicale""]","Dancing Stage Fever è un gioco di ballo per PlayStation 1 sviluppato e pubblicato da Konami nel 1999. Il gioco fa parte della serie Dancing Stage, che è uno spin-off della serie di giochi di ballo Bemani.","[""Inglese""]",1,"[""Europa""]",1999,Konami,Konami
1599,Dancing Stage Euromix,"[""PS1""]","[""Musicale""]",Gioco di ballo e musica per PlayStation 1,"[""Inglese""]",1,"[""Europa""]",1999,,
1600,Dancing Stage: Disney Mix,"[""PS1""]","[""Musicale""]","Dancing Stage: Disney Mix è un gioco di ballo per PlayStation 1 che combina la musica e i personaggi Disney. I giocatori possono ballare sulle note di canzoni tratte dai classici Disney, seguendo le coreografie sullo schermo.","[""Inglese""]",1,"[""Europa""]",1999,,
1601,Dance UK,"[""PS1""]","[""Musicale""]",Dance UK è un gioco di ballo per PlayStation 1 ambientato nel Regno Unito.,[],1,"[""Europa""]",1998,,
1606,Cybertiger,"[""PS1""]","[""Guida""]",Cybertiger è un gioco di guida per PlayStation 1 ambientato in un mondo futuristico. Il giocatore controlla un veicolo avanzato e deve navigare attraverso ambienti urbani e paesaggi alieni.,[],1,"[""Europa""]",1998,,
1608,CyberSled,"[""PS1""]","[""Sparatutto""]",Gioco di corse futuristiche in cui i giocatori guidano veicoli ad alta velocità attraverso ambienti cyberpunk.,[],1,"[""Europa""]",1996,,
1610,CT Special Forces 3 - Bioterror,"[""PS1""]","[""Sparatutto"", ""Piattaforma"", ""Azione""]",Gioco di azione e sparatutto ambientato in un contesto di guerra contro il bioterrorismo.,[],1,"[""Europa""]",,,
1613,Crypt Killer,"[""PS1""]","[""Sparatutto""]",Crypt Killer è un gioco di sparatutto in prima persona ambientato in un'atmosfera horror. Il giocatore deve affrontare orde di nemici soprannaturali all'interno di cripte e catacombe.,[],1,"[""Europa""]",1998,,
1614,Crusaders of Might and Magic,"[""PS1""]","[""Azione"", ""Avventura""]",Crusaders of Might and Magic è un gioco di ruolo d'azione ambientato in un mondo fantasy. Il giocatore controlla un gruppo di eroi che devono affrontare nemici e completare missioni per salvare il regno.,"[""Italiano""]",1,"[""Europa""]",1999,,
1615,Crusader: No Remorse,"[""PS1""]","[""Strategia""]",Crusader: No Remorse è un videogioco di strategia in tempo reale sviluppato da Origin Systems e pubblicato da Electronic Arts nel 1995 per PC e successivamente convertito per PlayStation.,"[""Inglese""]",0,"[""Europa""]",1995,Origin Systems,Electronic Arts
1616,"Crow City of Angels, The","[""PS1""]","[""Picchiaduro"", ""Azione""]","Basato sul film cult 'The Crow', il gioco segue la storia di Eric Draven, un uomo ucciso insieme alla sua fidanzata, che torna in vita per vendicarsi dei suoi assassini.","[""Inglese""]",0,"[""Europa""]",1997,,
1617,Croc 2,"[""PS1""]","[""Avventura"", ""Piattaforma""]","Croc 2 è il sequel del popolare gioco di piattaforme Croc: Legend of the Gobbos. Il giocatore controlla nuovamente Croc, un coccodrillo giallo che deve salvare il suo mondo dai malvagi Gobbos.",[],1,"[""Europa""]",2000,,
1618,Croc: Legend of the Gobbos,"[""PS1""]","[""Avventura"", ""Piattaforma""]","Croc: Legend of the Gobbos è un videogioco di avventura e piattaforme sviluppato da Argonaut Games e pubblicato da Fox Interactive per PlayStation nel 1997. Il giocatore controlla Croc, un coccodrillo giallo che deve salvare i Gobbos, piccole creature amichevoli, dal malvagio Barone Dante.","[""Inglese""]",0,"[""Europa""]",1997,Argonaut Games,Fox Interactive
1619,Criticom Critical Combat,"[""PS1""]","[""Picchiaduro""]",Criticom Critical Combat è un videogioco picchiaduro pubblicato per PlayStation nel 1996. Il gioco mette in scena combattimenti tra personaggi in un futuro distopico.,"[""Inglese""]",1,"[""Europa""]",1996,,
1623,Cricket 2000,"[""PS1""]","[""Sport""]",Cricket 2000 è un videogioco di cricket sviluppato da Codemasters e pubblicato nel 2000 per PlayStation.,[],1,"[""Europa""]",2000,Codemasters,
1624,Creatures,"[""PS1""]","[""Strategia""]","Creatures è un gioco di simulazione e strategia in cui il giocatore deve allevare e prendersi cura di creature intelligenti create in laboratorio e cresciute nello spazio. Il giocatore deve nutrire, insegnare e proteggere le creature, aiutandole a sviluppare le loro abilità cognitive e sociali.",[],1,"[""Europa""]",1996,,
1626,Crash 4 in 1,"[""PS1""]","[""Avventura""]",Pacchetto completo di trucchi per il gioco Crash 4 in 1,[],1,"[""Europa""]",,,
1627,Crash Team Racing,"[""PS1""]","[""Guida""]",Crash Team Racing è un videogioco di corse kart sviluppato da Naughty Dog e pubblicato da Sony Computer Entertainment per PlayStation nel 1999. È uno spin-off della serie Crash Bandicoot e vede i personaggi della serie cimentarsi in gare di kart racing.,[],1,"[""Europa""]",1999,Naughty Dog,Sony Computer Entertainment
1628,Crash Bash,"[""PS1""]","[""Party"", ""Avventura""]","Crash Bash è un videogioco party game sviluppato da Eurocom e pubblicato da Sony Computer Entertainment per PlayStation nel 2000. È uno spin-off della serie Crash Bandicoot, in cui i giocatori possono competere in vari minigiochi e modalità multiplayer.",[],1,"[""Europa""]",2000,Eurocom,Sony Computer Entertainment
1629,Crash Bandicoot 3 - Warped,"[""PS1""]","[""Azione"", ""Avventura""]",Crash Bandicoot 3: Warped è un videogioco platform sviluppato da Naughty Dog e pubblicato da Sony Computer Entertainment per PlayStation nel 1998. È il terzo capitolo della serie Crash Bandicoot.,[],1,"[""Europa""]",1998,Naughty Dog,Sony Computer Entertainment
1630,Crash Bandicoot 2: Cortex Strikes Back,"[""PS1""]","[""Azione"", ""Avventura""]",Crash Bandicoot 2: Cortex Strikes Back è un videogioco di piattaforme sviluppato da Naughty Dog e pubblicato da Sony Computer Entertainment per PlayStation nel 1997. È il sequel di Crash Bandicoot ed è il secondo capitolo della serie Crash Bandicoot.,[],1,"[""Europa""]",1997,Naughty Dog,Sony Computer Entertainment
1631,Crash Bandicoot,"[""PS1""]","[""Azione"", ""Avventura""]","Crash Bandicoot è un videogioco di piattaforme sviluppato da Naughty Dog e pubblicato da Sony Computer Entertainment per PlayStation nel 1996. Il giocatore controlla Crash, un bandicoot mutante, che deve attraversare vari livelli per sconfiggere il malvagio Dr. Neo Cortex.",[],1,"[""Europa""]",1996,Naughty Dog,Sony Computer Entertainment
1633,Copa del Mundo: Francia 98,"[""PS1""]","[""Sport""]",Copa del Mundo: Francia 98 è un videogioco di calcio ambientato durante i Mondiali di calcio del 1998 in Francia. Il gioco permette di rivivere le partite e i momenti salienti di quella competizione.,[],1,"[""Europa""]",1998,,
1634,Cool Boarders 4,"[""PS1""]","[""Sport""]",Cool Boarders 4 è un videogioco di snowboard pubblicato nel 1999 per PlayStation. È il quarto capitolo della serie Cool Boarders.,[],1,"[""Europa""]",1999,,
1635,Cool Boarders 3,"[""PS1""]","[""Sport""]",Cool Boarders 3 è un videogioco di snowboard pubblicato nel 1998 per PlayStation. È il terzo capitolo della serie Cool Boarders.,[],1,"[""Europa""]",1998,,
1636,Cool Boarders 2,"[""PS1""]","[""Sport""]","Cool Boarders 2 è un videogioco di snowboard pubblicato nel 1997 per PlayStation. È il sequel di Cool Boarders, il primo titolo della serie Cool Boarders.",[],1,"[""Europa""]",1997,,
1637,Cool Boarders,"[""PS1""]","[""Sport""]","Cool Boarders è un videogioco di snowboard pubblicato per PlayStation nel 1996. Il gioco offre diverse modalità di gioco, tra cui gare in discesa, trick e freestyle, permettendo ai giocatori di esplorare diverse piste innevate e di eseguire numerose acrobazie sulla tavola da snowboard.",[],1,"[""Europa""]",1996,,
1638,Contra: Legacy of War,"[""PS1""]","[""Azione"", ""Sparatutto""]",Contra: Legacy of War è un videogioco di azione e sparatutto sviluppato e pubblicato da Konami per PlayStation nel 1996. È il sesto capitolo della serie Contra.,[],1,"[""Europa""]",1996,Konami,Konami
1639,Constructor - The simulation with street smarts,"[""PS1""]","[""Strategia""]","Constructor è un gioco di simulazione e strategia in cui il giocatore deve costruire e gestire una città, affrontando sfide e competendo con altri giocatori. Il gioco offre un'esperienza di gioco profonda e coinvolgente, con una vasta gamma di opzioni di costruzione, gestione delle risorse e interazione con i personaggi.",[],1,"[""Europa""]",1997,,
1640,Command & Conquer: Retaliation,"[""PS1""]","[""Strategia""]","Command & Conquer: Retaliation è un videogioco di strategia in tempo reale sviluppato e pubblicato da Electronic Arts per PlayStation nel 1998. È uno spin-off della serie Command & Conquer, ambientato nell'universo di Tiberium.","[""Inglese""]",0,"[""Europa""]",1998,Electronic Arts,Electronic Arts
1641,Command & Conquer: Red Alert,"[""PS1""]","[""Strategia""]","Command & Conquer: Red Alert è un videogioco di strategia in tempo reale sviluppato da Westwood Studios e pubblicato da Electronic Arts nel 1996. Il gioco è ambientato in un universo alternativo in cui Albert Einstein è riuscito a eliminare Adolf Hitler dal passato, causando una drastica modifica della storia del XX secolo.","[""Inglese""]",0,"[""Europa""]",1996,Westwood Studios,Electronic Arts
1642,Command & Conquer,"[""PS1""]","[""Strategia""]","Command & Conquer è un videogioco di strategia in tempo reale sviluppato da Westwood Studios e pubblicato da Electronic Arts nel 1995. Il gioco è ambientato in un futuro prossimo in cui due fazioni, la GDI (Global Defense Initiative) e il Brotherhood of Nod, si scontrano per il controllo del mondo.","[""Inglese""]",0,"[""Europa""]",1995,Westwood Studios,Electronic Arts
1643,Colony Wars: Vengeance,"[""PS1""]","[""Azione"", ""Sparatutto""]","Colony Wars: Vengeance è un videogioco di azione e sparatutto ambientato nello spazio, sviluppato da Psygnosis e pubblicato da Sony Computer Entertainment per PlayStation nel 1998.",[],1,"[""Europa""]",1998,Psygnosis,Sony Computer Entertainment
1644,Colony Wars: Red Sun,"[""PS1""]","[""Azione"", ""Sparatutto""]","Colony Wars: Red Sun è un videogioco di azione e sparatutto ambientato nello spazio, sviluppato da Psygnosis e pubblicato da Sony Computer Entertainment per PlayStation nel 1998.",[],1,"[""Europa""]",1998,Psygnosis,Sony Computer Entertainment
1645,Colony Wars,"[""PS1""]","[""Azione"", ""Sparatutto""]","Colony Wars è un videogioco di azione e sparatutto ambientato nello spazio, sviluppato da Psygnosis e pubblicato da Sony Computer Entertainment per PlayStation nel 1997.",[],1,"[""Europa""]",1997,Psygnosis,Sony Computer Entertainment
1646,ColinMcRae Rally 2.0,"[""PS1""]","[""Guida""]",Gioco di corse rally ambientato in Europa,[],1,"[""Europa""]",1998,,
1647,ColinMcRae Rally,"[""PS1""]","[""Guida""]",Gioco di corse rally ambientato in diversi paesi europei.,[],1,"[""Europa""]",1998,,
1651,Civilization II,"[""PS1""]","[""Strategia""]","Civilization II è un videogioco di strategia a turni sviluppato da Microprose e pubblicato nel 1996 per PC. Il gioco permette al giocatore di guidare una civiltà attraverso i secoli, dalla preistoria all'era spaziale, competendo con altre civiltà per il dominio del mondo.",[],1,"[""Europa""]",1996,Microprose,
1652,The City of Lost Children,"[""PS1""]","[""Avventura"", ""Punta"", ""Clicca""]","The City of Lost Children è un videogioco di avventura e punta e clicca ambientato in un mondo distopico e surreale. Il giocatore impersona Irvin, un pescatore che deve salvare il fratello minore rapito da un misterioso scienziato.",[],1,"[""Europa""]",1995,,
1653,Circuit Breakers,"[""PS1""]","[""Guida""]",Circuit Breakers è un gioco di guida per PlayStation 1 ambientato in un mondo futuristico. Il giocatore deve guidare attraverso circuiti elettrificati e affrontare sfide di guida ad alta velocità.,[],1,"[""Europa""]",1998,,
1658,Chocobo Racing,"[""PS1""]","[""Guida""]",Chocobo Racing è un gioco di corse kart sviluppato da Square per la PlayStation. Il gioco permette ai giocatori di gareggiare con i personaggi della serie Final Fantasy su circuiti a tema.,"[""Inglese""]",1,"[""Europa""]",1999,Square,
1660,Chicken Run,"[""PS1""]","[""Azione"", ""Avventura""]","Chicken Run è un videogioco d'azione e avventura ambientato in un pollaio, dove i giocatori devono aiutare un gruppo di galline a fuggire dalla fattoria in cui sono imprigionate.",[],1,"[""Europa""]",2000,,
1661,Chi vuol essere milionario,"[""PS1""]","[""Quiz""]",Un gioco di quiz basato sul popolare programma televisivo,[],1,"[""Europa""]",2000,,
1662,Chi vuol essere miliardario,"[""PS1""]","[""Quiz""]",Gioco di quiz in cui il giocatore deve rispondere correttamente a una serie di domande per vincere un premio in denaro.,[],1,"[""Europa""]",2000,,
1668,Chaos Break,"[""PS1""]","[""Azione"", ""Sparatutto""]",Chaos Break è un gioco d'azione e sparatutto per PlayStation 1. Il giocatore deve affrontare nemici e boss in un ambiente di gioco caotico e frenetico.,[],1,"[""Europa""]",1998,,
1670,Championship Motocross 2001 fauturing Ricky Carmichael,"[""PS1""]","[""Sport""]",Gioco di motocross che presenta il pilota Ricky Carmichael,[],1,"[""Europa""]",2001,,
1671,Championship Motocross featuring Ricky Carmichael,"[""PS1""]","[""Sport""]","Championship Motocross featuring Ricky Carmichael è un videogioco di motocross pubblicato per PlayStation nel 2001. Il gioco presenta il pilota professionista Ricky Carmichael e offre diverse modalità di gioco, tra cui campionato, gara singola e multiplayer.",[],1,"[""Europa""]",2001,,
1672,Championship Bass,"[""PS1""]","[""Pesca"", ""Sport""]",Championship Bass è un gioco di pesca sportiva per PlayStation 1. Il giocatore può partecipare a tornei di pesca e competere contro altri pescatori per ottenere il titolo di campione.,[],1,"[""Europa""]",1998,,
1673,Centipede,"[""PS1""]","[""Azione"", ""Sparatutto""]","Centipede è un classico gioco arcade degli anni '80 in cui il giocatore controlla un cannone che deve distruggere un centipede che scende lentamente dallo schermo. Il gioco presenta anche altri nemici come ragni, funghi e scorpioni che rendono la sfida sempre più difficile.",[],1,"[""Europa""]",1980,,
1678,Castlevania: Symphony of the Night,"[""PS1""]","[""Azione-avventura"", ""Gioco di ruolo""]",Castlevania: Symphony of the Night è un videogioco di azione-avventura e gioco di ruolo sviluppato e pubblicato da Konami nel 1997 per PlayStation. È il quarto capitolo principale della serie Castlevania ed è considerato uno dei migliori e più influenti titoli della serie.,"[""Inglese""]",0,"[""Europa""]",1997,Konami,Konami
1679,Castlevania Chronicles,"[""PS1""]","[""Azione"", ""Avventura"", ""Piattaforma""]","Castlevania Chronicles è un videogioco di azione e avventura sviluppato e pubblicato da Konami per PlayStation nel 1999. È un remake del primo capitolo della serie Castlevania, Castlevania, uscito originariamente per NES nel 1986. Il gioco segue le avventure di Simon Belmont, un cacciatore di vampiri, mentre affronta il Conte Dracula e i suoi seguaci nel tentativo di sconfiggerlo e salvare il mondo.","[""Inglese""]",0,"[""Europa""]",1999,Konami,Konami
1681,Casper,"[""PS1""]","[""Avventura""]","Casper è un videogioco di avventura basato sull'omonimo film del 1995. Il giocatore controlla il fantasma Casper, il protagonista del film, mentre esplora la sua casa infestata e risolve enigmi per aiutare i suoi zii fantasmi.","[""Inglese""]",0,"[""Europa""]",1996,,
1682,Carnage Heart,"[""PS1""]","[""Strategia""]",Carnage Heart è un videogioco di strategia in tempo reale sviluppato da Artdink e pubblicato da Bandai per PlayStation nel 1997. Il gioco si svolge in un futuro distopico in cui le guerre vengono combattute da robot controllati da intelligenze artificiali. Il giocatore deve costruire e personalizzare i propri robot per affrontare battaglie strategiche contro altri giocatori o l'intelligenza artificiale.,"[""Italiano""]",1,"[""Europa""]",1997,Artdink,Bandai
1683,Carmageddon,"[""PS1""]","[""Guida""]","Carmageddon è un videogioco di guida e combattimento automobilistico sviluppato da Stainless Games e pubblicato nel 1997 per PC. Il gioco si caratterizza per la sua violenza e il suo umorismo nero, con il giocatore che deve distruggere gli altri veicoli e investire i pedoni per vincere le gare.",[],1,"[""Europa""]",1997,Stainless Games,
1686,Capcom vs SNK Millennium Fight 2000 Pro,"[""PS1""]","[""Picchiaduro""]","Capcom vs. SNK: Millennium Fight 2000 Pro è un videogioco picchiaduro del 2001 sviluppato da Capcom e SNK. È un seguito del precedente Capcom vs. SNK: Millennium Fight 2000, con miglioramenti e aggiunte di nuovi personaggi.",[],1,"[""Europa""]",2001,Capcom e SNK,
1687,Capcom Generations 4CD,"[""PS1""]","[""Arcade""]",Raccolta di giochi Capcom per PlayStation 1,[],1,"[""Europa""]",1998,,
1688,Capcom Generations 3CD,"[""PS1""]","[""Arcade""]",Raccolta di classici giochi Capcom per PlayStation,[],1,"[""Europa""]",1999,,
1692,Calcio manager 2000,"[""PS1""]","[""Sport""]","Gioco di gestione di una squadra di calcio, in cui il giocatore può assumere il ruolo di allenatore e prendere decisioni strategiche per guidare la sua squadra al successo.",[],1,"[""Europa""]",2000,,
1693,Caesars Palace 2000: Millennium Gold Edition,"[""PS1""]","[""Carte""]","Caesars Palace 2000: Millennium Gold Edition è un videogioco di casinò sviluppato e pubblicato da Interplay Entertainment per PlayStation nel 2000. Il gioco offre una varietà di giochi da casinò classici come blackjack, poker, roulette e slot machine, ambientati nell'iconico Caesars Palace di Las Vegas.","[""Inglese""]",0,"[""Europa""]",2000,Interplay Entertainment,Interplay Entertainment
1699,Bust-A-Move 4,"[""PS1""]","[""Arcade""]",Bust-A-Move 4 è un puzzle game in cui il giocatore deve far esplodere gruppi di bolle dello stesso colore per completare i livelli.,[],1,"[""Europa""]",1998,,
1700,Bust-A-Move 3 DX,"[""PS1""]","[""Arcade""]",Bust-A-Move 3 DX è un puzzle game in cui il giocatore deve far esplodere gruppi di bolle dello stesso colore per completare i livelli.,[],1,"[""Europa""]",,,
1701,Bust-A-Move 2 - Arcade Edition,"[""PS1""]","[""Arcade""]","Bust-A-Move 2 - Arcade Edition è un videogioco di puzzle sviluppato e pubblicato da Taito nel 1994. È il sequel del popolare gioco Bust-A-Move (noto anche come Puzzle Bobble) e presenta un gameplay simile, in cui il giocatore deve sparare bolle colorate per formare gruppi di tre o più bolle dello stesso colore per farle scomparire.",[],1,"[""Europa""]",1994,Taito,Taito
1702,Bust-a-Move '99,"[""PS1""]","[""Arcade""]",Bust-a-Move '99 è un puzzle game arcade in cui il giocatore deve far scoppiare gruppi di bolle dello stesso colore per completare i livelli.,[],1,"[""USA""]",1999,,
1703,Bust a Groove 2,"[""PS1""]","[""Musicale"", ""Party""]","Bust a Groove 2 è un videogioco di ballo e party game sviluppato da Enix e pubblicato da Sony Computer Entertainment per PlayStation nel 1999. Il gioco è il sequel di Bust a Move, uscito nel 1998.","[""Inglese""]",0,"[""USA""]",1999,Enix,Sony Computer Entertainment
1704,Bust a Groove,"[""PS1""]","[""Musicale"", ""Party""]","Bust a Groove è un videogioco di ballo e musica pubblicato per PlayStation nel 1998. Il gioco presenta una varietà di personaggi e ambientazioni, con musiche e coreografie da eseguire in stile party game.",[],1,"[""Europa""]",1998,,
1705,Bushido Blade,"[""PS1""]","[""Picchiaduro"", ""Azione""]","Bushido Blade è un picchiaduro ambientato in un mondo feudale giapponese. Il gioco si caratterizza per un sistema di combattimento realistico e letale, in cui un solo colpo ben assestato può essere fatale.",[],1,"[""Europa""]",1997,,
1708,Bundesliga 2000 Der Fussball manager,"[""PS1""]","[""Sport""]","Gestisci la tua squadra di calcio nella Bundesliga tedesca. Costruisci il tuo team, fai acquisti, allena i giocatori e porta la tua squadra alla vittoria.","[""Tedesco""]",0,"[""Europa""]",2000,,
1709,Bundesliga Stars 2001,"[""PS1""]","[""Sport""]","Bundesliga Stars 2001 è un videogioco di calcio ambientato nel campionato tedesco di calcio, la Bundesliga. Il gioco permette di giocare con le squadre e i giocatori della massima serie del campionato tedesco.",[],1,"[""Europa""]",2001,,
1710,Bundesliga Stars 2000,"[""PS1""]","[""Sport""]","Bundesliga Stars 2000 è un videogioco di calcio che permette di giocare con le squadre e i giocatori della Bundesliga, il campionato di calcio professionistico tedesco.",[],1,"[""Europa""]",2000,,
1712,Bugs Bunny: Lost in Time,"[""PS1""]","[""Avventura""]",Bugs Bunny si ritrova intrappolato in un vortice temporale e deve viaggiare attraverso diverse epoche storiche per trovare il modo di tornare al presente.,"[""Italiano""]",0,"[""USA""]",1999,,
1715,Bubsy 3D,"[""PS1""]","[""Arcade"", ""Piattaforma""]",Bubsy 3D è un gioco di piattaforme in 3D sviluppato da Eidetic e pubblicato da Accolade per PlayStation nel 1996.,[],1,"[""Europa""]",1996,Eidetic,Accolade
1716,Bubble Bobble 2,"[""PS1""]","[""Arcade""]","Bubble Bobble 2 è un videogioco arcade del 1986, sequel del popolare Bubble Bobble. Il gioco mantiene il gameplay del predecessore, in cui il giocatore controlla un draghetto che deve catturare i nemici intrappolandoli in bolle di sapone.",[],1,"[""Europa""]",1986,,
1717,Bubble Bobble feat. Rainbow Islands,"[""PS1""]","[""Piattaforma"", ""Arcade""]","Bubble Bobble feat. Rainbow Islands è un videogioco di piattaforme che combina gli elementi dei classici Bubble Bobble e Rainbow Islands. Il giocatore controlla uno dei due draghi protagonisti, Bub o Bob, e deve attraversare vari livelli saltando e usando le bolle per sconfiggere i nemici e raggiungere la fine del livello.",[],1,"[""Europa""]",1996,,
1718,Brunswick circuit Pro Bowling 2,"[""PS1""]","[""Sport""]",Sequel del gioco di bowling Brunswick circuit Pro Bowling per PlayStation 1.,[],1,"[""Europa""]",1998,,
1719,Brunswick Circuit Pro Bowling,"[""PS1""]","[""Sport""]",Brunswick Circuit Pro Bowling è un gioco di bowling per PlayStation 1. Il gioco offre un'esperienza di bowling realistica con diverse modalità di gioco e opzioni di personalizzazione.,[],1,"[""Europa""]",1998,,
1720,Broken Sword 2 - La profezia dei Maya,"[""PS1""]","[""Avventura""]","Broken Sword 2 - La profezia dei Maya è un videogioco di avventura grafica sviluppato da Revolution Software e pubblicato nel 1997 per PlayStation, PC e altri sistemi. È il sequel di Broken Sword: The Shadow of the Templars.","[""Italiano""]",1,"[""Europa""]",1997,Revolution Software,
1721,Broken Sword: Il segreto dei Templari,"[""PS1""]","[""Avventura""]","Broken Sword: Il segreto dei Templari è un classico gioco di avventura punta e clicca ambientato in un contesto storico e ricco di misteri. Il giocatore veste i panni di George Stobbart, un turista americano che si ritrova coinvolto in un'avventura piena di intrighi e pericoli dopo essere testimone di un attentato a Parigi.","[""Italiano""]",1,"[""Europa""]",1996,,
1722,Broken Helix,"[""PS1""]","[""Sparatutto""]","Broken Helix è un videogioco sparatutto per PlayStation 1, ambientato in un futuro distopico.",[],1,"[""Europa""]",1998,,
1723,Brian Lara Cricket,"[""PS1""]","[""Sport""]",Brian Lara Cricket è un videogioco di cricket sviluppato da Audiogenic Software e pubblicato da Virgin Interactive Entertainment per PlayStation nel 1996.,"[""Inglese""]",0,"[""Europa""]",1996,Audiogenic Software,Virgin Interactive Entertainment
1724,Breath of Fire IV,"[""PS1""]","[""Ruolo""]",Breath of Fire IV è un gioco di ruolo sviluppato da Capcom e pubblicato nel 2000 per PlayStation. È il quarto capitolo della serie Breath of Fire.,"[""Inglese""]",1,"[""Europa""]",2000,Capcom,
1725,Breath of Fire III,"[""PS1""]","[""Ruolo""]",Breath of Fire III è un gioco di ruolo sviluppato da Capcom e pubblicato nel 1997 per PlayStation. È il terzo capitolo della serie Breath of Fire.,"[""Inglese""]",1,"[""Europa""]",1997,Capcom,
1727,Break Out,"[""PS1""]","[""Arcade""]",Break Out è un classico gioco arcade in cui il giocatore controlla una barra che deve rimbalzare una palla per distruggere i mattoni che appaiono in alto sullo schermo.,[],1,"[""Europa""]",1976,,
1728,Bratz,"[""PS1""]","[""Musicale""]","Bratz è un videogioco basato sulla linea di bambole Bratz, sviluppato da THQ e pubblicato nel 2002 per PlayStation.",[],1,"[""Europa""]",2002,THQ,
1729,Brahma Force,"[""PS1""]","[""Sparatutto""]",Brahma Force è un gioco di sparatutto per PlayStation 1 ambientato in un futuro distopico. Il giocatore controlla un potente mech e deve affrontare ondate di nemici e boss in scenari futuristici.,[],1,"[""Europa""]",1998,,
1731,Box Champions 2001,"[""PS1""]","[""Sport""]",Gioco di boxe per PlayStation 1 ambientato nel 2001.,[],1,"[""Europa""]",2001,,
1732,Box Champions 2000,"[""PS1""]","[""Sport""]",Gioco di boxe per PlayStation 1 ambientato nel 2000.,[],1,"[""Europa""]",2000,,
1734,Bomberman World,"[""PS1""]","[""Arcade"", ""Puzzle""]","Bomberman World è un gioco di azione e puzzle in cui il giocatore controlla il personaggio di Bomberman, il cui obiettivo è quello di eliminare tutti i nemici in ogni livello utilizzando bombe strategicamente posizionate.",[],1,"[""Europa""]",1997,,
1735,Bomberman Fantasy Race,"[""PS1""]","[""Arcade"", ""Puzzle"", ""Guida""]",Un gioco di Bomberman con una modalità di gara automobilistica.,[],1,"[""Europa""]",1997,,
1736,Bomberman,"[""PS1""]","[""Arcade"", ""Puzzle""]",Bomberman è un classico gioco di azione e puzzle in cui il giocatore controlla un personaggio che deve piazzare bombe per eliminare i nemici e raggiungere l'uscita di ogni livello.,[],1,"[""Europa""]",1983,,
1739,BloodRoar2 - Bringer of the new age,"[""PS1""]","[""Picchiaduro""]","Blood Roar 2 è un picchiaduro in 3D sviluppato e pubblicato da Sega nel 1999 per PlayStation. È il sequel di Blood Roar, uscito nel 1997. Il gioco presenta un roster di personaggi animali antropomorfi che si affrontano in combattimenti corpo a corpo.","[""Inglese""]",0,"[""Europa""]",1999,Sega,Sega
1740,BloodRoar - Hyper beast duel,"[""PS1""]","[""Picchiaduro""]",Combatti in epici scontri tra bestie feroci in questo picchiaduro per PlayStation 1.,[],1,"[""Europa""]",1998,,
1741,Blood Omen Legacy of Kain,"[""PS1""]","[""Ruolo"", ""Strategia""]",Blood Omen: Legacy of Kain è un videogioco di ruolo e strategia pubblicato nel 1996 per PlayStation. È il primo capitolo della serie Legacy of Kain.,"[""Inglese""]",0,"[""Europa""]",1996,,
1742,Blood Lines,"[""PS1""]","[""Azione"", ""Piattaforma""]",aROMa,[],1,"[""Europa""]",1996,,
1745,Blazing Dragons,"[""PS1""]","[""Avventura""]",Blazing Dragons è un gioco di avventura punta e clicca ambientato in un mondo fantasy medievale. Il giocatore assume il ruolo di un cavaliere che deve affrontare varie sfide e risolvere enigmi per salvare il regno dai draghi.,"[""Inglese""]",0,"[""Europa""]",1996,,
1746,Blasto,"[""PS1""]","[""Azione"", ""Sparatutto""]",Blasto è un gioco di azione e sparatutto per PlayStation 1. Il giocatore controlla un eroe spaziale che deve affrontare nemici alieni e completare missioni in ambienti futuristici.,[],1,"[""Europa""]",1998,,
1747,Blaster Master,"[""PS1""]","[""Azione"", ""Sparatutto"", ""Guida""]","Blaster Master è un gioco di azione e sparatutto in cui il giocatore controlla un veicolo corazzato chiamato SOPHIA III, che può trasformarsi in un personaggio a piedi per esplorare aree più piccole. Il gioco combina elementi di esplorazione, combattimento e guida.",[],1,"[""Europa""]",1988,,
1749,Blast Chamber,"[""PS1""]","[""Azione"", ""Puzzle""]",Blast Chamber è un videogioco di azione e puzzle sviluppato da Cyclone Studios e pubblicato da Acclaim Entertainment per PlayStation nel 1996.,[],1,"[""Europa""]",1996,Cyclone Studios,Acclaim Entertainment
1752,Bio Freaks,"[""PS1""]","[""Picchiaduro""]",Gioco di combattimento in cui i giocatori controllano personaggi mutanti e mostruosi.,[],1,"[""Europa""]",1998,,
1753,Big Strike Bowling,"[""PS1""]","[""Sport""]",Big Strike Bowling è un gioco di bowling per PlayStation 1. Il gioco offre un'esperienza di bowling realistica con diverse modalità di gioco e opzioni di personalizzazione.,[],1,"[""Europa""]",1998,,
1754,Big Bass Fishing,"[""PS1""]","[""Pesca""]",Big Bass Fishing è un gioco di pesca per PlayStation 1 ambientato in un ambiente naturale con laghi e fiumi. Il giocatore può scegliere tra diverse modalità di gioco e diverse location per pescare diverse specie di pesci.,[],1,"[""Europa""]",1998,,
1756,Beyblade,"[""PS1""]","[""Azione""]",Beyblade è un videogioco basato sulla popolare serie anime e manga Beyblade. Il gioco permette ai giocatori di competere in battaglie di trottole Beyblade contro avversari controllati dal computer o altri giocatori in modalità multiplayer.,"[""Italiano""]",1,"[""Europa""]",2002,,
1759,Bedlam,"[""PS1""]","[""Azione"", ""Sparatutto""]",Bedlam è un gioco di azione e sparatutto ambientato in un futuro distopico. Il giocatore deve affrontare orde di nemici in un mondo caotico e violento.,[],1,"[""Europa""]",1996,,
1760,Beatmania,"[""PS1""]","[""Musicale""]","Beatmania è un videogioco di musica e ritmo sviluppato da Konami. Il giocatore deve premere una serie di tasti in sincronia con la musica in riproduzione, seguendo una griglia di note che scorrono sullo schermo.",[],1,"[""Europa""]",1997,Konami,
1761,Magic Castle,"[""PS1""]","[""Ruolo"", ""Strategia""]",Magic Castle è un gioco PS1 dimenticato e terminato ora (23/12/2020) a distanza di 20 anni.,"[""Inglese""]",0,"[""Europa""]",2000,,
1762,Beast Wars: Transformers,"[""PS1""]","[""Azione"", ""Sparatutto""]",Beast Wars: Transformers è un videogioco di azione e sparatutto basato sulla serie animata Transformers: Beast Wars. Il gioco permette ai giocatori di controllare i Transformers in forma di animali e combattere contro i nemici.,[],1,"[""Europa""]",1997,,
1763,Beach Volleyball,"[""PS1""]","[""Sport""]","Beach Volleyball è un videogioco di pallavolo ambientato in spiaggia, che permette di giocare partite di pallavola in un contesto estivo e rilassante.",[],1,"[""USA""]",1998,,
1764,BattleTanx: Global Assault,"[""PS1""]","[""Azione"", ""Sparatutto""]","BattleTanx: Global Assault è un videogioco di azione e sparatutto ambientato in un futuro post-apocalittico, in cui i giocatori controllano carri armati e combattono per la sopravvivenza.",[],1,"[""Europa""]",1999,,
1767,Battle Arena Toshinden 4,"[""PS1""]","[""Picchiaduro"", ""Party""]",Battle Arena Toshinden 4 è un videogioco picchiaduro sviluppato e pubblicato da Takara nel 1999 per PlayStation.,[],1,"[""Europa""]",1999,Takara,Takara
1768,Battle Arena Toshinden 3,"[""PS1""]","[""Picchiaduro""]",Battle Arena Toshinden 3 è un videogioco picchiaduro sviluppato e pubblicato da Takara nel 1996 per PlayStation.,[],1,"[""Europa""]",1996,Takara,Takara
1769,Battle Arena Toshinden 2,"[""PS1""]","[""Picchiaduro""]","Battle Arena Toshinden 2 è un videogioco picchiaduro sviluppato e pubblicato da Takara nel 1996 per PlayStation. È il sequel di Battle Arena Toshinden, il primo titolo della serie.",[],1,"[""Europa""]",1996,Takara,Takara
1770,Battle Arena Toshinden,"[""PS1""]","[""Picchiaduro""]",Battle Arena Toshinden è un videogioco picchiaduro sviluppato da Tamsoft e pubblicato da Takara nel 1994 per PlayStation. È stato uno dei primi titoli di successo per la console Sony e ha contribuito a definire il genere dei picchiaduro in 3D.,[],1,"[""Europa""]",1994,Tamsoft,Takara
1771,Batman - of the Future: Return of the Joker,"[""PS1""]","[""Arcade"", ""Azione""]","Questo gioco è ambientato nell'universo di Batman del futuro, dove il Cavaliere Oscuro deve affrontare il ritorno del suo acerrimo nemico, il Joker.",[],1,"[""Europa""]",1999,,
1772,Batman - Forever The Arcade Game,"[""PS1""]","[""Azione"", ""Arcade""]","Batman - Forever The Arcade Game è un videogioco di azione ambientato nell'universo di Batman, basato sul film Batman Forever del 1995.",[],1,"[""Europa""]",1995,,
1773,Batman - Gotham City Racer,"[""PS1""]","[""Guida"", ""Azione""]","Gioco di guida ambientato nell'universo di Batman, dove il giocatore può guidare diversi veicoli attraverso le strade di Gotham City.",[],1,"[""Europa""]",,,
1774,Batman & Robin,"[""PS1""]","[""Arcade"", ""Azione""]",Gioco d'azione basato sui personaggi di Batman e Robin,[],1,"[""Europa""]",1997,,
1775,Barca Manager 2000,"[""PS1""]","[""Sport""]",Gestisci la tua squadra di calcio e portala al successo.,[],1,"[""Europa""]",2000,,
1777,Barbie Super Sports,"[""PS1""]","[""Sport""]","Barbie Super Sports è un videogioco sportivo per PlayStation 1 in cui i giocatori possono partecipare a diverse discipline sportive come sci, pattinaggio, equitazione e altro ancora nei panni di Barbie.",[],1,"[""Europa""]",1999,,
1779,Barbie Explorer,"[""PS1""]","[""Avventura""]","Barbie Explorer è un videogioco di avventura per PlayStation 1 in cui i giocatori possono esplorare diversi ambienti e risolvere enigmi. Nei panni di Barbie, i giocatori devono navigare attraverso vari scenari, raccogliere oggetti e interagire con personaggi per progredire nella storia.",[],1,"[""Europa""]",1999,,
1783,Ballblazer Champions,"[""PS1""]","[""Sparatutto"", ""Azione""]",Ballblazer Champions è un gioco di azione e sparatutto per PlayStation 1.,[],1,"[""Europa""]",1994,,
1784,Baldies,"[""PS1""]","[""Strategia""]","Baldies è un gioco di strategia in cui il giocatore controlla un gruppo di personaggi calvi, chiamati appunto 'Baldies', che devono esplorare e conquistare un mondo fantastico.","[""Inglese""]",0,"[""Europa""]",1998,,
1785,Baby Universe,"[""PS1""]","[""Musicale""]",Baby Universe è un gioco musicale per PlayStation 1 ambientato in un universo colorato e fantastico.,[],1,"[""Europa""]",1998,,
1788,B-Movie,"[""PS1""]","[""Azione"", ""Sparatutto""]",B-Movie è un gioco di azione e sparatutto per PlayStation 1. Il giocatore deve affrontare nemici e situazioni tipiche dei film di serie B.,[],1,"[""Europa""]",1998,,
1789,Azure Dreams,"[""PS1""]","[""Ruolo""]",Un gioco di ruolo ambientato in un mondo fantasy dove il giocatore esplora un labirinto in cerca di tesori e affrontando nemici.,"[""Inglese""]",0,"[""Europa""]",1998,,
1792,Ayrton Senna Kart Duel,"[""PS1""]","[""Guida""]",Ayrton Senna Kart Duel è un videogioco di corse di kart sviluppato e pubblicato per PlayStation nel 1997. Il gioco è incentrato sulla figura del pilota di Formula 1 Ayrton Senna e permette ai giocatori di gareggiare in circuiti kart ispirati ai tracciati di Formula 1.,"[""Inglese""]",0,"[""Europa""]",1997,,
1793,Autorennen Spezial '98,"[""PS1""]","[""Guida""]",Demo di un gioco di corse automobilistiche per PlayStation 1.,[],1,"[""Europa""]",1998,,
1797,Austin Powers Pinball,"[""PS1""]","[""Arcade"", ""Sport""]",Un gioco di flipper basato sulla serie cinematografica di Austin Powers.,[],1,"[""Europa""]",1999,,
1800,Atari Anniversary Edition Redux,"[""PS1""]","[""Raccolta di classici arcade"", ""Arcade""]","Atari Anniversary Edition Redux è una raccolta di classici giochi arcade Atari, tra cui Pong, Asteroids, Centipede e molti altri. Questa edizione include miglioramenti grafici e sonori rispetto alle versioni originali.",[],1,"[""Europa""]",2001,,
1801,Asteroids,"[""Altro""]","[""Sparatutto"", ""Arcade""]",Asteroids è un classico videogioco arcade pubblicato nel 1979 dalla Atari. Il giocatore controlla una piccola navicella spaziale che deve distruggere gli asteroidi in avvicinamento e difendersi dagli alieni.,[],1,"[""Europa""]",1979,,
1802,Asterix & Obelix contro Cesare,"[""PS1""]","[""Avventura""]",Asterix e Obelix devono affrontare Cesare e i suoi legionari romani in questa avventura ambientata nell'antica Gallia.,[],1,"[""Europa""]",1998,,
1803,Asterix: Mega Madness,"[""PS1""]","[""Avventura""]","Asterix: Mega Madness è un videogioco di avventura basato sui personaggi dei fumetti di Asterix, sviluppato e pubblicato per PlayStation nel 1997.",[],1,"[""Europa""]",1997,,
1804,Asterix,"[""PS1""]","[""Avventura""]",Asterix è un videogioco di avventura basato sui personaggi dei fumetti omonimi creati da René Goscinny e Albert Uderzo. Il gioco segue le avventure del guerriero gallico Asterix e del suo amico Obelix mentre affrontano i Romani e cercano di proteggere il loro villaggio.,[],1,"[""Europa""]",1995,,
1806,Assault,"[""PS1""]","[""Azione"", ""Sparatutto""]",Assault è un gioco d'azione e sparatutto per PlayStation 1. Il giocatore assume il ruolo di un soldato impegnato in missioni di combattimento.,[],1,"[""Europa""]",1998,,
1807,Army Men 3D,"[""PS1""]","[""Azione"", ""Sparatutto""]",Army Men 3D è un videogioco di azione e sparatutto ambientato in un mondo di giocattoli di plastica. Il giocatore controlla un soldato di plastica verde che deve affrontare i suoi nemici di plastica di colore marrone.,[],1,"[""Europa""]",1999,,
1808,ArmyMen Team Assault,"[""PS1""]","[""Azione"", ""Sparatutto""]",Gioco di azione e sparatutto ambientato in un mondo di soldatini di plastica.,[],1,"[""Europa""]",,,
1809,Army Men: Sarge's Heroes 2,"[""PS1""]","[""Azione"", ""Sparatutto""]","Army Men: Sarge's Heroes 2 è un videogioco di azione e sparatutto ambientato in un mondo di giocattoli di plastica. Il giocatore controlla il Sergente Hawk, un soldato di plastica verde, in una serie di missioni per combattere contro l'esercito di plastica di colore marrone.","[""Italiano""]",1,"[""Europa""]",2000,,
1810,Army Men: Sarge's Heroes,"[""PS1""]","[""Azione"", ""Sparatutto""]",Un gioco di azione e sparatutto ambientato in un mondo di soldatini di plastica.,[],1,"[""Europa""]",1999,,
1811,ArmyMen Operation Meltdown,"[""PS1""]","[""Azione"", ""Sparatutto""]",Gioco di azione e sparatutto ambientato in un mondo di soldatini di plastica.,[],1,"[""Europa""]",,,
1815,Army Men: Air Attack 2,"[""PS1""]","[""Azione"", ""Sparatutto""]",Army Men: Air Attack 2 è un videogioco di azione e sparatutto ambientato in un mondo di giocattoli in plastica. Il giocatore controlla un elicottero militare e deve affrontare nemici e missioni in vari scenari.,[],1,"[""Europa""]",2000,,
1816,Army Men: Air Attack,"[""PS1""]","[""Azione"", ""Sparatutto""]",Army Men: Air Attack è un videogioco di azione e sparatutto ambientato in un mondo di giocattoli in plastica. Il giocatore controlla un soldato di plastica verde che deve affrontare i nemici di plastica di altri colori.,[],1,"[""Europa""]",1999,,
1818,Armorines: Project S.W.A.R.M.,"[""PS1""]","[""Azione""]","Armorines: Project S.W.A.R.M. è un videogioco di azione sviluppato da Beam Software e pubblicato da Acclaim Entertainment per PlayStation nel 1999. Il gioco segue le avventure di un gruppo di soldati d'élite chiamati Armorines, che devono affrontare una minaccia aliena.",[],1,"[""Europa""]",1999,Beam Software,Acclaim Entertainment
1819,Armored Core,"[""PS1""]","[""Azione""]","Armored Core è un videogioco di simulazione di mecha sviluppato e pubblicato da FromSoftware per PlayStation nel 1997. È il primo capitolo della serie Armored Core, che segue le avventure di piloti di mecha personalizzabili in un futuro distopico.",[],1,"[""Europa""]",1997,FromSoftware,FromSoftware
1821,Area 51,"[""PS1""]","[""Sparatutto""]",Area 51 è un videogioco sparatutto in prima persona sviluppato da Midway Games e pubblicato nel 1995 per PlayStation.,"[""Inglese""]",0,"[""Europa""]",1995,Midway Games,
1822,Archer MaClean's - 3D Pool,"[""PS1""]","[""Sport""]",Archer MaClean's - 3D Pool è un videogioco di biliardo pubblicato per PlayStation 1 nel 1996.,"[""Inglese""]",0,"[""Europa""]",1996,,
1823,Arcade's Greatest Hits - The Midway Collection 2,"[""PS1""]","[""Arcade""]",Arcade's Greatest Hits - The Midway Collection 2 è una raccolta di classici giochi arcade pubblicata per PlayStation 1.,[],1,"[""Europa""]",1999,,
1824,Arcade's Greatest Hits - The Atari Collection 2,"[""PS1""]","[""Arcade""]",Arcade's Greatest Hits - The Atari Collection 2 è una raccolta di classici giochi arcade Atari per PlayStation 1.,[],1,"[""Europa""]",1999,,
1825,Arcade's Greatest Hits - The Atari Collection 1,"[""PS1""]","[""Arcade""]",Arcade's Greatest Hits - The Atari Collection 1 è una raccolta di classici giochi arcade Atari per PlayStation 1.,[],1,"[""Europa""]",1996,,
1826,Arcade Party Pak,"[""PS1""]","[""Party""]",Arcade Party Pak è una raccolta di mini-giochi arcade pensati per il multiplayer. Offre una varietà di modalità di gioco divertenti e coinvolgenti per tutta la famiglia.,[],1,"[""Europa""]",,,
1827,Aquanaut's Holiday,"[""PS1""]","[""Simulazione""]","Aquanaut's Holiday è un gioco di simulazione subacquea per PlayStation 1. Il giocatore assume il ruolo di un subacqueo che esplora gli oceani, interagisce con la fauna marina e completa missioni.","[""Inglese""]",1,"[""Europa""]",1995,,
1829,Apocalypse,"[""PS1""]","[""Azione""]",Apocalypse è un videogioco d'azione sviluppato da Neversoft e pubblicato da Activision nel 1998 per PlayStation.,[],1,"[""Europa""]",1998,Neversoft,Activision
1830,Ape Escape,"[""PS1""]","[""Avventura"", ""Azione""]",Ape Escape è un videogioco di avventura e azione sviluppato da SCE Japan Studio e pubblicato da Sony Computer Entertainment per PlayStation nel 1999. Il giocatore controlla un ragazzo di nome Spike che deve catturare una banda di scimmie che hanno rubato un dispositivo in grado di controllare le menti.,[],1,"[""Europa""]",1999,SCE Japan Studio,Sony Computer Entertainment
1831,Anstoss premier manager,"[""PS1""]","[""Sport""]","Anstoss è un videogioco di simulazione calcistica sviluppato e pubblicato da Ascaron Entertainment nel 1993 per PC. Il gioco permette al giocatore di assumere il ruolo di allenatore di una squadra di calcio, gestendone tutti gli aspetti, dalla formazione della rosa alla tattica di gioco.",[],1,"[""Europa""]",1993,Ascaron Entertainment,Ascaron Entertainment
1832,Anna Kournikova's Smash Court Tennis,"[""PS1""]","[""Sport""]",Gioco di tennis che permette di giocare con la tennista professionista Anna Kournikova.,"[""Inglese""]",1,"[""Europa""]",1999,,
1835,Andretti Racing,"[""PS1""]","[""Guida""]","Andretti Racing è un videogioco di corse automobilistiche sviluppato e pubblicato da Acclaim Entertainment per PlayStation nel 1996. Il gioco presenta diverse modalità di gioco, tra cui gare singole, campionati e modalità multiplayer.","[""Inglese""]",0,"[""Europa""]",1996,Acclaim Entertainment,Acclaim Entertainment
1836,Anastasia,"[""PS1""]","[""Puzzle""]",Anastasia è un gioco di puzzle ambientato nell'Impero Russo del 1917. Il giocatore deve aiutare la principessa Anastasia a fuggire dalla rivoluzione e ritrovare la sua famiglia.,[],1,"[""Europa""]",1997,,
1837,Amerzone - Il testamento dell'esploratore,"[""PS1""]","[""Avventura""]",Amerzone - Il testamento dell'esploratore è un gioco di avventura punta e clicca ambientato in un mondo fantastico e misterioso. Il giocatore veste i panni di un esploratore che deve indagare sulla scomparsa di un suo predecessore e scoprire i segreti della regione di Amerzone.,"[""Italiano""]",1,"[""Europa""]",1999,,
1840,Alundra 2,"[""PS1""]","[""Azione"", ""Ruolo""]",Alundra 2 è un gioco di azione e ruolo per PlayStation 1. Il gioco segue le avventure di un eroe che deve affrontare nemici e risolvere enigmi per progredire nella storia.,"[""Inglese""]",0,"[""Europa""]",1999,,
1841,Alundra,"[""PS1""]","[""Azione"", ""Ruolo""]","Alundra è un gioco di azione e ruolo per PlayStation 1. Il giocatore controlla Alundra, un giovane che possiede il potere di entrare nei sogni degli altri e aiutarli a risolvere i loro problemi.","[""Italiano""]",1,"[""Europa""]",1997,,
1847,All star tennis 2000,"[""PS1""]","[""Sport""]",Gioco di tennis per PlayStation 1,[],1,"[""Europa""]",2000,,
1848,All star tennis '99,"[""PS1""]","[""Sport""]",Gioco di tennis per PlayStation 1,[],1,"[""Europa""]",1999,,
1852,All star racing,"[""PS1""]","[""Guida""]",Gioco di corse automobilistiche con personaggi e ambientazioni di vari franchise,[],1,"[""Europa""]",,,
1855,Alien Trilogy,"[""PS1""]","[""Azione"", ""Sparatutto""]",Alien Trilogy è un videogioco di azione e sparatutto ambientato nell'universo di Alien. Il giocatore impersona un marine che deve affrontare orde di xenomorfi e altri nemici pericolosi.,[],1,"[""Europa""]",1996,,
1856,Alien Resurrection,"[""PS1""]","[""Azione"", ""Sparatutto""]",Alien Resurrection è un videogioco di azione e sparatutto ambientato nell'universo di Alien. Il giocatore impersona un marine che deve affrontare orde di alieni pericolosi.,[],1,"[""Europa""]",2000,,
1857,Alfred Chicken,"[""PS1""]","[""Piattaforma""]",Aroma di pollo,[],1,"[""Europa""]",1995,,
1859,Alex Ferguson's Player Manager 2002,"[""PS1""]","[""Sport""]",Gestisci la tua squadra di calcio con Alex Ferguson come allenatore.,"[""Inglese""]",0,"[""Europa""]",2002,,
1860,Alex Ferguson Player Manager 2001,"[""PS1""]","[""Sport""]","Questo gioco ti permette di vestire i panni di Alex Ferguson, il leggendario allenatore del Manchester United. Potrai gestire la squadra, prendere decisioni strategiche e guidare i tuoi giocatori alla vittoria.","[""Inglese""]",0,"[""Europa""]",2001,,
1866,Air Combat,"[""PS1""]","[""Volo""]",Air Combat è un gioco di simulazione di volo per PlayStation. Il giocatore assume il ruolo di un pilota di caccia e deve affrontare missioni di combattimento aereo contro nemici.,[],1,"[""Europa""]",1995,,
1869,Advanced Dungeons & Dragons - Iron & Blood - Warriors of Ravenloft,"[""PS1""]","[""Picchiaduro""]","Gioco di combattimento ambientato nell'universo di Dungeons & Dragons, con personaggi e ambientazioni tratti dalla serie Ravenloft.",[],1,"[""Europa""]",1996,,
1870,Adidas Power Soccer 98,"[""PS1""]","[""Sport""]","Adidas Power Soccer 98 è un videogioco di calcio pubblicato nel 1998 per PlayStation. Il gioco offre una simulazione realistica del calcio, con diverse modalità di gioco e la possibilità di giocare con squadre e giocatori reali.",[],1,"[""Europa""]",1998,,
1871,Adidas Power Soccer 97,"[""PS1""]","[""Sport""]","Adidas Power Soccer 97 è un videogioco di calcio pubblicato nel 1997 per PlayStation. Il gioco offre una simulazione realistica del calcio, con diverse modalità di gioco e la possibilità di giocare con squadre e giocatori reali.",[],1,"[""Europa""]",1997,,
1872,Adidas Power Soccer 2,"[""PS1""]","[""Sport""]","Adidas Power Soccer 2 è un videogioco di calcio pubblicato nel 1997 per PlayStation. Il gioco offre una simulazione realistica del gioco del calcio, con diverse modalità di gioco e opzioni di personalizzazione.",[],1,"[""Europa""]",1997,,
1873,Adidas Power Soccer,"[""PS1""]","[""Sport""]","Adidas Power Soccer è un videogioco di calcio pubblicato nel 1996 per PlayStation. Il gioco offre una simulazione realistica del calcio, con diverse modalità di gioco e la possibilità di giocare con squadre e giocatori reali.",[],1,"[""Europa""]",1996,,
1874,Adiboo & Paziral's Secret,"[""PS1""]","[""Avventura""]","Adiboo & Paziral's Secret è un gioco di avventura per PlayStation 1 ambientato in un mondo fantastico. Il giocatore controlla Adiboo, un personaggio che deve esplorare diversi ambienti e risolvere enigmi per scoprire i segreti di Paziral.",[],1,"[""Europa""]",1998,,
1876,Actua Soccer 3,"[""PS1""]","[""Sport""]",Actua Soccer 3 è un videogioco di calcio sviluppato e pubblicato da Gremlin Interactive nel 1998 per PlayStation.,[],1,"[""Europa""]",1998,Gremlin Interactive,Gremlin Interactive
1877,Actua Soccer 2,"[""PS1""]","[""Sport""]",Actua Soccer 2 è un videogioco di calcio sviluppato e pubblicato da Gremlin Interactive nel 1997 per PlayStation.,[],1,"[""Europa""]",1997,Gremlin Interactive,Gremlin Interactive
1878,ActuaSoccer Clubedition,"[""PS1""]","[""Sport""]",Gioco di calcio per PlayStation 1,[],1,"[""Europa""]",,,
1879,Actua Soccer,"[""PS1""]","[""Sport""]",Actua Soccer è un videogioco di calcio pubblicato nel 1995 per PlayStation. È stato sviluppato da Gremlin Interactive e pubblicato da Gremlin Interactive in Europa.,"[""Inglese""]",0,"[""Europa""]",1995,Gremlin Interactive,Gremlin Interactive
1880,Actua Pool,"[""PS1""]","[""Sport""]","Actua Pool è un videogioco di biliardo per PlayStation 1 che offre un'esperienza di gioco realistica e coinvolgente. Il gioco presenta una grafica dettagliata, una fisica accurata della palla e diverse modalità di gioco per soddisfare i giocatori di biliardo di tutti i livelli.",[],1,"[""Europa""]",1998,,
1881,Actua Ice Hockey 2,"[""PS1""]","[""Sport""]",Actua Ice Hockey 2 è un videogioco di hockey su ghiaccio sviluppato e pubblicato da Gremlin Interactive nel 1997 per PlayStation.,"[""Inglese""]",0,"[""Europa""]",1997,Gremlin Interactive,Gremlin Interactive
1882,Actua Ice Hockey,"[""PS1""]","[""Sport""]",Actua Ice Hockey è un videogioco di hockey su ghiaccio sviluppato da Gremlin Interactive e pubblicato da Eidos Interactive per PlayStation nel 1997.,"[""Inglese""]",0,"[""Europa""]",1997,Gremlin Interactive,Eidos Interactive
1883,Actua Golf 3,"[""PS1""]","[""Sport""]","Actua Golf 3 è un gioco di golf per PlayStation 1 che offre un'esperienza di gioco realistica e coinvolgente. Il gioco presenta una varietà di campi da golf dettagliati e sfidanti, con una fisica di gioco accurata e opzioni di personalizzazione per i giocatori.",[],1,"[""Europa""]",1999,,
1884,Actua Golf 2,"[""PS1""]","[""Sport""]","Actua Golf 2 è un videogioco di golf pubblicato nel 1998 per PlayStation. È il sequel di Actua Golf, sviluppato da Gremlin Interactive e pubblicato da Acclaim Entertainment.","[""Inglese""]",1,"[""Europa""]",1998,Gremlin Interactive,Acclaim Entertainment
1885,Actua Golf,"[""PS1""]","[""Sport""]","Actua Golf è un videogioco di golf pubblicato nel 1996 per PlayStation. Il gioco offre diverse modalità di gioco, tra cui una modalità carriera e una modalità multiplayer, e presenta una grafica 3D all'avanguardia per l'epoca.","[""Inglese""]",1,"[""Europa""]",1996,,
1886,Actionman MissionXtreme,"[""PS1""]","[""Azione""]",Gioco d'azione basato sulla linea di giocattoli Actionman,[],1,"[""Europa""]",1998,,
1889,Ace Combat 3: Electrosphere,"[""PS1""]","[""Simulazione di volo""]",Ace Combat 3: Electrosphere è un videogioco di simulazione di volo sviluppato e pubblicato da Namco per PlayStation nel 1999. È il terzo capitolo della serie Ace Combat ed è ambientato in un futuro distopico in cui le nazioni sono state sostituite da megacorporazioni che controllano il mondo.,"[""Italiano""]",1,"[""Europa""]",1999,Namco,Namco
1890,Ace Combat 2,"[""PS1""]","[""Volo""]",Ace Combat 2 è un videogioco di simulazione di volo sviluppato e pubblicato da Namco per PlayStation nel 1997. È il secondo capitolo della serie Ace Combat ed è ambientato in un mondo fittizio chiamato Usea.,"[""Inglese""]",1,"[""Europa""]",1997,Namco,Namco
1894,ATV Quad Power Racing,"[""PS1""]","[""Guida""]",ATV Quad Power Racing è un videogioco di guida per PlayStation 1 che permette di gareggiare con veicoli fuoristrada di tipo ATV (All-Terrain Vehicle) in diverse piste e ambienti.,"[""Inglese""]",1,"[""Europa""]",2000,,
1895,AFL 99,"[""PS1""]","[""Sport""]",Videogioco di calcio australiano basato sull'Australian Football League (AFL).,[],1,"[""Europa""]",1999,,
1899,StarRacing,"[""PS1""]","[""Guida""]",Gioco di corse automobilistiche per PlayStation 1,"[""Inglese""]",0,"[""Europa""]",,,
1900,4X4 WorldTrophy,"[""PS1""]","[""Guida""]",4X4 WorldTrophy è un gioco di guida per PlayStation 1 ambientato in Europa.,[],1,"[""Europa""]",,,
1903,Smurf My First Racing Game,"[""PS1""]","[""Guida""]",Smurf My First Racing Game è un gioco di corse per PlayStation 1 ambientato nel mondo dei Puffi. I giocatori possono gareggiare con i loro personaggi preferiti dei Puffi in diverse piste e ambienti colorati e divertenti.,[],1,"[""Europa""]",1998,,
1904,2 Xtreme,"[""PS1""]","[""Sport""]",Gioco di sport estremi per PlayStation 1,[],1,"[""Europa""]",1998,,
1905,2002 FIFA World Cup Korea Japan,"[""PS1""]","[""Sport""]","Videogioco ufficiale dei Mondiali di calcio del 2002, svoltisi in Corea del Sud e Giappone.",[],1,"[""Europa""]",2002,,
1907,007: Tomorrow Never Dies,"[""PS1""]","[""Azione""]",007: Tomorrow Never Dies è un videogioco di azione basato sull'omonimo film del 1997 con protagonista James Bond. Il giocatore assume il ruolo di Bond e deve affrontare diverse missioni e nemici per sventare i piani del cattivo.,"[""Inglese""]",0,"[""Europa""]",1999,,
1908,007: The World Is Not Enough,"[""PS1""]","[""Azione""]","007: The World Is Not Enough è un videogioco di azione basato sull'omonimo film della serie di James Bond, sviluppato da Black Ops Entertainment e pubblicato da Electronic Arts nel 1999 per PlayStation.","[""Inglese""]",0,"[""Europa""]",1999,Black Ops Entertainment,Electronic Arts
1909,Aggressive Inline,"[""PS2""]","[""Sport""]","Aggressive Inline è un videogioco di sport estremi pubblicato nel 2002 per PlayStation 2. Il gioco permette di pattinare su inline in ambienti urbani, eseguendo trick e acrobazie.",[],1,"[""Europa""]",2002,,
1910,Jaws Unleashed,"[""PS2""]","[""Simulazione""]","Gioco di simulazione basato sul film Jaws, in cui il giocatore interpreta uno squalo bianco che semina il terrore nelle acque di una località balneare.",[],1,"[""Europa""]",2006,,
1911,"Warriors, The","[""PS2""]","[""Picchiaduro""]",The Warriors è un videogioco d'azione e picchiaduro ambientato negli anni '70 a New York. Il giocatore controlla una gang di teppisti che devono attraversare la città per tornare al loro quartier generale dopo essere stati ingiustamente accusati di aver ucciso il leader di un'altra gang.,[],1,"[""Europa""]",2005,,
1912,Crisis Zone,"[""PS2""]","[""Sparatutto""]",Crisis Zone è un videogioco sparatutto in terza persona sviluppato da Namco e pubblicato nel 2001 per PlayStation 2. Il gioco segue le avventure di un gruppo di agenti speciali impegnati a contrastare una minaccia terroristica.,[],1,"[""Europa""]",2001,Namco,
1913,Time Crisis 3,"[""PS2""]","[""Sparatutto""]","Time Crisis 3 è un videogioco sparatutto in terza persona sviluppato da Namco. È il terzo capitolo della serie Time Crisis, uscito nel 2003 per PlayStation 2.",[],1,"[""Europa""]",2003,Namco,
1914,Time Crisis 2,"[""PS2""]","[""Sparatutto""]","Time Crisis 2 è un videogioco sparatutto in terza persona sviluppato da Namco. È il sequel di Time Crisis, uscito nel 1997. Il gioco è stato pubblicato nel 2001 per PlayStation 2.",[],1,"[""Europa""]",2001,Namco,
1915,PES Pro evolution soccer 6 con Patch,"[""PS2""]","[""Avventura"", ""Piattaforma""]",Versione di PES 6 con patch aggiuntiva che include la Serie B stagione 06/07,[],1,"[""Europa""]",2006,,
1916,Kao the Kangaroo: Round 2,"[""PS2""]","[""Avventura"", ""Piattaforma""]",Kao the Kangaroo: Round 2 è un gioco di avventura e piattaforma in cui il protagonista è un canguro che deve affrontare diverse sfide e nemici.,[],1,"[""Europa""]",2003,,
1917,Rogue Galaxy,"[""PS2""]","[""Avventura"", ""Ruolo""]",Rogue Galaxy è un videogioco di ruolo sviluppato da Level-5 e pubblicato da Sony Computer Entertainment per PlayStation 2 nel 2005 in Giappone e nel 2007 in Nord America ed Europa.,[],1,"[""Europa""]",2007,Level-5,Sony Computer Entertainment
1918,Winx Club,"[""PS2""]","[""Avventura"", ""Azione""]",Aroma,[],1,"[""Europa""]",2005,,
1921,SecondSight,"[""PS2""]","[""Azione"", ""Avventura""]",Gioco di azione e avventura ambientato in un contesto di fantascienza.,[],1,"[""Europa""]",2004,,
1922,Airborne Troops: Countdown to D-Day,"[""PS2""]","[""Arcade""]","Airborne Troops: Countdown to D-Day è un gioco di azione ambientato durante la Seconda Guerra Mondiale, incentrato sulle operazioni aviotrasportate durante lo Sbarco in Normandia.",[],1,"[""Europa""]",2004,,
1923,Samurai Jack: The Shadow of Aku,"[""PS2""]","[""Azione-avventura"", ""Arcade""]","Samurai Jack: The Shadow of Aku è un videogioco basato sulla serie animata Samurai Jack. Il giocatore assume il ruolo di Jack, un samurai che deve affrontare il malvagio Aku e i suoi scagnozzi per salvare il mondo.",[],1,"[""Europa""]",2004,,
1924,Dragon Ball Z: Infinite World,"[""PS2""]","[""Picchiaduro""]",Dragon Ball Z: Infinite World è un videogioco di combattimento basato sulla popolare serie anime Dragon Ball Z. Il gioco permette ai giocatori di scegliere tra una vasta selezione di personaggi iconici della serie e di impegnarsi in battaglie intense e spettacolari.,[],1,"[""Europa""]",2008,,
1925,Dragon Ball Z,"[""PS2""]","[""Picchiaduro""]",Dragon Ball Z è un videogioco di combattimento basato sull'omonima serie anime e manga. I giocatori possono scegliere tra diversi personaggi della serie e affrontarsi in battaglie intense e spettacolari.,"[""Giapponese""]",0,"[""Giappone""]",,,
1926,Dragon Ball Z: Sagas,"[""PS2""]","[""Picchiaduro""]","Dragon Ball Z: Sagas è un videogioco di combattimento basato sulla popolare serie anime Dragon Ball Z. Il gioco permette ai giocatori di rivivere le principali saghe della serie, affrontando i nemici più iconici e utilizzando le abilità e le tecniche dei personaggi preferiti.",[],1,"[""USA""]",2005,,
1928,Dragon Ball Z: Budokai Tenkaichi 3,"[""PS2""]","[""Picchiaduro""]","Dragon Ball Z: Budokai Tenkaichi 3 è un videogioco di combattimento basato sulla popolare serie anime e manga Dragon Ball Z. Il gioco offre un'ampia selezione di personaggi giocabili, ognuno con le proprie abilità e mosse speciali, e permette ai giocatori di rivivere le battaglie più iconiche della serie.",[],1,"[""Europa""]",2007,,
1929,Dragon Ball Z: Budokai Tenkaichi 2,"[""PS2""]","[""Picchiaduro""]","Dragon Ball Z: Budokai Tenkaichi 2 è un videogioco di combattimento basato sulla popolare serie anime Dragon Ball Z. Il gioco permette ai giocatori di rivivere le battaglie più iconiche della serie, controllando i personaggi preferiti e scontrandosi in epici duelli.","[""Italiano""]",1,"[""Europa""]",2006,,
1930,Dragon Ball Z: Budokai Tenkaichi,"[""PS2""]","[""Picchiaduro""]","Dragon Ball Z: Budokai Tenkaichi è un videogioco di combattimento basato sulla popolare serie anime Dragon Ball Z. Il gioco permette ai giocatori di rivivere le battaglie più iconiche della serie, controllando i personaggi preferiti e scontrandosi in epici combattimenti.",[],1,"[""Europa""]",2005,,
1931,Dragon Ball Z: Budokai 3 Collector's Edition,"[""PS2""]","[""Picchiaduro""]","Dragon Ball Z: Budokai 3 Collector's Edition è un videogioco di combattimento basato sulla popolare serie anime Dragon Ball Z. Il gioco offre un'ampia selezione di personaggi giocabili, abilità speciali e modalità di gioco coinvolgenti per i fan della serie.","[""Italiano""]",1,"[""Europa""]",2004,,
1932,Dragon Ball Z: Budokai 3,"[""PS2""]","[""Picchiaduro""]",Dragon Ball Z: Budokai 3 è un videogioco di combattimento basato sulla popolare serie anime Dragon Ball Z. Il gioco permette ai giocatori di scegliere tra una vasta selezione di personaggi iconici della serie e di impegnarsi in intense battaglie uno contro uno.,[],1,"[""Europa""]",2004,,
1933,Dragon Ball Z: Budokai 2,"[""PS2""]","[""Picchiaduro""]","Dragon Ball Z: Budokai 2 è un videogioco di combattimento basato sulla popolare serie anime Dragon Ball Z. Il gioco permette ai giocatori di rivivere le battaglie epiche tra i personaggi della serie, utilizzando una vasta gamma di mosse e abilità speciali.",[],1,"[""Europa""]",2003,,
1934,Dragon Ball Z: Budokai,"[""PS2""]","[""Picchiaduro""]",Dragon Ball Z: Budokai è un videogioco di combattimento basato sulla popolare serie anime Dragon Ball Z. Il gioco permette ai giocatori di scegliere tra una vasta selezione di personaggi iconici della serie e di impegnarsi in battaglie intense e spettacolari.,[],1,"[""Europa""]",2002,,
1936,WoodyPeecker,"[""PS2""]","[""Avventura""]",aROMa,[],1,"[""Europa""]",2000,,
1937,Xiaolin Showdown,"[""PS2""]","[""Arcade""]","Xiaolin Showdown è un videogioco basato sulla serie animata omonima, in cui i giocatori possono impersonare i quattro protagonisti della serie e combattere contro i nemici utilizzando le loro abilità di arti marziali.",[],1,"[""Europa""]",2005,,
1942,Ratchet & Clank: Gladiator,"[""PS2""]","[""Arcade""]",Ratchet & Clank: Gladiator (conosciuto anche come Ratchet & Clank: Up Your Arsenal in Nord America) è un videogioco d'azione-avventura sviluppato da Insomniac Games e pubblicato da Sony Computer Entertainment per PlayStation 2 nel 2004.,[],1,"[""Europa""]",2004,Insomniac Games,Sony Computer Entertainment
1943,Ratchet & Clank 3,"[""PS2""]","[""Arcade""]",Ratchet & Clank 3 è un videogioco di azione-avventura sviluppato da Insomniac Games e pubblicato da Sony Computer Entertainment per PlayStation 2 nel 2004. È il terzo capitolo della serie Ratchet & Clank.,[],1,"[""Europa""]",2004,Insomniac Games,Sony Computer Entertainment
1944,Ratchet & Clank: Fuoco a volontà,"[""PS2""]","[""Arcade""]","Ratchet & Clank: Fuoco a volontà è un videogioco di azione-avventura sviluppato da Insomniac Games e pubblicato da Sony Computer Entertainment per PlayStation 2 nel 2003. Il gioco segue le avventure di Ratchet, un Lombax meccanico, e del suo compagno robot Clank, mentre affrontano una minaccia galattica.",[],1,"[""Europa""]",2003,Insomniac Games,Sony Computer Entertainment
1945,Ratchet & Clank: Size Matters,"[""PS2""]","[""Azione-avventura""]",Ratchet & Clank: Size Matters è un videogioco di azione-avventura sviluppato da High Impact Games e pubblicato da Sony Computer Entertainment per PlayStation 2 nel 2007. È il sesto capitolo della serie Ratchet & Clank.,[],1,"[""Europa""]",2007,High Impact Games,Sony Computer Entertainment
1946,Ratchet & Clank,"[""PS2""]","[""Arcade""]","Ratchet & Clank è un videogioco di azione-avventura sviluppato da Insomniac Games e pubblicato da Sony Computer Entertainment per PlayStation 2 nel 2002. Il gioco segue le avventure di Ratchet, un Lombax meccanico, e del suo compagno robot Clank, mentre cercano di fermare il malvagio Presidente Drek che vuole distruggere i pianeti per costruire il suo pianeta perfetto.",[],1,"[""Europa""]",2002,Insomniac Games,Sony Computer Entertainment
1947,The Sims 2 Pets,"[""PS2""]","[""Simulazione""]","The Sims 2 Pets è un'espansione del popolare gioco di simulazione di vita The Sims 2. Permette ai giocatori di creare e gestire una famiglia di Sims, includendo anche la possibilità di adottare e prendersi cura di animali domestici come cani e gatti.",[],1,"[""Europa""]",2006,,
1948,The Sims 2,"[""PS2""]","[""Simulazione""]","The Sims 2 è un videogioco di simulazione di vita sviluppato da Maxis e pubblicato da Electronic Arts. È il seguito del popolare The Sims, il primo capitolo della serie. Il gioco permette al giocatore di creare e controllare una famiglia di Sims, seguendone la vita quotidiana e le interazioni sociali.",[],1,"[""Europa""]",2004,Maxis,Electronic Arts
1949,The Sims,"[""PS2""]","[""Simulazione""]","The Sims è un videogioco di simulazione di vita, sviluppato da Maxis e pubblicato da Electronic Arts nel 2000. Il gioco permette al giocatore di creare e controllare una o più famiglie di personaggi, chiamati 'Sims', e di gestirne la vita quotidiana, le relazioni e le attività.",[],1,"[""Europa""]",2000,Maxis,Electronic Arts
1950,Final Fantasy X,"[""PS2""]","[""Ruolo""]","Final Fantasy X è un videogioco di ruolo sviluppato e pubblicato da Square per PlayStation 2 nel 2001. È il decimo capitolo principale della serie Final Fantasy e il primo ad essere ambientato in un mondo tridimensionale. Il gioco segue le avventure di Tidus, un giocatore di blitzball, e della sua compagna Yuna, una sacerdotessa che intraprende un pellegrinaggio per sconfiggere una creatura distruttiva chiamata Sin.",[],1,"[""Europa""]",2001,Square,Square
1951,Soulcalibur 3,"[""PS2""]","[""Picchiaduro""]","Soulcalibur 3 è un videogioco picchiaduro sviluppato e pubblicato da Namco nel 2005 per PlayStation 2. È il terzo capitolo della serie Soulcalibur, noto per il suo sistema di combattimento in 3D e per la sua ampia selezione di personaggi giocabili.",[],1,"[""Europa""]",2005,Namco,Namco
1952,SNK vs Capcom SVC Chaos,"[""PS2""]","[""Picchiaduro""]",Uno scontro epico tra i personaggi iconici di SNK e Capcom in un picchiaduro di altissimo livello.,[],1,"[""Europa""]",2003,,
1953,"Bouncer, The","[""PS2""]","[""Picchiaduro""]","The Bouncer è un videogioco picchiaduro sviluppato da Squaresoft e pubblicato nel 2000 per PlayStation 2. Il gioco segue le vicende di tre bouncers di un locale notturno di nome Sion, Volt e Kou, che si trovano coinvolti in una serie di eventi che li porteranno a combattere contro una organizzazione criminale.",[],1,"[""Europa""]",2000,Squaresoft,
1954,Ghost Hunter,"[""PS2""]","[""Azione"", ""Avventura""]",Ghost Hunter è un gioco di azione e avventura ambientato in un mondo soprannaturale. Il giocatore assume il ruolo di un cacciatore di fantasmi che deve esplorare ambienti inquietanti e affrontare entità paranormali.,[],1,"[""Europa""]",2003,,
1956,Killzone,"[""PS2""]","[""Azione"", ""Sparatutto""]","Killzone è un videogioco sparatutto in prima persona sviluppato da Guerrilla Games e pubblicato da Sony Computer Entertainment per PlayStation 2 nel 2004. Ambientato in un futuro distopico, il gioco segue le vicende di un gruppo di soldati dell'ISA (Interplanetary Strategic Alliance) impegnati in una guerra contro l'esercito dell'Helghast, una razza umana mutata che vive in condizioni ambientali estreme.",[],1,"[""Europa""]",2004,Guerrilla Games,Sony Computer Entertainment
1957,Kingdom Hearts II Final Mix,"[""PS2""]","[""Ruolo"", ""Azione""]","Kingdom Hearts II Final Mix è un'edizione ampliata e migliorata del videogioco Kingdom Hearts II, originariamente pubblicato per PlayStation 2 nel 2005. Questa versione finale include contenuti aggiuntivi, come nuovi mondi da esplorare, boss extra, armi e abilità inedite.","[""Italiano"", ""Giapponese""]",0,"[""Giappone""]",2005,,
1958,Kingdom Hearts,"[""PS2""]","[""Ruolo"", ""Azione""]",Kingdom Hearts è un videogioco di ruolo d'azione sviluppato da Square Enix e Disney Interactive Studios. Il gioco combina personaggi e ambientazioni dei classici Disney con l'universo di Final Fantasy.,[],1,"[""Europa""]",2002,,
1959,Il Codice Da Vinci,"[""PS2""]","[""Puzzle"", ""Avventura""]","Il Codice Da Vinci è un videogioco di genere puzzle e avventura, basato sull'omonimo romanzo di Dan Brown.",[],1,"[""Europa""]",2006,,
1960,Tenchu: Wrath of Heaven,"[""PS2""]","[""Azione""]",Tenchu: Wrath of Heaven è un videogioco di azione e furtività sviluppato da Acquire e pubblicato da FromSoftware per PlayStation 2 nel 2003. È il terzo capitolo della serie Tenchu.,"[""Italiano""]",1,"[""Europa""]",2003,Acquire,FromSoftware
1961,Tenchu: Fatal Shadow,"[""PS2""]","[""Azione""]",Tenchu: Fatal Shadow è un videogioco di azione e furtività sviluppato da Acquire e pubblicato da FromSoftware per PlayStation 2 nel 2003. È il quarto capitolo della serie Tenchu.,[],1,"[""Europa""]",2003,Acquire,FromSoftware
1962,X-Men Legends II: Rise of Apocalypse,"[""PS2""]","[""Azione"", ""Arcade""]",X-Men Legends II: Rise of Apocalypse è un videogioco di ruolo d'azione sviluppato da Raven Software e pubblicato da Activision nel 2005. Il gioco è ambientato nell'universo Marvel e vede i giocatori impersonare diversi personaggi dell'universo degli X-Men per combattere contro Apocalisse e i suoi seguaci.,"[""Inglese""]",0,"[""Europa""]",2005,Raven Software,Activision
1963,X-Men Legends,"[""PS2""]","[""Azione"", ""Arcade""]",X-Men Legends è un videogioco di ruolo d'azione sviluppato da Raven Software e pubblicato da Activision nel 2004. Il gioco permette ai giocatori di controllare un team di X-Men e combattere contro i nemici dell'universo Marvel.,"[""Inglese""]",0,"[""Europa""]",2004,Raven Software,Activision
1964,Xmen2 Wolverine's Revenge,"[""PS2""]","[""Azione""]","Gioco di azione basato sui personaggi degli X-Men, in particolare Wolverine.",[],1,"[""Europa""]",2003,,
1965,X-Men: Next Dimension,"[""PS2""]","[""Picchiaduro""]",X-Men: Next Dimension è un videogioco di combattimento basato sui personaggi dei fumetti Marvel X-Men. Il gioco permette di giocare con diversi personaggi dell'universo X-Men e di affrontare battaglie in vari scenari.,[],1,"[""Europa""]",2002,,
1966,Xmen Origins Wolverine,"[""PS2""]","[""Azione""]","Basato sul film X-Men Origins: Wolverine, il gioco segue le origini di Wolverine, esplorando la sua vita prima degli eventi del film X-Men. Il giocatore controlla Wolverine mentre combatte attraverso diversi ambienti e affronta nemici familiari.",[],1,"[""Europa""]",2009,,
1967,X-Men: The Official Game,"[""PS2""]","[""Azione""]","X-Men: The Official Game è un videogioco di azione basato sull'universo Marvel degli X-Men. Il gioco segue gli eventi del film X-Men 2 e permette ai giocatori di controllare diversi personaggi degli X-Men, come Wolverine, Nightcrawler e Iceman, in una serie di missioni ambientate in vari luoghi.",[],1,"[""Europa""]",2003,,
1968,Taito Legends 2,"[""PS2""]","[""Arcade""]","Taito Legends 2 è una raccolta di classici giochi arcade pubblicata da Taito Corporation. Contiene una selezione di titoli arcade storici sviluppati da Taito, tra cui alcuni dei loro giochi più famosi e acclamati.",[],1,"[""Europa""]",2005,,Taito
1969,Taito Legends,"[""PS2""]","[""Arcade""]",Taito Legends è una raccolta di classici giochi arcade sviluppati da Taito Corporation. Questa raccolta include una selezione di titoli iconici e influenti che hanno contribuito a definire il genere degli arcade.,[],1,"[""Europa""]",2005,,
1970,Activision Anthology,"[""PS2""]","[""Arcade""]","Activision Anthology è una raccolta di classici giochi arcade pubblicata da Activision per PlayStation 2 nel 2002. La raccolta include una selezione di alcuni dei più famosi titoli arcade di Activision, come Asteroids, Battlezone, Centipede, Missile Command e Pong.",[],1,"[""Europa""]",2002,,Activision
1971,Final Fantasy VII Dirge of Cerberus,"[""PS2""]","[""Azione"", ""Ruolo""]","Final Fantasy VII Dirge of Cerberus è uno spin-off della serie Final Fantasy VII, ambientato due anni dopo gli eventi del gioco principale. Il giocatore controlla Vincent Valentine, uno dei personaggi secondari di FFVII, in una storia che esplora il suo passato e il suo ruolo nella lotta contro una nuova minaccia per il mondo.",[],1,"[""Europa""]",2006,,
1972,Gun,"[""PS2""]","[""Arcade"", ""Azione"", ""Sparatutto""]",Gioco d'azione e sparatutto ambientato nel vecchio West.,[],1,"[""Europa""]",2005,,
1973,Outlaw Golf 2,"[""PS2""]","[""Sport""]","Outlaw Golf 2 è un videogioco di golf che offre un'esperienza di gioco unica e divertente. Con una grafica accattivante e un gameplay intuitivo, il gioco permette ai giocatori di cimentarsi in partite di golf in un ambiente fuori dagli schemi, con personaggi e scenari insoliti.",[],1,"[""Europa""]",2004,,
1974,Shadow the Hedgehog,"[""PS2""]","[""Arcade"", ""Azione"", ""Sparatutto""]",Shadow the Hedgehog è un videogioco d'azione e sparatutto sviluppato da Sega Studio USA e pubblicato da Sega per PlayStation 2 nel 2005.,"[""Italiano""]",0,"[""USA""]",2005,Sega Studio USA,Sega
1975,PDC WorldChampionship Darts,"[""PS2""]","[""Sport""]",Gioco di dardi che permette di partecipare al campionato mondiale della PDC (Professional Darts Corporation).,[],1,"[""Europa""]",,,
1976,PDC WorldChampionship Darts 2008,"[""PS2""]","[""Sport""]",Gioco di dardi che permette di partecipare al campionato mondiale PDC (Professional Darts Corporation) del 2008.,[],1,"[""Europa""]",2008,,
1977,Robin Hood: Defender of the Crown,"[""PS2""]","[""Azione"", ""Avventura""]",Robin Hood: Defender of the Crown è un videogioco di azione e avventura ambientato nell'Inghilterra medievale. Il giocatore assume il ruolo di Robin Hood e deve combattere contro lo sceriffo di Nottingham per liberare il regno dall'oppressione.,"[""Inglese""]",0,"[""USA""]",2003,,
1978,BUZZ Il Superquiz,"[""PS2""]","[""Party"", ""Quiz""]",Gioco di quiz e party game per PlayStation 2,[],1,"[""Europa""]",,,
1980,BUZZ The Schools Quiz,"[""PS2""]","[""Party"", ""Quiz""]","Per giocare a BUZZ The Schools Quiz sono necessari i Buzz Pad o il plugin correttamente configurato. Senza questi accessori, il gioco non potrà essere avviato oltre la prima schermata.","[""Inglese""]",1,"[""Europa""]",,,
1981,RoboCop,"[""PS2""]","[""Azione""]","Basato sull'omonimo film, RoboCop è un videogioco d'azione ambientato in una Detroit del futuro. Il giocatore impersona RoboCop, un cyborg poliziotto, e deve affrontare una serie di missioni per combattere il crimine e la corruzione nella città.",[],1,"[""Europa""]",2003,,
1982,Monopoly Party,"[""PS2""]","[""Party""]","Monopoly Party è un videogioco basato sul celebre gioco da tavolo Monopoly. Permette di giocare da soli o in multiplayer fino a 4 giocatori, sfruttando le funzionalità della console PlayStation 2.",[],1,"[""Europa""]",2002,,
1983,Metal Gear Solid 3: Subsistence,"[""PS2""]","[""Azione"", ""Strategia""]","Metal Gear Solid 3: Subsistence è un videogioco d'azione e stealth sviluppato da Konami e pubblicato nel 2005 per PlayStation 2. È un'edizione speciale di Metal Gear Solid 3: Snake Eater, che include nuove funzionalità e contenuti aggiuntivi.",[],1,"[""Europa""]",2005,Konami,
1984,Metal Gear Solid 3: Snake Eater,"[""PS2""]","[""Azione"", ""Sparatutto"", ""Avventura""]","Metal Gear Solid 3: Snake Eater è un videogioco d'azione e stealth sviluppato da Konami e pubblicato nel 2004 per PlayStation 2. È il quinto capitolo della serie Metal Gear e il terzo della saga principale. Il gioco è ambientato durante la Guerra Fredda, nel 1964, e segue le vicende di Naked Snake, un agente speciale delle forze armate statunitensi.",[],1,"[""Europa""]",2004,Konami,
1985,Metal Gear Solid 2: Substance,"[""PS2""]","[""Azione"", ""Avventura"", ""Sparatutto""]","Metal Gear Solid 2: Substance è un videogioco d'azione e avventura sviluppato e pubblicato da Konami per PlayStation 2 nel 2002. È una versione espansa e migliorata di Metal Gear Solid 2: Sons of Liberty, originariamente pubblicato nel 2001.",[],1,"[""Europa""]",2002,Konami,Konami
1986,Onimusha: Dawn of Dreams,"[""PS2""]","[""Azione""]",Onimusha: Dawn of Dreams è un videogioco d'azione e avventura sviluppato e pubblicato da Capcom per PlayStation 2 nel 2006. È il quarto capitolo della serie Onimusha.,[],1,"[""Europa""]",2006,Capcom,Capcom
1987,Onimusha 3: Demon Siege,"[""PS2""]","[""Azione""]","Onimusha 3: Demon Siege è un videogioco d'azione e avventura sviluppato e pubblicato da Capcom nel 2003. È il terzo capitolo della serie Onimusha e vede come protagonista il samurai Samanosuke Akechi, che viene trasportato nel XXI secolo per affrontare una nuova minaccia demoniaca.",[],1,"[""Europa""]",2003,Capcom,Capcom
1989,Onimusha: Blade Warriors,"[""PS2""]","[""Azione"", ""Picchiaduro""]","Onimusha: Blade Warriors è uno spin-off della serie Onimusha, incentrato sul combattimento tra i personaggi della serie. Il gioco presenta un sistema di combattimento in tempo reale e permette ai giocatori di scegliere tra diversi personaggi iconici della serie.","[""Inglese""]",1,"[""Europa""]",2004,,
1990,Onimusha: Warlords,"[""PS2""]","[""Azione""]","Onimusha: Warlords è un videogioco di azione e avventura sviluppato e pubblicato da Capcom nel 2001. Il gioco è ambientato nel Giappone feudale e segue le vicende di Samanosuke Akechi, un samurai incaricato di salvare la principessa Yuki dal demone Nobunaga Oda.","[""Inglese""]",0,"[""Europa""]",2001,Capcom,Capcom
1991,Astroboy,"[""PS2""]","[""Arcade"", ""Azione""]",Astroboy è un videogioco basato sul famoso personaggio dei manga e anime giapponesi. Il gioco segue le avventure del robot-ragazzo Astroboy mentre affronta nemici e sfide in un mondo futuristico.,[],1,"[""USA""]",2003,,
1992,Gran Turismo 4 Prologue,"[""PS2""]","[""Guida""]","Gran Turismo 4 Prologue è una versione dimostrativa del gioco Gran Turismo 4 per PlayStation 2. Offre un assaggio delle caratteristiche e delle modalità di gioco del titolo completo, consentendo ai giocatori di provare il sistema di guida realistico e l'ampia selezione di veicoli.",[],1,"[""Europa""]",2003,,
1993,Gran Turismo 4,"[""PS2""]","[""Guida""]",Gran Turismo 4 è un videogioco di simulazione di guida sviluppato da Polyphony Digital e pubblicato da Sony Computer Entertainment per PlayStation 2 nel 2004. È il quarto capitolo della serie Gran Turismo ed è considerato uno dei migliori giochi di corse automobilistiche di sempre.,[],1,"[""Europa""]",2004,Polyphony Digital,Sony Computer Entertainment
1994,Gran Turismo 3: A-Spec,"[""PS2""]","[""Guida""]",Gran Turismo 3: A-Spec è un videogioco di simulazione di guida sviluppato da Polyphony Digital e pubblicato da Sony Computer Entertainment per PlayStation 2 nel 2001. È il terzo capitolo della serie Gran Turismo ed è considerato uno dei migliori e più realistici giochi di corse di tutti i tempi.,[],1,"[""Europa""]",2001,Polyphony Digital,Sony Computer Entertainment
1995,Gran Turismo,"[""PS2""]","[""Guida""]","Gran Turismo è un simulatore di guida realistico che offre un'esperienza di guida coinvolgente e realistica. Il gioco presenta una vasta selezione di veicoli e circuiti da corsa, consentendo ai giocatori di immergersi in un'autentica esperienza di guida.",[],1,"[""Europa""]",2002,,
1996,Canis Canem Edit,"[""PS2""]","[""Azione"", ""Avventura""]","Canis Canem Edit, noto anche come Bully, è un videogioco di azione-avventura sviluppato da Rockstar Vancouver e pubblicato da Rockstar Games per PlayStation 2 nel 2006. Il gioco segue le vicende di Jimmy Hopkins, uno studente problematico che viene mandato in un collegio privato chiamato Bullworth Academy.",[],1,"[""Europa""]",2006,Rockstar Vancouver,Rockstar Games
1997,Rumble Racing,"[""PS2""]","[""Guida""]","Rumble Racing è un gioco di corse arcade per PlayStation 2 che offre un'esperienza di guida adrenalinica e divertente. Il gioco presenta una varietà di veicoli personalizzabili, tracciati impegnativi e modalità di gioco coinvolgenti.",[],1,"[""Europa""]",2001,,
1998,Enthusia Professional Racing,"[""PS2""]","[""Guida""]","Enthusia Professional Racing è un videogioco di corse automobilistiche sviluppato e pubblicato da Konami per PlayStation 2 nel 2004. Il gioco offre una simulazione realistica della guida, con una vasta selezione di auto e circuiti da corsa.",[],1,"[""Europa""]",2004,Konami,Konami
2000,Need for Speed Undercover,"[""PS2""]","[""Guida""]","Need for Speed Undercover è un videogioco di guida sviluppato da EA Black Box e pubblicato da Electronic Arts per PlayStation 2, PlayStation 3, Xbox 360, Wii, Nintendo DS, Microsoft Windows, PlayStation Portable e Nintendo DS nel 2008.",[],1,"[""Europa""]",2008,EA Black Box,Electronic Arts
2001,Need for Speed Carbon,"[""PS2""]","[""Guida""]","Need for Speed Carbon è un videogioco di corse automobilistiche sviluppato da EA Black Box e pubblicato da Electronic Arts nel 2006. Il gioco è ambientato in una città fittizia chiamata Palmont City, dove il giocatore deve competere in gare di strada per riconquistare il controllo dei diversi quartieri della città.",[],1,"[""Europa""]",2006,EA Black Box,Electronic Arts
2002,Need for Speed: ProStreet,"[""PS2""]","[""Guida""]","Need for Speed: ProStreet è un videogioco di corse automobilistiche sviluppato da EA Black Box e pubblicato da Electronic Arts per PlayStation 2, PlayStation 3, Xbox 360, Wii, Nintendo DS e Microsoft Windows nel 2007. Il gioco si concentra sulle gare di strada illegali e sulle competizioni di tuning.",[],1,"[""Europa""]",2007,EA Black Box,Electronic Arts
2003,Need for Speed: Hot Pursuit 2,"[""PS2""]","[""Guida""]","Need for Speed: Hot Pursuit 2 è un videogioco di corse automobilistiche sviluppato da EA Canada e pubblicato da Electronic Arts nel 2002 per PlayStation 2, GameCube, Xbox e Microsoft Windows. È il settimo capitolo della serie Need for Speed.",[],1,"[""Europa""]",2002,EA Canada,Electronic Arts
2004,Need for Speed Underground 2,"[""PS2""]","[""Guida""]","Need for Speed Underground 2 è un videogioco di corse automobilistiche sviluppato da EA Black Box e pubblicato da Electronic Arts per PlayStation 2, Xbox, GameCube e Microsoft Windows nel 2004. È il settimo capitolo della serie Need for Speed.",[],1,"[""Europa""]",2004,EA Black Box,Electronic Arts
2005,Need for Speed Underground,"[""PS2""]","[""Guida""]","Need for Speed Underground è un videogioco di corse automobilistiche sviluppato da EA Black Box e pubblicato da Electronic Arts nel 2003 per PlayStation 2, GameCube, Xbox e Microsoft Windows. Il gioco si svolge in una città fittizia ispirata a Los Angeles e si concentra sulla cultura della guida notturna e della personalizzazione delle auto.",[],1,"[""Europa""]",2003,EA Black Box,Electronic Arts
2006,Need For Speed: Most Wanted,"[""PS2""]","[""Guida""]","Need for Speed: Most Wanted è un videogioco di guida sviluppato da EA Canada e pubblicato da Electronic Arts nel 2005 per PlayStation 2, Xbox, GameCube, Microsoft Windows, Nintendo DS e Game Boy Advance.",[],1,"[""Europa""]",2005,EA Canada,Electronic Arts
2007,Headhunter: Redemption,"[""PS2""]","[""Sparatutto"", ""Azione""]","Headhunter: Redemption è un videogioco d'azione e sparatutto in terza persona sviluppato da Amuze e pubblicato da Sega per PlayStation 2 nel 2003. È il sequel di Headhunter, uscito nel 2001.",[],1,"[""Europa""]",2003,Amuze,Sega
2008,Headhunter,"[""PS2""]","[""Sparatutto"", ""Azione""]",Headhunter è un videogioco di genere sparatutto e azione sviluppato da Amuze e pubblicato da Sega per PlayStation 2 nel 2001.,[],1,"[""Europa""]",2001,Amuze,Sega
2009,Ridge Racer V,"[""PS2""]","[""Guida""]",Ridge Racer V è un videogioco di corse automobilistiche sviluppato e pubblicato da Namco per PlayStation 2 nel 2000. È il quinto capitolo della serie Ridge Racer.,[],1,"[""Europa""]",2000,Namco,Namco
2010,Bloody Roar 4,"[""PS2""]","[""Picchiaduro""]",Bloody Roar 4 è un videogioco picchiaduro sviluppato da Eighting e pubblicato da Hudson Soft nel 2003 per PlayStation 2. È il quarto capitolo della serie Bloody Roar.,[],1,"[""Europa""]",2003,Eighting,Hudson Soft
2011,Bloody Roar 3,"[""PS2""]","[""Picchiaduro""]",Bloody Roar 3 è un videogioco picchiaduro sviluppato e pubblicato da Hudson Soft nel 2000 per PlayStation 2. È il terzo capitolo della serie Bloody Roar.,[],1,"[""Europa""]",2000,Hudson Soft,Hudson Soft
2014,Terminator 3 - Le macchine ribelli,"[""PS2""]","[""Sparatutto"", ""Azione""]","Terminator 3 - Le macchine ribelli è un videogioco d'azione e sparatutto ambientato nell'universo di Terminator, basato sull'omonimo film del 2003.",[],1,"[""Europa""]",2003,,
2015,Terminator: The Dawn of Fate,"[""PS2""]","[""Sparatutto"", ""Azione""]",Terminator: The Dawn of Fate è un videogioco d'azione e sparatutto ambientato nell'universo di Terminator. Il giocatore assume il ruolo di un soldato della resistenza umana che combatte contro i cyborg Terminator inviati dal futuro per distruggere l'umanità.,[],1,"[""Europa""]",2002,,
2016,Heracles: Battle with the Gods,"[""PS2""]","[""Azione"", ""Avventura""]","Heracles: Battle with the Gods è un videogioco d'azione e avventura ambientato nella mitologia greca. Il giocatore impersona Eracle, il leggendario eroe greco, mentre affronta una serie di sfide e battaglie contro gli dei dell'Olimpo.","[""Inglese""]",0,"[""Europa""]",,,
2017,Heracles Chariot Racing,"[""PS2""]","[""Guida""]","Heracles Chariot Racing è un videogioco di corse ambientato nell'antica Grecia, dove i giocatori possono gareggiare con carri trainati da cavalli. Il gioco offre diverse modalità di gioco, tra cui gare singole, campionati e sfide speciali.","[""Inglese""]",1,"[""Europa""]",2003,,
2018,Hasbro Family Party: Night,"[""PS2""]","[""Party""]",Hasbro Family Party: Night è un gioco party per PlayStation 2 ambientato di notte. Il gioco include mini-giochi e attività per tutta la famiglia.,"[""Inglese""]",0,"[""USA""]",,,
2019,Hasbro Family Party,"[""PS2""]","[""Party""]",Hasbro Family Party è un gioco party per PlayStation 2 che offre una varietà di minigiochi e attività divertenti per tutta la famiglia. Gioca da solo o in multiplayer con amici e familiari.,[],1,"[""Europa""]",2003,,
2021,Harvest Moon: Save the Homeland,"[""PS2""]","[""Avventura""]",Harvest Moon: Save the Homeland è un gioco di simulazione di vita rurale sviluppato da Marvelous Interactive e pubblicato da Natsume per PlayStation 2 nel 2001. Il gioco segna il debutto della serie Harvest Moon sulla console Sony.,"[""Inglese""]",0,"[""Europa""]",2001,Marvelous Interactive,Natsume
2022,Brunswick Pro Bowling,"[""PS2""]","[""Sport""]","Brunswick Pro Bowling è un videogioco di bowling pubblicato per PlayStation 2 nel 2002. Il gioco offre diverse modalità di gioco, tra cui una carriera in cui il giocatore può partecipare a tornei e competizioni, e una modalità multiplayer che permette di giocare contro altri giocatori.",[],1,"[""Europa""]",2002,,
2023,10pin Bowling Champions Alley,"[""PS2""]","[""Sport""]",Gioco di bowling per PlayStation 2,[],1,"[""Europa""]",,,
2024,Splatter Master,"[""PS2""]","[""Avventura"", ""Horror""]",Splatter Master è un gioco di avventura e horror ambientato in un inquietante scenario. Il giocatore dovrà affrontare nemici spaventosi e risolvere enigmi per sopravvivere.,[],1,"[""Europa""]",,,
2029,FIFA Street 2,"[""PS2""]","[""Sport""]","FIFA Street 2 è un videogioco di calcio arcade sviluppato da EA Canada e pubblicato da Electronic Arts nel 2006 per PlayStation 2, Xbox e GameCube. È il sequel di FIFA Street ed è incentrato sul calcio di strada e sulle abilità tecniche dei giocatori.",[],1,"[""Europa""]",2006,EA Canada,Electronic Arts
2030,FIFA Street,"[""PS2""]","[""Sport""]","FIFA Street è un videogioco di calcio arcade sviluppato da EA Canada e pubblicato da Electronic Arts nel 2005. Il gioco si concentra sul calcio di strada, con partite veloci e acrobatiche in ambienti urbani.",[],1,"[""Europa""]",2005,EA Canada,Electronic Arts
2031,FIFA 14,"[""PS2""]","[""Sport""]","FIFA 14 è un videogioco di calcio sviluppato da EA Canada e pubblicato da Electronic Arts per PlayStation 2, PlayStation 3, Xbox 360, Microsoft Windows, iOS e Android. È il 21° capitolo della serie FIFA.",[],1,"[""Europa""]",2013,EA Canada,Electronic Arts
2032,FIFA Soccer 13,"[""PS2""]","[""Sport""]","FIFA Soccer 13 è un videogioco di calcio sviluppato da EA Canada e pubblicato da Electronic Arts per PlayStation 2, PlayStation 3, Xbox 360, Wii, PlayStation Portable, Nintendo 3DS e iOS. È il ventesimo capitolo della serie FIFA.",[],1,"[""Europa""]",2012,EA Canada,Electronic Arts
2033,FIFA 12,"[""PS2""]","[""Sport""]","FIFA 12 è un videogioco di calcio sviluppato da EA Canada e pubblicato da Electronic Arts per PlayStation 2, PlayStation 3, Xbox 360, Microsoft Windows, Nintendo 3DS, iOS e Android. È il 19º capitolo della serie FIFA.",[],1,"[""Europa""]",2011,EA Canada,Electronic Arts
2034,FIFA 11,"[""PS2""]","[""Sport""]","FIFA 11 è un videogioco di calcio sviluppato da EA Canada e pubblicato da Electronic Arts per PlayStation 2, PlayStation 3, Xbox 360, Wii, PC, iOS e Android. È il 18° capitolo della serie FIFA.",[],1,"[""Europa""]",2010,EA Canada,Electronic Arts
2035,FIFA 10,"[""PS2""]","[""Sport""]","FIFA 10 è un videogioco di calcio sviluppato da EA Canada e pubblicato da Electronic Arts per PlayStation 2, PlayStation 3, Xbox 360, Wii, Nintendo DS, PlayStation Portable, iOS e Android. È il diciassettesimo capitolo della serie FIFA.",[],1,"[""Europa""]",2009,EA Canada,Electronic Arts
2036,FIFA 09,"[""PS2""]","[""Sport""]","FIFA 09 è un videogioco di calcio sviluppato da EA Canada e pubblicato da Electronic Arts per PlayStation 2, PlayStation 3, Xbox 360, Microsoft Windows, Nintendo DS, PlayStation Portable, Wii e iOS.",[],1,"[""Europa""]",2008,EA Canada,Electronic Arts
2037,FIFA 08,"[""PS2""]","[""Sport""]","FIFA 08 è un videogioco di calcio sviluppato da EA Canada e pubblicato da Electronic Arts per PlayStation 2, PlayStation 3, Xbox 360, Microsoft Windows, Nintendo DS, PlayStation Portable, Wii e mobile. È il quindicesimo capitolo della serie FIFA.",[],1,"[""Europa""]",2007,EA Canada,Electronic Arts
2038,FIFA 07,"[""PS2""]","[""Sport""]","FIFA 07 è un videogioco di calcio sviluppato da EA Canada e pubblicato da Electronic Arts per PlayStation 2, Xbox, GameCube, PC, Nintendo DS, PlayStation Portable e mobile nel 2006.",[],1,"[""Europa""]",2006,EA Canada,Electronic Arts
2039,FIFA World Cup Germany 2006,"[""PS2""]","[""Sport""]",FIFA World Cup Germany 2006 è un videogioco di calcio sviluppato da EA Canada e pubblicato da Electronic Arts per PlayStation 2. Il gioco è incentrato sulla Coppa del Mondo FIFA 2006 tenutasi in Germania.,[],1,"[""Europa""]",2006,EA Canada,Electronic Arts
2040,FIFA 06,"[""PS2""]","[""Sport""]","Prototipo di FIFA 06 per PlayStation 2, del 05 Agosto 2005 (circa tre settimane prima della build di rilascio per questo serial [SLES-53529]). Questo prototipo non sembra essere compatibile con PCSX2 e si blocca dopo la schermata iniziale.","[""Inglese""]",0,"[""Europa""]",2005,,
2042,FIFA Football 2005,"[""PS2""]","[""Sport""]","FIFA Football 2005 è un videogioco di calcio sviluppato da EA Canada e pubblicato da Electronic Arts per PlayStation 2, Xbox, GameCube, PC, Nintendo DS e Game Boy Advance. È il dodicesimo capitolo della serie FIFA.",[],1,"[""Europa""]",2004,EA Canada,Electronic Arts
2043,FIFA Football 2004,"[""PS2""]","[""Sport""]","FIFA Football 2004 è un videogioco di calcio sviluppato da EA Canada e pubblicato da Electronic Arts per PlayStation 2, Xbox, GameCube, PC, Game Boy Advance e Nintendo DS. È il decimo capitolo della serie FIFA.",[],1,"[""Europa""]",2003,EA Canada,Electronic Arts
2044,FIFA Football 2003,"[""PS2""]","[""Sport""]",FIFA Football 2003 è un videogioco di calcio sviluppato da EA Canada e pubblicato da Electronic Arts per PlayStation 2. È parte della serie di videogiochi FIFA.,[],1,"[""Europa""]",2002,EA Canada,Electronic Arts
2045,FIFA Football 2002,"[""PS2""]","[""Sport""]",FIFA Football 2002 è un videogioco di calcio sviluppato da EA Canada e pubblicato da Electronic Arts per PlayStation 2 nel 2001. È parte della serie di videogiochi FIFA.,[],1,"[""Europa""]",2001,EA Canada,Electronic Arts
2046,FIFA Football 2001,"[""PS2""]","[""Sport""]",FIFA Football 2001 è un videogioco di calcio sviluppato da EA Canada e pubblicato da Electronic Arts per PlayStation 2 nel 2000. È il primo capitolo della serie FIFA ad essere pubblicato per la console di nuova generazione di Sony.,[],1,"[""Europa""]",2000,EA Canada,Electronic Arts
2048,Tom and Jerry in War of the Whiskers,"[""PS2""]","[""Avventura"", ""Picchiaduro""]",Tom and Jerry in War of the Whiskers è un videogioco di avventura e picchiaduro basato sui personaggi dei cartoni animati Tom e Jerry. Il gioco permette ai giocatori di controllare i due protagonisti in una serie di livelli e scontri.,[],1,"[""Europa""]",2002,,
2050,Gungrave: Overdose,"[""PS2""]","[""Sparatutto"", ""Azione""]",Gungrave: Overdose è un videogioco di azione e sparatutto in terza persona sviluppato da Red Entertainment e pubblicato da Sega nel 2004 per PlayStation 2.,"[""Inglese""]",0,"[""Europa""]",2004,Red Entertainment,Sega
2051,Gungrave,"[""PS2""]","[""Sparatutto"", ""Azione""]",Gungrave è un videogioco di azione e sparatutto in terza persona sviluppato da Red Entertainment e pubblicato da Sega nel 2002 per PlayStation 2.,[],1,"[""Europa""]",2002,Red Entertainment,Sega
2052,The Mark of Kri,"[""PS2""]","[""Avventura"", ""Azione""]",The Mark of Kri è un videogioco di avventura e azione sviluppato da SCEA San Diego Studio e pubblicato da Sony Computer Entertainment per PlayStation 2 nel 2002.,[],1,"[""Europa""]",2002,SCEA San Diego Studio,Sony Computer Entertainment
2053,James Cameron's Dark Angel,"[""PS2""]","[""Avventura"", ""Azione"", ""Picchiaduro a scorrimento""]","James Cameron's Dark Angel è un videogioco d'azione e avventura basato sull'omonima serie televisiva creata da James Cameron e Charles H. Eglee. Il gioco segue le vicende della protagonista Max Guevara, una donna geneticamente modificata che cerca di sfuggire ai suoi inseguitori.",[],1,"[""Europa""]",2002,,
2054,Dr. Dolittle,"[""PS2""]","[""Avventura""]","Il gioco segue le avventure del dottor Dolittle, un veterinario che può parlare con gli animali. Il giocatore dovrà aiutare il dottore a curare gli animali e risolvere i problemi della comunità.",[],1,"[""Europa""]",2001,,
2055,Il Signore degli Anelli - Il ritorno del Re,"[""PS2""]","[""Azione""]","Il gioco segue gli eventi del film omonimo, permettendo ai giocatori di rivivere le battaglie e le avventure della terza parte della trilogia de Il Signore degli Anelli.",[],1,"[""Europa""]",2003,,
2056,Il Signore degli Anelli - La Terza Era,"[""PS2""]","[""Azione""]",Il gioco è ambientato durante gli eventi de Il Signore degli Anelli e segue le avventure di un gruppo di eroi che devono affrontare le forze del male per salvare la Terra di Mezzo.,[],1,"[""Europa""]",2003,,
2057,Il Signore degli Anelli - Le Due Torri,"[""PS2""]","[""Azione""]","Basato sulla celebre trilogia fantasy de Il Signore degli Anelli di J.R.R. Tolkien, questo gioco ti immerge nell'epica battaglia per la Terra di Mezzo. Impersona eroi iconici come Aragorn, Legolas e Gimli mentre affrontano le forze del male guidate da Saruman.",[],1,"[""Europa""]",2002,,
2058,Il Signore degli Anelli - La Compagnia dell'Anello,"[""PS2""]","[""Azione""]","Avventura basata sul celebre romanzo di J.R.R. Tolkien, in cui il giocatore impersona uno dei membri della Compagnia dell'Anello in un'epica lotta contro le forze del male.",[],1,"[""Europa""]",2002,,
2060,Pippa Funnell - Ranch Rescue,"[""PS2""]","[""Simulazione""]",Pippa Funnell - Ranch Rescue è un gioco di simulazione in cui il giocatore deve gestire e prendersi cura di un ranch. Il gioco è incentrato sull'allevamento e l'addestramento di cavalli.,"[""Italiano""]",1,"[""Europa""]",2004,,
2061,Klonoa 2: Lunatea's Veil,"[""PS2""]","[""Azione"", ""Piattaforma""]",Klonoa 2: Lunatea's Veil è un videogioco di azione e piattaforme sviluppato da Namco e pubblicato nel 2001 per PlayStation 2. È il sequel di Klonoa: Door to Phantomile.,[],1,"[""Europa""]",2001,Namco,
2062,Babe,"[""PS2""]","[""Arcade"", ""Avventura""]","Babe è un videogioco basato sul film omonimo, in cui il protagonista è un maialino che deve affrontare diverse avventure e sfide per diventare un cane pastore.",[],1,"[""Europa""]",1996,,
2066,Brave - The Search for Spirit Dancer,"[""PS2""]","[""Azione"", ""Piattaforma""]",Brave - The Search for Spirit Dancer è un videogioco di azione e piattaforme sviluppato e pubblicato per PlayStation 2.,[],1,"[""Europa""]",2003,,
2067,Spy vs Spy,"[""PS2""]","[""Azione"", ""Piattaforma""]","Spy vs Spy è un videogioco di azione e piattaforme basato sulla serie a fumetti omonima creata da Antonio Prohías. Il gioco segue le avventure di due spie, una nera e una bianca, che si affrontano in una serie di missioni e trappole per cercare di prevalere l'una sull'altra.",[],1,"[""Europa""]",2002,,
2068,Scaler,"[""PS2""]","[""Azione"", ""Piattaforma""]",aROMa,[],1,"[""Europa""]",2002,,
2069,The Simpsons Game,"[""PS2""]","[""Avventura""]",The Simpsons Game è un videogioco di avventura basato sulla famosa serie animata I Simpson. Il gioco segue le vicende della famiglia Simpson mentre esplorano il mondo dei videogiochi e affrontano vari nemici e sfide.,[],1,"[""Europa""]",2007,,
2070,The Simpsons: Road Rage,"[""PS2""]","[""Guida"", ""Avventura""]",The Simpsons: Road Rage è un videogioco di guida e avventura basato sulla serie animata I Simpson. Il giocatore può guidare attraverso Springfield e interagire con i personaggi della serie mentre si cimenta in missioni e gare.,[],1,"[""Europa""]",2001,,
2072,The Simpsons: Hit & Run,"[""PS2""]","[""Avventura""]","The Simpsons: Hit & Run è un videogioco d'azione-avventura sviluppato da Radical Entertainment e pubblicato da Vivendi Universal Games nel 2003 per PlayStation 2, GameCube, Xbox e Microsoft Windows. Il gioco è ambientato nel mondo de I Simpson e segue la storia di Bart, Lisa, Homer e Marge mentre indagano su una serie di eventi misteriosi che stanno accadendo a Springfield.","[""Inglese""]",0,"[""Europa""]",2003,Radical Entertainment,Vivendi Universal Games
2073,Ultimate Board Game Collection,"[""PS2""]","[""Arcade"", ""Puzzle""]",Raccolta di giochi da tavolo classici e moderni per PlayStation 2.,[],1,"[""Europa""]",,,
2076,LooneyTunes - Backinaction,"[""PS2""]","[""Avventura""]",Ritorna in azione con i tuoi personaggi preferiti dei Looney Tunes in questa avventura piena di divertimento e azione.,[],1,"[""Europa""]",2003,,
2077,Looney Tunes - Space Race,"[""PS2""]","[""Guida""]","Looney Tunes - Space Race è un videogioco di guida basato sui personaggi dei Looney Tunes. I giocatori possono scegliere tra diversi personaggi iconici come Bugs Bunny, Daffy Duck e Porky Pig e gareggiare in corse spaziali attraverso scenari ispirati all'universo dei Looney Tunes.",[],1,"[""Europa""]",2000,,
2079,Black,"[""PS2""]","[""Sparatutto""]",Black è un videogioco sparatutto in prima persona sviluppato da Criterion Games e pubblicato da Electronic Arts nel 2006 per PlayStation 2.,[],1,"[""Europa""]",2006,Criterion Games,Electronic Arts
2080,MotoGP 08,"[""PS2""]","[""Guida""]","MotoGP 08 è un videogioco di simulazione di guida motociclistica, incentrato sul campionato MotoGP. Il gioco offre una riproduzione fedele dei circuiti e delle moto del campionato, permettendo ai giocatori di immergersi nell'atmosfera delle gare di MotoGP.",[],1,"[""Europa""]",2008,,
2081,MotoGP 07,"[""PS2""]","[""Guida""]","MotoGP 07 è un videogioco di simulazione di guida motociclistica, incentrato sul campionato MotoGP. Il gioco offre una riproduzione fedele dei circuiti e delle moto del campionato, permettendo ai giocatori di immergersi nell'atmosfera delle gare di MotoGP.",[],1,"[""Europa""]",2007,,
2082,MotoGP 4,"[""PS2""]","[""Guida""]","MotoGP 4 è un videogioco di simulazione di guida motociclistica, incentrato sul campionato MotoGP. Il gioco offre una riproduzione fedele delle moto e dei circuiti del campionato, permettendo ai giocatori di gareggiare nei panni dei piloti ufficiali.",[],1,"[""Europa""]",2003,,
2083,MotoGP 3,"[""PS2""]","[""Guida""]","MotoGP 3 è un videogioco di simulazione di guida motociclistica, incentrato sul campionato MotoGP. Il gioco offre una riproduzione fedele delle moto e dei circuiti del campionato reale, permettendo ai giocatori di gareggiare nei panni dei piloti professionisti.",[],1,"[""Europa""]",2003,,
2084,MotoGP 2,"[""PS2""]","[""Guida""]","MotoGP 2 è un videogioco di simulazione di corse di motociclette, sviluppato da Climax Studios e pubblicato da THQ nel 2003 per PlayStation 2.",[],1,"[""Europa""]",2003,Climax Studios,THQ
2085,MotoGP,"[""PS2""]","[""Guida""]",Gioco di corse di motociclette che riproduce il campionato MotoGP,[],1,"[""Europa""]",2002,,
2086,Pac-Man Fever,"[""PS2""]","[""Party""]",Pac-Man Fever è un videogioco di genere party game sviluppato e pubblicato da Namco per PlayStation 2 nel 2002. Il gioco fa parte della serie Pac-Man e presenta una varietà di minigiochi e modalità di gioco incentrate sul celebre personaggio.,[],1,"[""USA""]",2002,Namco,Namco
2087,Pac-Man World Rally,"[""PS2""]","[""Guida""]",Pac-Man World Rally è un videogioco di guida sviluppato da Namco e pubblicato nel 2003 per PlayStation 2. Il gioco fa parte della serie Pac-Man e vede i personaggi della serie cimentarsi in gare di kart racing.,[],1,"[""USA""]",2003,Namco,
2088,Pac-Man World 3,"[""PS2""]","[""Arcade"", ""Piattaforma""]","Pac-Man World 3 è un videogioco di azione e piattaforme sviluppato da Namco e pubblicato nel 2005 per PlayStation 2, Xbox, GameCube e Windows. È il terzo capitolo della serie Pac-Man World.",[],1,"[""Europa""]",2005,Namco,
2089,Pac-Man World 2,"[""PS2""]","[""Arcade"", ""Piattaforma""]",Pac-Man World 2 è un videogioco di piattaforme sviluppato e pubblicato da Namco nel 2002. Il gioco segue le avventure di Pac-Man mentre esplora un mondo fantastico alla ricerca dei suoi amici.,[],1,"[""Europa""]",2002,Namco,Namco
2090,WordsImagesSoundsPlay,"[""PS2""]","[""Musicale""]","WordsImagesSoundsPlay non è proprio un gioco, ma un progetto artistico pubblicato da Tomato per PS2 nel 2004. Ha goduto di un'edizione limitata di 4-5mila copie, rilasciata solo in Giappone (nonostante sia stato realizzato nel Regno Unito). Il gioco non è poi così divertente e può essere davvero noioso, specialmente nei primi due segmenti prima di arrivare a... Scopritelo!","[""Inglese""]",0,"[""Europa""]",2004,,Tomato
2093,Paparazzi,"[""PS2""]","[""Party""]",Paparazzi è un gioco di party game in cui i giocatori assumono il ruolo di paparazzi che cercano di scattare le migliori foto di celebrità.,"[""Inglese""]",1,"[""Europa""]",2003,,
2094,Virtual Fighter 4 Evolution,"[""PS2""]","[""Picchiaduro""]","Virtual Fighter 4 Evolution è un videogioco picchiaduro sviluppato e pubblicato da Sega per PlayStation 2 nel 2003. È un'evoluzione del precedente Virtual Fighter 4, con miglioramenti grafici e di gameplay.",[],1,"[""Europa""]",2003,Sega,Sega
2096,Arcade Classics Volume One,"[""PS2""]","[""Arcade""]",Raccolta di classici giochi arcade in un'unica compilation.,[],1,"[""Europa""]",2002,,
2097,James Bond 007: Quantum of Solace,"[""PS2""]","[""Azione""]",James Bond 007: Quantum of Solace è un videogioco di azione basato sull'omonimo film del 2008 e sviluppato da Treyarch e pubblicato da Activision.,[],1,"[""Europa""]",2008,Treyarch,Activision
2098,JamesBond 007 nightfire,"[""PS2""]","[""Azione""]",Aroma,[],1,"[""Europa""]",2002,,
2099,James Bond 007: From Russia with Love,"[""PS2""]","[""Azione""]","Basato sull'omonimo romanzo di Ian Fleming e sul film del 1963, il gioco segue le avventure di James Bond mentre cerca di recuperare una preziosa Lektor, un decodificatore di segnali, dalle mani di SPECTRE.",[],1,"[""Europa""]",2005,,
2100,James Bond 007: Everything or Nothing,"[""PS2""]","[""Azione""]","James Bond 007: Everything or Nothing è un videogioco di spionaggio e azione sviluppato da EA Games e pubblicato nel 2003 per PlayStation 2, GameCube, Xbox e Nintendo GameCube. Il gioco segue le avventure dell'agente segreto James Bond mentre affronta una nuova minaccia globale.",[],1,"[""Europa""]",2003,EA Games,
2101,Devil May Cry 3: Dante's Awakening Special Edition,"[""PS2""]","[""Azione""]","Devil May Cry 3: Dante's Awakening Special Edition è un videogioco d'azione sviluppato e pubblicato da Capcom per PlayStation 2 nel 2005. È una versione migliorata del precedente Devil May Cry 3: Dante's Awakening, con aggiunte e modifiche.","[""Italiano""]",1,"[""Europa""]",2005,Capcom,Capcom
2102,Devil May Cry 2,"[""PS2""]","[""Azione""]","Devil May Cry 2 è un videogioco d'azione sviluppato e pubblicato da Capcom per PlayStation 2 nel 2003. È il sequel di Devil May Cry, il primo capitolo della serie.",[],1,"[""Europa""]",2003,Capcom,Capcom
2103,Devil May Cry,"[""PS2""]","[""Azione""]","Devil May Cry è un videogioco d'azione sviluppato e pubblicato da Capcom nel 2001 per PlayStation 2. È il primo capitolo della serie Devil May Cry e ha introdotto il personaggio di Dante, diventato uno dei protagonisti più iconici dei videogiochi.",[],1,"[""Europa""]",2001,Capcom,Capcom
2104,Jet Li: Rise to Honor,"[""PS2""]","[""Azione"", ""Picchiaduro a scorrimento""]",Jet Li: Rise to Honor è un videogioco d'azione e picchiaduro a scorrimento sviluppato da Radical Entertainment e pubblicato da Sony Computer Entertainment per PlayStation 2 nel 2004.,[],1,"[""Europa""]",2004,Radical Entertainment,Sony Computer Entertainment
2105,Malice,"[""PS2""]","[""Azione""]",Malice è un videogioco d'azione sviluppato da Arktoon Games e pubblicato da Eidos Interactive nel 2001 per PlayStation 2.,[],1,"[""Europa""]",2001,Arktoon Games,Eidos Interactive
2106,Aeon Flux,"[""PS2""]","[""Azione""]","Aeon Flux è un videogioco d'azione basato sull'omonima serie animata. Il gioco segue le avventure di Aeon Flux, una letale assassina che lavora per la Resistenza in un futuro distopico.",[],1,"[""Europa""]",2005,,
2107,Asterix at the Olympic Games,"[""PS2""]","[""Avventura""]",Asterix at the Olympic Games è un videogioco di avventura basato sui personaggi dei fumetti di Asterix. Il giocatore controlla Asterix e Obelix mentre partecipano ai Giochi Olimpici nell'antica Grecia.,[],1,"[""Europa""]",2004,,
2108,Asterix & Obelix XXL2,"[""PS2""]","[""Avventura""]","Asterix & Obelix XXL2 è un videogioco di avventura ambientato nell'universo di Asterix e Obelix. I giocatori possono esplorare il mondo di Asterix, affrontando nemici e risolvendo enigmi.",[],1,"[""Europa""]",2005,,
2109,Asterix & Obelix XXL,"[""PS2""]","[""Avventura""]","Asterix & Obelix XXL è un videogioco di avventura ambientato nell'universo di Asterix, sviluppato da Étranges Libellules e pubblicato da Infogrames nel 2003 per PlayStation 2.",[],1,"[""Europa""]",2003,Étranges Libellules,Infogrames
2110,Bullets,"[""PS2""]","[""Azione""]",aROMa,[],1,"[""Europa""]",2000,,
2114,Sonic Mega Collection Plus,"[""PS2""]","[""Avventura""]","Sonic Mega Collection Plus è una raccolta di giochi della serie Sonic the Hedgehog per PlayStation 2. Contiene numerosi classici della serie Sonic, tra cui Sonic the Hedgehog, Sonic the Hedgehog 2, Sonic the Hedgehog 3, Sonic & Knuckles e altri titoli.",[],1,"[""Europa""]",2004,,
2115,Sonic Gems Collection,"[""PS2""]","[""Avventura""]","Sonic Gems Collection è una raccolta di giochi classici della serie Sonic the Hedgehog, che include alcuni dei titoli più amati e apprezzati dai fan della saga.",[],1,"[""Europa""]",2005,,
2116,Sonic Riders: Zero Gravity,"[""PS2""]","[""Avventura""]","Sonic Riders: Zero Gravity è un videogioco di corse a tema Sonic the Hedgehog, sviluppato da Sonic Team e pubblicato da Sega nel 2008 per PlayStation 2.","[""Inglese""]",1,"[""Europa""]",2008,Sonic Team,Sega
2117,Rurouni Kenshin - Enjou! Kyoto Rinne,"[""PS2""]","[""Picchiaduro""]","Rurouni Kenshin - Enjou! Kyoto Rinne è un videogioco di genere picchiaduro basato sulla serie manga e anime Rurouni Kenshin, ambientato durante l'arco narrativo di Kyoto.","[""Giapponese""]",0,"[""Giappone""]",2003,,
2118,Jonny Moseley - MadTrix,"[""PS2""]","[""Sport""]","Jonny Moseley - MadTrix è un videogioco di sport invernali sviluppato e pubblicato per PlayStation 2 nel 2002. Il gioco permette ai giocatori di partecipare a diverse discipline di sci freestyle, come salti acrobatici e trick su rampe.",[],1,"[""Europa""]",2002,,
2119,Marc Ecko's Getting Up - Contents Under Pressure,"[""PS2""]","[""Azione""]","Marc Ecko's Getting Up - Contents Under Pressure è un videogioco d'azione ambientato in una città fittizia chiamata New Radius, dove il protagonista, Trane, cerca di affermarsi come writer di graffiti e di ribellarsi contro un regime autoritario.",[],1,"[""Europa""]",2006,,
2120,Turok: Evolution,"[""PS2""]","[""Sparatutto""]",Turok: Evolution è un videogioco sparatutto in prima persona sviluppato da Acclaim Studios Teesside e pubblicato da Acclaim Entertainment per PlayStation 2 nel 2002. È il quarto capitolo della serie Turok.,[],1,"[""Europa""]",2002,Acclaim Studios Teesside,Acclaim Entertainment
2121,Superman: Shadow of Apokolips,"[""PS2""]","[""Azione""]","In questo gioco, i giocatori vestono i panni di Superman, il supereroe più potente del mondo. Dovranno affrontare minacce provenienti da Apokolips, il pianeta governato dal malvagio Darkseid, e utilizzare i loro poteri sovrumani per salvare la Terra.",[],1,"[""Europa""]",2002,,
2122,Superman Returns,"[""PS2""]","[""Azione""]","Basato sul film del 2006 'Superman Returns', il gioco segue le avventure di Superman mentre torna sulla Terra dopo anni di assenza e deve affrontare nuove minacce e sfide per proteggere la città di Metropolis.",[],1,"[""Europa""]",2006,,
2123,IronMan,"[""PS2""]","[""Azione""]","Gioco di azione basato sul personaggio di Iron Man, dove il giocatore veste i panni dell'eroe in tuta d'acciaio per combattere il crimine e i nemici.",[],1,"[""Europa""]",2008,,
2125,Dragon Quest VIII: Journey of the Cursed King,"[""PS2""]","[""Ruolo""]",Dragon Quest VIII: Journey of the Cursed King è un gioco di ruolo sviluppato da Level-5 e pubblicato da Square Enix per PlayStation 2 nel 2004. Il gioco segue le avventure di un eroe senza nome che deve affrontare un malvagio stregone che ha trasformato il re e il regno in pietra.,[],1,"[""Europa""]",2004,Level-5,Square Enix
2126,Dragon Quest V: Hand of the Heavenly Bride,"[""PS2""]","[""Ruolo""]","Dragon Quest V: Hand of the Heavenly Bride è un gioco di ruolo sviluppato da Square Enix e pubblicato nel 2004 per PlayStation 2. È il quinto capitolo della serie Dragon Quest e segue le avventure di un protagonista che attraversa diverse fasi della sua vita, dalla nascita all'età adulta.","[""Inglese""]",0,"[""USA""]",2004,Square Enix,
2127,Dark Chronicle,"[""PS2""]","[""Ruolo""]","Dark Chronicle è un videogioco di ruolo sviluppato da Level-5 e pubblicato da Sony Computer Entertainment per PlayStation 2 nel 2002. Il gioco segue le avventure di Max, un ragazzo che vive in un mondo fantastico e deve affrontare diverse sfide per salvare il suo villaggio.",[],1,"[""Europa""]",2002,Level-5,Sony Computer Entertainment
2128,Digimon World 4,"[""PS2""]","[""Ruolo""]",Digimon World 4 è un videogioco di ruolo sviluppato e pubblicato da Bandai per PlayStation 2 nel 2002. Il gioco fa parte della serie Digimon World e segue gli eventi di Digimon World 3.,[],1,"[""Europa""]",2002,Bandai,Bandai
2129,Digimon Rumble Arena 2,"[""PS2""]","[""Gioco di ruolo""]",Digimon Rumble Arena 2 è un videogioco di combattimento e ruolo basato sulla serie anime e manga Digimon. Il gioco permette ai giocatori di scegliere tra diversi Digimon e combattere in arene interattive.,"[""Inglese""]",0,"[""USA""]",2004,,
2130,LEGO Starwars2 - The original trilogy,"[""PS2""]","[""Azione""]","Ritorna nell'universo di Star Wars con LEGO Star Wars II: The Original Trilogy, un'avventura divertente e coinvolgente attraverso i classici film della trilogia originale. Gioca nei panni dei tuoi personaggi preferiti, come Luke Skywalker, Han Solo e Darth Vader, e rivivine le epiche battaglie in stile LEGO.",[],1,"[""Europa""]",2006,,
2131,LEGO Starwars - The video game,"[""PS2""]","[""Azione""]","Gioco di azione e avventura ambientato nell'universo di Star Wars, realizzato con i mattoncini LEGO.",[],1,"[""Europa""]",2005,,
2132,LEGO IndianaJones: Le avventure originali,"[""PS2""]","[""Avventura""]","Unisciti a Indiana Jones in un'avventura LEGO piena di azione e divertimento. Esplora luoghi iconici, risolvi enigmi e affronta nemici in questa versione LEGO dei classici film di Indiana Jones.",[],1,"[""Europa""]",2008,,
2133,LEGO Batman - Il videogioco,"[""PS2""]","[""Arcade""]",Gioco di avventura e azione basato sui personaggi LEGO e ambientato nell'universo di Batman.,[],1,"[""Europa""]",2008,,
2134,LEGO Soccermania,"[""PS2""]","[""Sport""]",aROMa,[],1,"[""Europa""]",,,
2135,LEGO Island Xtreme Stunts,"[""PS2""]","[""Arcade"", ""Avventura"", ""Sport"", ""Guida""]",LEGO Island Xtreme Stunts è un videogioco d'azione e avventura sviluppato da Artificial Mind and Movement e pubblicato da Lego Interactive nel 2002 per PlayStation 2.,[],1,"[""Europa""]",2002,Artificial Mind and Movement,Lego Interactive
2136,Buzzjunior Aceracers,"[""PS2""]","[""Avventura"", ""Party""]",Buzzjunior Aceracers è un gioco di avventura e party game per PlayStation 2.,[],1,"[""Europa""]",,,
2137,Buzz! Junior: Jungle Party,"[""PS2""]","[""Avventura"", ""Party""]",Buzz! Junior: Jungle Party è un gioco party per PlayStation 2 che coinvolge tutta la famiglia in una divertente avventura nella giungla.,[],1,"[""Europa""]",2007,,
2139,Buzzjunior Monstermania,"[""PS2""]","[""Avventura"", ""Party""]",Buzzjunior Monstermania è un gioco di avventura e party game per PlayStation 2.,[],1,"[""Europa""]",,,
2141,WWE SmackDown vs. Raw 2012,"[""PS2""]","[""Wrestling""]","WWE SmackDown vs. Raw 2012 è un videogioco di wrestling sviluppato da Yuke's e pubblicato da THQ per PlayStation 2, PlayStation 3, Xbox 360, Nintendo DS e PlayStation Portable. È il tredicesimo capitolo della serie WWE SmackDown vs. Raw.",[],1,"[""Europa""]",2011,Yuke's,THQ
2142,WWE SmackDown vs. Raw 2011,"[""PS2""]","[""Wrestling""]","WWE SmackDown vs. Raw 2011 è un videogioco di wrestling sviluppato da Yuke's e pubblicato da THQ per PlayStation 2, PlayStation 3, PlayStation Portable, Xbox 360 e Wii. È il dodicesimo capitolo della serie WWE SmackDown vs. Raw.",[],1,"[""Europa""]",2010,Yuke's,THQ
2143,WWE Smackdown vs Raw 2010,"[""PS2""]","[""Wrestling""]","WWE Smackdown vs Raw 2010 è un videogioco di wrestling sviluppato da Yuke's e pubblicato da THQ per PlayStation 2, PlayStation 3, PlayStation Portable, Nintendo DS, Wii e Xbox 360 nel 2009. È il decimo capitolo della serie Smackdown vs. Raw.",[],1,"[""Europa""]",2009,Yuke's,THQ
2144,WWE SmackDown vs. Raw 2009,"[""PS2""]","[""Wrestling""]","WWE SmackDown vs. Raw 2009 è un videogioco di wrestling sviluppato da Yuke's e pubblicato da THQ per PlayStation 2, PlayStation 3, PlayStation Portable, Nintendo DS, Wii e Xbox 360 nel 2008. È il decimo capitolo della serie WWE SmackDown vs. Raw.",[],1,"[""Europa""]",2008,Yuke's,THQ
2145,WWE SmackDown vs. Raw 2008,"[""PS2""]","[""Wrestling""]","WWE SmackDown vs. Raw 2008 è un videogioco di wrestling sviluppato da Yuke's e pubblicato da THQ per PlayStation 2, PlayStation 3, PlayStation Portable, Xbox 360 e Nintendo DS nel 2007. È il nono capitolo della serie WWE SmackDown vs. Raw.",[],1,"[""Europa""]",2007,Yuke's,THQ
2146,WWE SmackDown vs. Raw 2007,"[""PS2""]","[""Wrestling""]","WWE SmackDown vs. Raw 2007 è un videogioco di wrestling sviluppato da Yuke's e pubblicato da THQ per PlayStation 2, PlayStation Portable, Xbox, Xbox 360 e Nintendo GameCube nel 2006. È il nono capitolo della serie WWE SmackDown vs. Raw.",[],1,"[""Europa""]",2006,Yuke's,THQ
2147,WWE SmackDown vs. Raw 2006,"[""PS2""]","[""Wrestling""]",WWE SmackDown vs. Raw 2006 è un videogioco di wrestling sviluppato da Yuke's e pubblicato da THQ per PlayStation 2 nel 2005. È il settimo capitolo della serie WWE SmackDown vs. Raw.,[],1,"[""Europa""]",2005,Yuke's,THQ
2148,WWE SmackDown vs. Raw,"[""PS2""]","[""Wrestling""]",WWE SmackDown vs. Raw è un videogioco di wrestling sviluppato da Yuke's e pubblicato da THQ per PlayStation 2 nel 2004. È il sesto capitolo della serie WWE SmackDown vs. Raw.,[],1,"[""Europa""]",2004,Yuke's,THQ
2149,WWE SmackDown! Here Comes the Pain,"[""PS2""]","[""Wrestling""]",WWE SmackDown! Here Comes the Pain è un videogioco di wrestling sviluppato da Yuke's e pubblicato da THQ per PlayStation 2 nel 2003. È il quinto capitolo della serie SmackDown! della WWE.,[],1,"[""Europa""]",2003,Yuke's,THQ
2150,WWE SmackDown! Shut Your Mouth,"[""PS2""]","[""Wrestling""]",WWE SmackDown! Shut Your Mouth è un videogioco di wrestling sviluppato da Yuke's e pubblicato da THQ per PlayStation 2 nel 2002. Il gioco fa parte della serie WWE SmackDown! ed è il quinto capitolo della serie.,[],1,"[""Europa""]",2002,Yuke's,THQ
2151,WWE SmackDown! Just Bring It,"[""PS2""]","[""Wrestling""]",WWE SmackDown! Just Bring It è un videogioco di wrestling sviluppato da Yuke's e pubblicato da THQ per PlayStation 2 nel 2001. Il gioco fa parte della serie WWE SmackDown! ed è il terzo capitolo della serie.,[],1,"[""Europa""]",2001,Yuke's,THQ
2152,WWE Crush Hour,"[""PS2""]","[""Wrestling""]","WWE Crush Hour è un videogioco di wrestling sviluppato da Yuke's e pubblicato da THQ nel 2003 per PlayStation 2. Il gioco combina elementi di wrestling con combattimenti di veicoli, permettendo ai giocatori di utilizzare auto e camion per affrontare i propri avversari.",[],1,"[""Europa""]",2003,Yuke's,THQ
2153,Wrestle Kingdom 2 Pro Wrestling Sekai Taisen,"[""PS2""]","[""Wrestling""]",Videogioco di wrestling sviluppato e pubblicato da Spike per PlayStation 2 nel 2005. È il sequel di Wrestle Kingdom.,"[""Giapponese""]",0,"[""Giappone""]",2005,Spike,Spike
2154,World Wrestling Championship,"[""PS2""]","[""Wrestling""]",World Wrestling Championship è un videogioco di wrestling pubblicato per PlayStation 2. Il gioco offre un'esperienza di wrestling autentica con una vasta selezione di lottatori e modalità di gioco coinvolgenti.,[],1,"[""Europa""]",2003,,
2155,TNA Impact! Total Nonstop Action,"[""PS2""]","[""Wrestling""]",Videogioco di wrestling basato sulla federazione Total Nonstop Action (TNA).,[],1,"[""Europa""]",2004,,
2156,Rumble Roses,"[""PS2""]","[""Wrestling""]",Rumble Roses è un videogioco di wrestling sviluppato da Yuke's e pubblicato da Konami per PlayStation 2 nel 2004. Il gioco presenta un cast di lottatori femminili che si affrontano in combattimenti spettacolari e acrobatici.,[],1,"[""USA""]",2004,Yuke's,Konami
2157,Legends of Wrestling 2,"[""PS2""]","[""Wrestling""]","Legends of Wrestling 2 è un videogioco di wrestling pubblicato nel 2002 per PlayStation 2. Il gioco presenta una vasta selezione di leggende del wrestling, permettendo ai giocatori di rivivere i momenti più iconici di questo sport.",[],1,"[""Europa""]",2002,,
2158,Showdown: Legends of Wrestling,"[""PS2""]","[""Wrestling""]","Showdown: Legends of Wrestling è un videogioco di wrestling sviluppato da Acclaim Studios e pubblicato da Acclaim Entertainment per PlayStation 2 nel 2004. Il gioco presenta una selezione di leggende del wrestling, tra cui Hulk Hogan, Ric Flair, Bret Hart e molti altri.",[],1,"[""Europa""]",2004,Acclaim Studios,Acclaim Entertainment
2159,Kinnikuman Generations,"[""PS2""]","[""Wrestling""]",Kinnikuman Generations è un videogioco di wrestling basato sulla serie anime e manga Kinnikuman. Il gioco permette ai giocatori di combattere nei panni di diversi personaggi della serie in vari stili di wrestling.,"[""Giapponese""]",0,"[""Giappone""]",2002,,
2160,Galactic Wrestling featuring Ultimate Muscle - The Kinnikuman Legacy,"[""PS2""]","[""Wrestling""]",Galactic Wrestling featuring Ultimate Muscle - The Kinnikuman Legacy è un videogioco di wrestling sviluppato e pubblicato per PlayStation 2 nel 2002.,"[""Inglese""]",1,"[""Europa""]",2002,,
2161,Fire Pro Wrestling Returns,"[""PS2""]","[""Wrestling""]",Fire Pro Wrestling Returns è un videogioco di wrestling sviluppato da Spike e pubblicato da Spike per PlayStation 2 nel 2004. È il settimo capitolo della serie Fire Pro Wrestling.,[],1,"[""Europa""]",2004,Spike,Spike
2162,Backyard Wrestling 2,"[""PS2""]","[""Wrestling""]","Backyard Wrestling 2 è un videogioco di wrestling che permette ai giocatori di partecipare a combattimenti di wrestling in ambienti non convenzionali, come cortili e altri luoghi informali.",[],1,"[""Europa""]",2004,,
2163,Backyard Wrestling,"[""PS2""]","[""Wrestling""]","Backyard Wrestling è un videogioco di wrestling che permette ai giocatori di combattere in ambienti non convenzionali, come cortili e garage. Il gioco offre un'esperienza di wrestling estrema e non convenzionale.",[],1,"[""Europa""]",2003,,
2164,WWE All Stars,"[""PS2""]","[""Wrestling""]","WWE All Stars è un videogioco di wrestling sviluppato da THQ e pubblicato nel 2011. Il gioco presenta uno stile di gioco arcade e una grafica stilizzata, con personaggi esagerati e mosse spettacolari.",[],1,"[""Europa""]",2011,THQ,
2165,All star pro wrestling 3,"[""PS2""]","[""Wrestling""]",Videogioco di wrestling per PlayStation 2,"[""Giapponese""]",0,"[""Giappone""]",,,
2166,All star pro wrestling 2,"[""PS2""]","[""Wrestling""]",Videogioco di wrestling sviluppato e pubblicato in Giappone.,"[""Giapponese""]",0,"[""Giappone""]",,,
2167,All star pro wrestling,"[""PS2""]","[""Wrestling""]",Videogioco di wrestling per PlayStation 2,"[""Giapponese""]",0,"[""Giappone""]",,,
2168,The King of Fighters Maximum Impact Regulation A,"[""PS2""]","[""Picchiaduro""]",The King of Fighters Maximum Impact Regulation A è un videogioco picchiaduro sviluppato e pubblicato da SNK Playmore per PlayStation 2 nel 2004. È uno spin-off della serie The King of Fighters.,"[""Giapponese""]",0,"[""Giappone""]",2004,SNK Playmore,SNK Playmore
2169,The King of Fighters Maximum Impact 2,"[""PS2""]","[""Picchiaduro""]",The King of Fighters Maximum Impact 2 è un videogioco picchiaduro sviluppato e pubblicato da SNK Playmore nel 2006 per PlayStation 2.,[],1,"[""Europa""]",2006,SNK Playmore,SNK Playmore
2170,The King of Fighters Maximum Impact,"[""PS2""]","[""Picchiaduro""]",The King of Fighters Maximum Impact è un videogioco picchiaduro sviluppato e pubblicato da SNK Playmore nel 2003 per PlayStation 2.,[],1,"[""Europa""]",2003,SNK Playmore,SNK Playmore
2171,The King of Fighters XI,"[""PS2""]","[""Picchiaduro""]",The King of Fighters XI è un videogioco picchiaduro sviluppato e pubblicato da SNK Playmore nel 2003 per PlayStation 2.,[],1,"[""USA""]",2003,SNK Playmore,SNK Playmore
2172,The King of Fighters Collection: The Orochi Saga 5in1,"[""PS2""]","[""Picchiaduro""]","Raccolta di 5 giochi della serie The King of Fighters, incentrata sulla saga di Orochi.",[],1,"[""USA""]",,,
2173,The King of Fighters Neowave,"[""PS2""]","[""Picchiaduro""]",The King of Fighters Neowave è un videogioco picchiaduro sviluppato e pubblicato da SNK Playmore nel 2003 per PlayStation 2.,[],1,"[""Europa""]",2003,SNK Playmore,SNK Playmore
2174,The King of Fighters 2006,"[""PS2""]","[""Picchiaduro""]",The King of Fighters 2006 è un videogioco picchiaduro sviluppato e pubblicato da SNK Playmore per PlayStation 2 nel 2006. È il tredicesimo capitolo della serie The King of Fighters.,[],1,"[""USA""]",2006,SNK Playmore,SNK Playmore
2175,The King of Fighters 2003,"[""PS2""]","[""Picchiaduro""]",The King of Fighters 2003 è un videogioco picchiaduro sviluppato e pubblicato da SNK Playmore nel 2003. È il decimo capitolo della serie The King of Fighters.,[],1,"[""Europa""]",2003,SNK Playmore,SNK Playmore
2176,The King of Fighters 2002,"[""PS2""]","[""Picchiaduro""]",The King of Fighters 2002 è un videogioco picchiaduro sviluppato e pubblicato da SNK Playmore nel 2002. È il nono capitolo della serie The King of Fighters.,[],1,"[""Europa""]",2002,SNK Playmore,SNK Playmore
2178,The King of Fighters '98 Ultimate Match,"[""PS2""]","[""Picchiaduro""]",The King of Fighters '98 Ultimate Match è un videogioco picchiaduro sviluppato e pubblicato da SNK Playmore nel 2008. È una versione aggiornata e migliorata del classico The King of Fighters '98.,[],1,"[""Europa""]",2008,SNK Playmore,SNK Playmore
2179,The King of Fighters '94 Re-Bout,"[""PS2""]","[""Picchiaduro""]","The King of Fighters '94 Re-Bout è un videogioco picchiaduro sviluppato e pubblicato da SNK Playmore per PlayStation 2 nel 2004. È un remake del primo capitolo della serie The King of Fighters, originariamente uscito nel 1994 per Neo Geo.",[],1,"[""Europa""]",2004,SNK Playmore,SNK Playmore
2180,Magna Carta,"[""PS2""]","[""Ruolo""]",Magna Carta è un videogioco di ruolo giapponese sviluppato da Softmax e pubblicato da Atlus per PlayStation 2 nel 2001. Il gioco è ambientato in un mondo fantasy e segue le avventure di un gruppo di personaggi che devono affrontare una minaccia che mette in pericolo il loro mondo.,"[""Italiano""]",1,"[""Europa""]",2001,Softmax,Atlus
2181,Ultimate Pro Pinball,"[""PS2""]","[""Sport""]",Gioco di pinball per PlayStation 2 che offre un'esperienza di gioco realistica e coinvolgente.,[],1,"[""Europa""]",,,
2182,Dark Cloud,"[""PS2""]","[""Ruolo""]","Dark Cloud è un videogioco di ruolo sviluppato da Level-5 e pubblicato da Sony Computer Entertainment per PlayStation 2 nel 2001. Il gioco segue le avventure di un ragazzo di nome Toan, che deve ricostruire il mondo distrutto da un'oscura forza.","[""Inglese""]",0,"[""USA""]",2001,Level-5,Sony Computer Entertainment
2184,killer 7,"[""PS2""]","[""Azione""]",killer 7 è un videogioco d'azione sviluppato da Grasshopper Manufacture e pubblicato da Capcom nel 2005 per PlayStation 2.,"[""Inglese""]",0,"[""Europa""]",2005,Grasshopper Manufacture,Capcom
2185,Captain Tsubasa,"[""PS2""]","[""Sport""]","Captain Tsubasa è un videogioco di calcio basato sull'omonimo manga e anime. Il gioco permette di giocare con i personaggi principali della serie, come Tsubasa Ozora, Kojiro Hyuga e altri, in partite di calcio piene di abilità e tecniche speciali.","[""Giapponese""]",0,"[""Giappone""]",2001,,
2186,Football Generation,"[""PS2""]","[""Sport""]","Football Generation è un videogioco di calcio sviluppato per PlayStation 2. Il gioco offre un'esperienza di gioco realistica e coinvolgente, con una grafica dettagliata e un gameplay fluido.",[],1,"[""Europa""]",2003,,
2188,Knight Rider: The Game,"[""PS2""]","[""Guida"", ""Azione""]","Basato sulla famosa serie TV degli anni '80, Knight Rider: The Game ti mette nei panni di Michael Knight, il protagonista, e del suo fedele compagno, l'auto parlante KITT. Dovrai guidare attraverso diverse missioni, combattere i nemici e risolvere misteri per salvare il mondo.","[""Inglese""]",0,"[""Europa""]",2002,,
2189,God Hand,"[""PS2""]","[""Azione""]","God Hand è un videogioco d'azione sviluppato da Clover Studio e pubblicato da Capcom per PlayStation 2 nel 2006. Il gioco segue le avventure di Gene, un uomo che possiede il potere del God Hand, una forza soprannaturale che gli conferisce abilità di combattimento straordinarie.",[],1,"[""Europa""]",2006,Clover Studio,Capcom
2190,Disney's Stitch - Experiment 626,"[""PS2""]","[""Avventura""]","Gioco di avventura basato sul personaggio di Stitch, protagonista del film d'animazione Disney 'Lilo & Stitch'.",[],1,"[""Europa""]",2002,,
2192,Le avventure di Lupin III: Il tesoro del Re Stregone,"[""PS2""]","[""Azione"", ""Avventura""]",Avventura di Lupin III alla ricerca di un prezioso tesoro.,[],1,"[""Europa""]",2002,,
2193,The Shadow of Zorro,"[""PS2""]","[""Azione"", ""Avventura""]",The Shadow of Zorro è un videogioco di azione e avventura ambientato nell'epoca di Zorro. Il giocatore impersona il leggendario eroe mascherato e deve affrontare numerosi nemici e risolvere enigmi per salvare la California dal malvagio comandante Monastario.,[],1,"[""Europa""]",2003,,
2194,Shadow of Memories,"[""PS2""]","[""Azione"", ""Avventura""]","Shadow of Memories è un videogioco di avventura e azione sviluppato da Konami e pubblicato nel 2001 per PlayStation 2. Il gioco segue le vicende di Eike Kusch, un uomo che viene ucciso e successivamente inviato indietro nel tempo per cercare di cambiare il suo destino.",[],1,"[""Europa""]",2001,Konami,
2195,Shadow of the Colossus,"[""PS2""]","[""Avventura""]",Shadow of the Colossus è un videogioco d'azione e avventura sviluppato da Team Ico e pubblicato da Sony Computer Entertainment per PlayStation 2 nel 2005. Il giocatore controlla un giovane uomo che deve sconfiggere sedici enormi creature chiamate Colossi per resuscitare una ragazza.,[],1,"[""Europa""]",2005,Team Ico,Sony Computer Entertainment
2196,Scarface: The World Is Yours,"[""PS2""]","[""Azione""]",Scarface: The World Is Yours è un videogioco d'azione e avventura del 2006 sviluppato da Radical Entertainment e pubblicato da Vivendi Universal Games. Il gioco è un sequel non ufficiale del film Scarface del 1983 e segue le vicende di Tony Montana dopo gli eventi del film.,[],1,"[""Europa""]",2006,Radical Entertainment,Vivendi Universal Games
2197,OutRun 2006: Coast 2 Coast,"[""PS2""]","[""Guida""]","OutRun 2006: Coast 2 Coast è un videogioco di guida arcade sviluppato da Sumo Digital e pubblicato da Sega nel 2006. È un sequel di OutRun 2 e include nuovi tracciati, modalità di gioco e automobili.",[],1,"[""Europa""]",2006,Sumo Digital,Sega
2198,ChoAniki SeinaruProtein Densetsu,"[""PS2""]","[""Sparatutto""]",Gioco di sparatutto per PlayStation 2,"[""Giapponese""]",0,"[""Giappone""]",,,
2199,Yu-Gi-Oh! - Duelist of the Roses,"[""PS2""]","[""Strategia""]",Yu-Gi-Oh! - Duelist of the Roses è un videogioco di strategia basato sulla popolare serie anime e manga Yu-Gi-Oh!. Il gioco permette ai giocatori di partecipare a duelli di carte Yu-Gi-Oh! in un contesto di strategia a turni ambientato nell'Inghilterra del XVI secolo.,[],1,"[""Europa""]",2002,,
2200,YuGiOh! Capsule Monster Coliseum,"[""PS2""]","[""Strategia""]","Gioco di strategia ambientato nell'universo di Yu-Gi-Oh!, in cui i giocatori possono collezionare e combattere con creature capsulari.",[],1,"[""Europa""]",2004,,
2201,Infamous,"[""PS3""]","[""Azione"", ""Avventura"", ""Guida"", ""Sparatutto""]","Infamous è un videogioco di azione-avventura sviluppato da Sucker Punch Productions e pubblicato da Sony Computer Entertainment per PlayStation 3 nel 2009. Il gioco segue le vicende di Cole MacGrath, un fattorino che acquisisce poteri elettrici dopo un'esplosione a Empire City.",[],1,"[""Europa""]",2009,Sucker Punch Productions,Sony Computer Entertainment
2202,The Saboteur,"[""PS3""]","[""Azione"", ""Avventura"", ""Guida"", ""Sparatutto""]","The Saboteur è un videogioco d'azione e avventura ambientato durante la Seconda Guerra Mondiale. Il giocatore interpreta Sean Devlin, un pilota da corsa irlandese che si unisce alla Resistenza francese per combattere contro l'occupazione nazista di Parigi.",[],1,"[""Europa""]",2009,,
2203,Tekken Tag Tournament 2,"[""PS3""]","[""Picchiaduro""]","Tekken Tag Tournament 2 è un videogioco picchiaduro sviluppato e pubblicato da Bandai Namco Entertainment. È il sequel di Tekken Tag Tournament, uscito originariamente nel 1999 per PlayStation 2.",[],1,"[""Europa""]",2012,Bandai Namco,Bandai Namco
2204,Assassin's Creed,"[""PS3""]","[""Azione"", ""Avventura""]",Assassin's Creed è un videogioco di azione-avventura sviluppato da Ubisoft Montreal e pubblicato da Ubisoft nel 2007 per PlayStation 3 e Xbox 360.,[],1,"[""Europa""]",2007,Ubisoft Montreal,Ubisoft
2208,Batman: Arkham Asylum,"[""PS3""]","[""Azione"", ""Avventura"", ""Picchiaduro""]","Batman: Arkham Asylum è un videogioco d'azione e avventura sviluppato da Rocksteady Studios e pubblicato da Warner Bros. Interactive Entertainment nel 2009. Il gioco mette il giocatore nei panni di Batman mentre affronta i criminali rinchiusi nell'Arkham Asylum, un manicomio criminale di Gotham City.",[],1,"[""Europa""]",2009,Rocksteady Studios,Warner Bros
2209,Devil May Cry HD Collection,"[""PS3""]","[""Azione""]",La Devil May Cry HD Collection raccoglie i primi tre capitoli della serie Devil May Cry in versione rimasterizzata per PS3. I giocatori possono rivivere le avventure del cacciatore di demoni Dante attraverso una grafica aggiornata e migliorata.,[],1,"[""Europa""]",2012,,
2210,Max Payne 3,"[""PS3""]","[""Sparatutto"", ""Azione"", ""Strategia""]","Max Payne 3 è un videogioco d'azione e sparatutto in terza persona sviluppato da Rockstar Studios e pubblicato da Rockstar Games nel 2012. Il gioco è ambientato 8 anni dopo gli eventi di Max Payne 2 e segue le vicende di Max Payne, ex detective della NYPD, che ora lavora come guardia del corpo a São Paulo, in Brasile.","[""Italiano"", ""Inglese""]",0,"[""Europa""]",2012,Rockstar Studios,Rockstar Games
2211,God of War Collection,"[""PS3""]","[""Azione"", ""Avventura""]","La God of War Collection raccoglie i primi due capitoli della saga di God of War, originariamente usciti su PlayStation 2, in una versione rimasterizzata per PlayStation 3.",[],1,"[""Europa""]",2009,,
2212,Fight Night Champion,"[""PS3""]","[""Sport""]",Fight Night Champion è un videogioco di boxe sviluppato da EA Sports e pubblicato da Electronic Arts nel 2011 per PlayStation 3 e Xbox 360.,[],1,"[""Europa""]",2011,EA Sports,Electronic Arts
2213,Ico e Shadow of The Colossus,"[""PS3""]","[""Avventura"", ""Azione"", ""Strategia""]",Raccolta di due classici giochi d'azione e avventura sviluppati da Team Ico.,[],1,"[""Europa""]",2011,,
2214,Need for Speed: Most Wanted (2012),"[""PS3""]","[""Guida""]",Need for Speed: Most Wanted è un videogioco di guida sviluppato da Criterion Games e pubblicato da Electronic Arts nel 2012. È il diciannovesimo capitolo della serie Need for Speed.,[],1,"[""Europa""]",2012,Criterion Games,Electronic Arts
2216,SOCOM: Special Forces,"[""PS3""]","[""Sparatutto""]",SOCOM: Special Forces è un videogioco sparatutto tattico sviluppato da Zipper Interactive e pubblicato da Sony Computer Entertainment per PlayStation 3 nel 2008. Il gioco fa parte della serie SOCOM e mette il giocatore nei panni di un membro delle forze speciali impegnato in missioni di combattimento in vari scenari internazionali.,[],1,"[""Europa""]",2008,Zipper Interactive,Sony Computer Entertainment
2217,SOCOM 4 US Navy SEALs,"[""PS3""]","[""Sparatutto""]",SOCOM 4: U.S. Navy SEALs è un videogioco sparatutto tattico sviluppato da Zipper Interactive e pubblicato da Sony Computer Entertainment per PlayStation 3 nel 2011. Il gioco è il quinto capitolo della serie SOCOM.,"[""Italiano"", ""Inglese""]",0,"[""USA""]",2011,Zipper Interactive,Sony Computer Entertainment
2218,SOCOM: Confrontation,"[""PS3""]","[""Sparatutto""]",SOCOM: Confrontation è un videogioco sparatutto tattico in prima persona sviluppato da Zipper Interactive e pubblicato da Sony Computer Entertainment per PlayStation 3 nel 2008.,[],1,"[""Europa""]",2008,Zipper Interactive,Sony Computer Entertainment
2219,DuckTales Remastered,"[""PS3""]","[""Piattaforma""]",DuckTales Remastered è un videogioco di piattaforme sviluppato da WayForward Technologies e pubblicato da Capcom. È un remake del classico DuckTales del 1989 per Nintendo Entertainment System.,[],1,"[""Europa""]",2013,WayForward Technologies,Capcom
2220,Disney Pixar Cars 3 Driven to Win,"[""PS3""]","[""Guida""]",Gioco di guida basato sul film Disney Pixar Cars 3,[],1,"[""Europa""]",2017,,
2221,Cars 2: The Video Game,"[""PS3""]","[""Guida""]",Cars 2: The Video Game è un videogioco di guida basato sul film Cars 2 della Pixar. Il gioco permette ai giocatori di vestire i panni dei personaggi del film e partecipare a gare e missioni ambientate in tutto il mondo.,[],1,"[""Europa""]",2011,,
2222,Cars Race-O-Rama,"[""PS3""]","[""Guida""]","Cars Race-O-Rama è un videogioco di corse ambientato nell'universo di Cars, il film d'animazione Pixar. Il gioco permette ai giocatori di gareggiare con i personaggi del film in una varietà di tracciati e modalità di gioco.",[],1,"[""Europa""]",2009,,
2223,Cars Mater-National Championship,"[""PS3""]","[""Guida""]",Cars Mater-National Championship è un videogioco di guida basato sul film d'animazione Cars della Pixar. Il gioco permette ai giocatori di gareggiare nei panni dei personaggi del film attraverso diverse ambientazioni ispirate al mondo di Cars.,[],1,"[""Europa""]",2007,,
2224,Il Padrino Edizione Don (The Godfather),"[""PS3""]","[""Avventura"", ""Azione"", ""Guida""]","Il gioco è ambientato nell'universo de Il Padrino, offrendo ai giocatori l'opportunità di vivere le vicende della famiglia Corleone e di immergersi nell'atmosfera del mondo criminale della mafia newyorkese degli anni '40 e '50.",[],1,"[""Europa""]",2006,,
2225,Heavy Rain,"[""PS3""]","[""Avventura"", ""Azione""]","Heavy Rain è un videogioco d'avventura e azione sviluppato da Quantic Dream e pubblicato da Sony Computer Entertainment per PlayStation 3 nel 2010. Il gioco segue le vicende di quattro personaggi diversi, tutti alla ricerca di un serial killer noto come 'Origami Killer'.",[],1,"[""Europa""]",2010,Quantic Dream,Sony Computer Entertainment
2226,Batman: Arkham Origins,"[""PS3""]","[""Avventura""]",Batman: Arkham Origins è un videogioco di azione-avventura sviluppato da Warner Bros. Games Montréal e pubblicato da Warner Bros. Interactive Entertainment. È il prequel della serie Batman: Arkham e il quarto capitolo della serie.,[],1,"[""Europa""]",2013,Warner Bros,Warner Bros
2227,Teenage Mutant Ninja Turtles: Mutants in Manhattan,"[""PS3""]","[""Avventura"", ""Azione"", ""Picchiaduro""]","Teenage Mutant Ninja Turtles: Mutants in Manhattan è un videogioco di azione e avventura sviluppato da PlatinumGames e pubblicato da Activision nel 2016. Il gioco segue le avventure delle Tartarughe Ninja mentre affrontano i loro nemici più pericolosi, tra cui Shredder e il Clan del Piede.",[],1,"[""Europa""]",2016,PlatinumGames,Activision
2229,Quantum Theory,"[""PS3""]","[""Avventura"", ""Azione"", ""Sparatutto""]","Quantum Theory è un videogioco di genere avventura, azione e sparatutto sviluppato da Tecmo e pubblicato da Tecmo Koei per PlayStation 3 nel 2010.",[],1,"[""Europa""]",2010,Tecmo,Tecmo Koei
2230,Parasite Eve Trilogy,"[""PS1"", ""PSP""]","[""Avventura"", ""Azione"", ""Horror""]","Raccolta dei tre titoli della serie Parasite Eve, un franchise di videogiochi survival horror sviluppato da Square Enix.",[],1,"[""Europa""]",,Square Enix,
2231,Real Steel,"[""PS3""]","[""Picchiaduro""]","In un futuro non troppo lontano, il pugilato tradizionale è stato sostituito da combattimenti tra robot. I giocatori possono costruire e personalizzare i propri robot da combattimento, scegliendo tra una vasta gamma di pezzi e componenti, per poi affrontarli in epiche battaglie.",[],1,"[""Europa""]",2011,,
2232,Resonance of Fate,"[""PS3""]","[""Ruolo""]","Resonance of Fate è un videogioco di ruolo sviluppato da tri-Ace e pubblicato da Sega per PlayStation 3 nel 2010. Il gioco è ambientato in un mondo post-apocalittico in cui i protagonisti, tre mercenari, vengono coinvolti in una lotta per la sopravvivenza.",[],1,"[""Europa""]",2010,tri-Ace,Sega
2233,Conan The Barbarian,"[""PS3""]","[""Azione""]",Conan the Barbarian è un videogioco d'azione basato sull'omonimo personaggio creato da Robert E. Howard. Il gioco segue le avventure di Conan mentre combatte contro nemici e mostri per vendicare la morte della sua famiglia.,"[""Italiano"", ""Inglese""]",0,"[""Europa""]",2011,,
2234,Asura's Wrath,"[""PS3""]","[""Azione"", ""Picchiaduro""]","Asura's Wrath è un videogioco d'azione e picchiaduro sviluppato da CyberConnect2 e pubblicato da Capcom per PlayStation 3 nel 2012. Il gioco segue le vicende di Asura, un demone che cerca vendetta dopo essere stato tradito e privato del suo ruolo di Guardiano Celeste.","[""Italiano"", ""Inglese""]",0,"[""Europa""]",2012,CyberConnect2,Capcom
2235,Pure Football,"[""PS3""]","[""Sport""]",aROMa,[],1,"[""Europa""]",2013,,
2236,Sleeping Dogs,"[""PS3""]","[""Sparatutto"", ""Azione"", ""Avventura"", ""Guida""]","Sleeping Dogs è un videogioco d'azione-avventura ambientato a Hong Kong, in cui il giocatore interpreta un agente di polizia sotto copertura che deve infiltrarsi nella mafia locale per smantellarne l'organizzazione criminale.","[""Italiano"", ""Inglese""]",0,"[""Europa""]",2012,,
2237,Call of Juarez: Bound in Blood,"[""PS3""]","[""Sparatutto"", ""Azione""]","Call of Juarez: Bound in Blood è un videogioco sparatutto in prima persona ambientato nel vecchio West, sviluppato da Techland e pubblicato da Ubisoft nel 2009.",[],1,"[""Europa""]",2009,Techland,Ubisoft
2238,Mafia 2,"[""PS3""]","[""Avventura"", ""Azione"", ""Guida""]","Mafia 2 è un videogioco di genere avventura e azione ambientato nell'America degli anni '40 e '50. Il giocatore veste i panni di Vito Scaletta, un giovane italo-americano che si ritrova coinvolto nel mondo della mafia di Empire Bay.",[],1,"[""Europa""]",2010,,
2239,Jurassic Park The Game,"[""PS3""]","[""Sparatutto"", ""Azione""]",Jurassic Park The Game è un videogioco d'azione e avventura ambientato nell'universo di Jurassic Park.,[],1,"[""USA""]",2011,,
2240,IHF Handball Challenge 14,"[""PS3""]","[""Sport""]",Simulazione di pallamano con licenza ufficiale della Federazione Internazionale di Pallamano (IHF).,[],1,"[""Europa""]",2014,,
2242,Deadpool,"[""PS3""]","[""Avventura"", ""Azione""]",Deadpool è un videogioco di azione e avventura basato sul personaggio omonimo dei fumetti Marvel. Il gioco segue le vicende del mercenario Deadpool mentre cerca di impedire a un'organizzazione criminale di prendere il controllo del mondo.,"[""Inglese""]",0,"[""Europa""]",2013,,
2243,Fuel,"[""PS3""]","[""Guida""]","Fuel è un videogioco di guida open world ambientato in un vasto mondo post-apocalittico. I giocatori possono esplorare liberamente un enorme mondo aperto di oltre 5.000 miglia quadrate, guidando una vasta gamma di veicoli off-road attraverso paesaggi diversificati.",[],1,"[""Europa""]",2009,,
2244,Mortal Kombat,"[""PS3""]","[""Picchiaduro""]",Mortal Kombat è un videogioco picchiaduro sviluppato e pubblicato da NetherRealm Studios e Warner Bros. Interactive Entertainment. È il nono capitolo principale della serie Mortal Kombat.,[],1,"[""Europa""]",2011,NetherRealm Studios e Warner Bros,NetherRealm Studios e Warner Bros
2246,Top Spin 4,"[""PS3""]","[""Sport""]","Top Spin 4 è un videogioco di tennis sviluppato da 2K Sports e pubblicato nel 2011. Il gioco offre un'esperienza di gioco realistica e coinvolgente, con una grafica di alta qualità e un sistema di controllo intuitivo.",[],1,"[""Europa""]",2011,2K Sports,
2247,Dragon Ball: Raging Blast,"[""PS3""]","[""Avventura"", ""Azione"", ""Picchiaduro""]","Dragon Ball: Raging Blast è un videogioco di combattimento basato sulla serie anime e manga Dragon Ball. Il gioco permette ai giocatori di rivivere le battaglie più iconiche della serie, controllando i personaggi preferiti e scontrandosi in epici combattimenti.",[],1,"[""Europa""]",2009,,
2248,One Piece Pirate Warriors 3,"[""PS3""]","[""Azione"", ""Avventura""]","One Piece Pirate Warriors 3 è un videogioco di azione e avventura basato sull'omonimo manga e anime One Piece. Il gioco permette ai giocatori di rivivere le principali vicende della serie, combattendo contro orde di nemici e affrontando i boss più temibili.",[],1,"[""Europa""]",2015,,
2249,Killzone 3,"[""PS3""]","[""Azione"", ""Sparatutto""]","Killzone 3 è uno sparatutto in prima persona sviluppato da Guerrilla Games e pubblicato da Sony Computer Entertainment per PlayStation 3 nel 2011. Ambientato in un futuro distopico, il gioco segue le vicende della guerra tra l'Alleanza Interplanetaria e l'Helghast, una razza umanoide ostile.",[],1,"[""Europa""]",2011,Guerrilla Games,Sony Computer Entertainment
2250,Killzone 2,"[""PS3""]","[""Azione"", ""Sparatutto""]","Killzone 2 è uno sparatutto in prima persona sviluppato da Guerrilla Games e pubblicato da Sony Computer Entertainment per PlayStation 3 nel 2009. Il gioco è ambientato in un futuro distopico e segue le vicende di un gruppo di soldati dell'ISA (Interplanetary Strategic Alliance) impegnati in una guerra contro i Helghast, una razza umanoide autoritaria e militarista.",[],1,"[""Europa""]",2009,Guerrilla Games,Sony Computer Entertainment
2251,Killzone Classics HD,"[""PS3""]","[""Azione"", ""Sparatutto""]","Killzone Classics HD è una raccolta di giochi della serie Killzone, rimasterizzati per PlayStation 3.",[],1,"[""Europa""]",2012,,
2252,Toy Story Mania,"[""PS3""]","[""Avventura""]","Toy Story Mania è un videogioco di avventura basato sulla serie di film Toy Story. Il gioco permette ai giocatori di partecipare a vari mini-giochi ispirati ai film, come sparare a bersagli e risolvere puzzle.",[],1,"[""Europa""]",2009,,
2253,Metal Gear Solid - The Phantom Pain,"[""PS3""]","[""Azione"", ""Avventura"", ""Sparatutto"", ""Simulazione""]","Metal Gear Solid - The Phantom Pain è un videogioco d'azione e stealth sviluppato da Kojima Productions e pubblicato da Konami per PlayStation 3, PlayStation 4, Xbox 360 e Xbox One nel 2015.",[],1,"[""Europa""]",2015,Kojima Productions,Konami
2254,Metal Gear Solid 4: Guns of the Patriots,"[""PS3""]","[""Azione"", ""Sparatutto"", ""Avventura""]",Metal Gear Solid 4: Guns of the Patriots è un videogioco d'azione e stealth sviluppato da Konami per PlayStation 3. È il quarto capitolo principale della serie Metal Gear Solid e conclude la saga di Solid Snake.,[],1,"[""Europa""]",2008,Konami,
2255,Metal Gear Solid: The Legacy Collection,"[""PS3""]","[""Azione"", ""Sparatutto"", ""Avventura""]","Metal Gear Solid: The Legacy Collection è una raccolta che include diversi titoli della serie Metal Gear Solid, tra cui Metal Gear Solid, Metal Gear Solid 2: Sons of Liberty, Metal Gear Solid 3: Snake Eater, Metal Gear Solid 4: Guns of the Patriots e Metal Gear Solid: Peace Walker.",[],1,"[""Europa""]",2013,,
2256,Metal Gear Solid HD Collection,"[""PS3""]","[""Azione"", ""Sparatutto"", ""Avventura""]","La Metal Gear Solid HD Collection raccoglie in un'unica compilation i capitoli più iconici della saga Metal Gear Solid, rimasterizzati in alta definizione.",[],1,"[""Europa""]",2011,,
2257,Metal Gear Rising: Revengeance,"[""PS3""]","[""Azione""]","Metal Gear Rising: Revengeance è un videogioco d'azione sviluppato da Platinum Games e pubblicato da Konami per PlayStation 3 e Xbox 360 nel 2013. È uno spin-off della serie Metal Gear, ambientato quattro anni dopo gli eventi di Metal Gear Solid 4: Guns of the Patriots.",[],1,"[""Europa""]",2013,Platinum Games,Konami
2258,Xmen Origins Wolverine Uncaged edition,"[""PS3""]","[""Azione""]","Basato sul film X-Men Origins: Wolverine, questo gioco ti permette di vestire i panni di Wolverine in una versione più violenta e senza censure. Esplora ambientazioni tratte dal film e affronta nemici pericolosi utilizzando le letali abilità di Wolverine.",[],1,"[""Europa""]",2009,,
2259,Gran Turismo 6,"[""PS3""]","[""Guida""]",Gran Turismo 6 è un videogioco di simulazione di guida sviluppato da Polyphony Digital e pubblicato da Sony Computer Entertainment per PlayStation 3 nel 2013. È il sesto capitolo della serie Gran Turismo.,"[""Italiano""]",0,"[""Europa""]",2013,Polyphony Digital,Sony Computer Entertainment
2260,Gran Turismo 5,"[""PS3""]","[""Guida""]",Gran Turismo 5 è un videogioco di simulazione di guida sviluppato da Polyphony Digital e pubblicato da Sony Computer Entertainment per PlayStation 3. È il quinto capitolo della serie Gran Turismo.,[],1,"[""Europa""]",2010,Polyphony Digital,Sony Computer Entertainment
2261,Ridge Racer 7,"[""PS3""]","[""Guida""]",Ridge Racer 7 è un videogioco di corse automobilistiche sviluppato e pubblicato da Namco Bandai Games per PlayStation 3. È il settimo capitolo della serie Ridge Racer.,[],1,"[""Europa""]",2006,Bandai Namco,Bandai Namco
2262,Bodycount,"[""PS3""]","[""Sparatutto""]",Bodycount è un videogioco sparatutto in prima persona sviluppato da Codemasters e pubblicato nel 2011 per PlayStation 3 e Xbox 360.,[],1,"[""Europa""]",2011,Codemasters,
2265,The Simpsons Game,"[""PS3""]","[""Arcade""]","The Simpsons Game è un videogioco d'azione-avventura basato sulla serie animata I Simpson, sviluppato da Electronic Arts e pubblicato nel 2007 per PlayStation 3, PlayStation 2, PlayStation Portable, Wii, Nintendo DS, Xbox 360 e Microsoft Windows.",[],1,"[""USA""]",2007,Electronic Arts,
2266,The Simpsons Arcade Game,"[""Altro""]","[""Picchiaduro a scorrimento"", ""Arcade""]","The Simpsons Arcade Game è un videogioco arcade a scorrimento orizzontale basato sulla serie animata I Simpson, pubblicato nel 1991 dalla Konami. Il gioco permette di controllare uno dei quattro personaggi della famiglia Simpson (Homer, Marge, Bart o Lisa) e di affrontare numerosi nemici e boss tratti dalla serie TV.",[],1,"[""USA""]",1991,,
2268,Berserk and the Band of the Hawk,"[""PS3"", ""PS4"", ""PC""]","[""Azione""]","Berserk and the Band of the Hawk è un videogioco d'azione basato sulla serie manga e anime Berserk. Il gioco segue la trama del manga, permettendo ai giocatori di rivivere le principali battaglie e gli eventi chiave della storia.","[""Italiano"", ""Inglese"", ""Francese"", ""Tedesco"", ""Spagnolo""]",1,"[""Europa""]",2016,,
2271,The Walking Dead: Season 2,"[""PS3""]","[""Azione""]",Sequel della serie di avventure grafiche basate sull'omonima serie a fumetti di Robert Kirkman.,"[""Inglese""]",0,"[""USA""]",2013,,
2272,Bakugan: Battle Brawlers - Defenders of the Core,"[""PS3""]","[""Picchiaduro""]",Bakugan: Battle Brawlers - Defenders of the Core è un videogioco di combattimento basato sulla serie animata Bakugan. Il gioco permette ai giocatori di scegliere tra diversi personaggi e Bakugan per combattere in arene 3D.,[],1,"[""Europa""]",2010,,
2275,Guitar Hero III: Legends of Rock,"[""PS3""]","[""Musicale""]","Guitar Hero III: Legends of Rock è un videogioco musicale sviluppato da Neversoft e pubblicato da Activision per PlayStation 3, Xbox 360, Wii, PlayStation 2 e Microsoft Windows nel 2007. È il terzo capitolo della serie Guitar Hero.",[],1,"[""Europa""]",2007,Neversoft,Activision
2276,Guitar Hero: World Tour,"[""PS3""]","[""Musicale""]","Guitar Hero: World Tour è un videogioco musicale sviluppato da Neversoft e pubblicato da Activision per PlayStation 3, Xbox 360, Wii e PlayStation 2 nel 2008. È il quarto capitolo della serie Guitar Hero e introduce nuovi strumenti come la batteria e il microfono, permettendo così di creare una band completa.",[],1,"[""USA""]",2008,Neversoft,Activision
2277,Guitar Hero: Aerosmith,"[""PS3""]","[""Musicale""]","Guitar Hero: Aerosmith è un videogioco musicale sviluppato da Neversoft e pubblicato da Activision per PlayStation 3, Xbox 360, Wii e PlayStation 2 nel 2008. Il gioco è incentrato sulla band rock Aerosmith e include molti dei loro brani più famosi.",[],1,"[""USA""]",2008,Neversoft,Activision
2278,Guitar Hero: Van Halen,"[""PS3""]","[""Musicale""]","Guitar Hero: Van Halen è un videogioco musicale sviluppato da Neversoft e pubblicato da Activision per PlayStation 3, Xbox 360 e Wii nel 2009. Il gioco è incentrato sulla musica della band rock Van Halen e include molti dei loro brani più famosi.",[],1,"[""Europa""]",2009,Neversoft,Activision
2279,Guitar Hero: Metallica,"[""PS3""]","[""Musicale""]","Guitar Hero: Metallica è un videogioco musicale sviluppato da Neversoft e pubblicato da Activision per PlayStation 3, Xbox 360, Wii e PlayStation 2 nel 2009. Il gioco è incentrato sulla band heavy metal Metallica e include molte delle loro canzoni più famose.",[],1,"[""USA""]",2009,Neversoft,Activision
2280,TheBeatles RockBand,"[""PS3""]","[""Musicale""]",Gioco musicale incentrato sulla band dei Beatles,[],1,"[""Europa""]",,,
2281,Green Day: Rock Band,"[""PS3""]","[""Musicale""]","Green Day: Rock Band è un videogioco musicale sviluppato da Harmonix e pubblicato da MTV Games e Electronic Arts per PlayStation 3, Xbox 360 e Wii nel 2010. Il gioco fa parte della serie Rock Band e si concentra sulla band punk rock Green Day.",[],1,"[""Europa""]",2010,Harmonix,MTV Games e Electronic Arts
2283,Rock Band 3,"[""PS3""]","[""Musicale""]","Rock Band 3 è un videogioco musicale sviluppato da Harmonix e pubblicato da MTV Games e Electronic Arts per PlayStation 3, Xbox 360, Wii e Nintendo DS nel 2010. Il gioco fa parte della serie Rock Band e introduce nuove funzionalità come il supporto per la tastiera e il controller MIDI.",[],1,"[""Europa""]",2010,Harmonix,MTV Games e Electronic Arts
2284,Rock Band 2,"[""PS3""]","[""Musicale""]","Rock Band 2 è un videogioco musicale sviluppato da Harmonix e pubblicato da MTV Games e Electronic Arts per PlayStation 3, Xbox 360, Wii e PlayStation 2 nel 2008. È il sequel di Rock Band.",[],1,"[""Europa""]",2008,Harmonix,MTV Games e Electronic Arts
2285,Rock Band,"[""PS3""]","[""Musicale""]","Rock Band è un videogioco musicale in cui i giocatori possono suonare strumenti come chitarra, basso, batteria e cantare attraverso l'utilizzo di controller speciali. Il gioco permette di esibirsi in brani di artisti famosi e di creare la propria band.",[],1,"[""Europa""]",2007,,
2286,Pro Evolution Soccer 2021,"[""PS3""]","[""Sport""]",Pro Evolution Soccer 2021 è un videogioco di calcio sviluppato e pubblicato da Konami. È il ventesimo capitolo della serie Pro Evolution Soccer.,[],1,"[""Europa""]",2020,Konami,Konami
2287,FIFA 18,"[""PS3""]","[""Sport""]","FIFA 18 è un videogioco di calcio sviluppato da EA Canada e pubblicato da Electronic Arts. È il 25° capitolo della serie FIFA ed è stato rilasciato a settembre 2017 per PlayStation 3, PlayStation 4, Xbox 360, Xbox One, Nintendo Switch e Microsoft Windows.",[],1,"[""Europa""]",2017,EA Canada,Electronic Arts
2289,Need for Speed: Most Wanted,"[""PS3""]","[""Guida""]",Need for Speed: Most Wanted è un videogioco di guida sviluppato da Criterion Games e pubblicato da Electronic Arts nel 2012. È il diciannovesimo capitolo della serie Need for Speed.,[],1,"[""Internazionale""]",2012,Criterion Games,Electronic Arts
2290,Battle Fantasia,"[""PS3""]","[""Picchiaduro""]",Battle Fantasia è un videogioco picchiaduro sviluppato da Arc System Works e pubblicato da Aksys Games nel 2008 per PlayStation 3.,[],1,"[""Europa""]",2008,Arc System Works,Aksys Games
2291,Adventure Time: Explore the Dungeon Because I Don't Know,"[""PS3""]","[""Avventura""]","Adventure Time: Explore the Dungeon Because I Don't Know è un videogioco di avventura basato sulla serie animata Adventure Time. Il gioco permette ai giocatori di esplorare un vasto dungeon insieme ai personaggi della serie, affrontando nemici e risolvendo enigmi.",[],1,"[""Europa""]",2013,,
2292,Barbie And Her Sisters Puppy Rescue,"[""PS3""]","[""Simulazione""]","Unisciti a Barbie e alle sue sorelle in una nuova avventura per salvare i cuccioli! Esplora il rifugio per animali, prendi cura dei cuccioli e aiuta a trovare loro una nuova casa. Gioca con i tuoi personaggi preferiti e divertiti in mini-giochi e attività.",[],1,"[""Europa""]",2015,,
2293,Ghostbusters: Sanctum of Slime,"[""PS3""]","[""Azione""]",Ghostbusters: Sanctum of Slime è un videogioco di azione ambientato nell'universo di Ghostbusters. Il gioco permette ai giocatori di vestire i panni di un nuovo team di acchiappafantasmi che deve affrontare una nuova minaccia soprannaturale a New York.,[],1,"[""Europa""]",2011,,
2294,Bejeweled 3,"[""PS3""]","[""Puzzle""]","Bejeweled 3 è un videogioco di puzzle sviluppato e pubblicato da PopCap Games. Il gioco è il quarto capitolo della serie Bejeweled e presenta nuovi modalità di gioco, grafica migliorata e nuovi effetti sonori.",[],1,"[""Europa""]",2010,PopCap Games,PopCap Games
2295,DarkSector,"[""PS3""]","[""Azione""]",Dark Sector è un videogioco d'azione sviluppato da Digital Extremes e pubblicato da D3 Publisher nel 2008 per PlayStation 3 e Xbox 360.,[],1,"[""Europa""]",2008,Digital Extremes,D3 Publisher
2296,BioShock 2,"[""PS3""]","[""Sparatutto""]","BioShock 2 è un videogioco sparatutto in prima persona sviluppato da 2K Games. Ambientato nella città sottomarina di Rapture, il gioco segue le vicende di un Protettore, un Big Daddy che si risveglia dopo dieci anni dalla fine degli eventi del primo capitolo della serie.",[],1,"[""Europa""]",2010,2K Games,
2297,BioShock,"[""PS3""]","[""Sparatutto""]","BioShock è un videogioco sparatutto in prima persona sviluppato da 2K Games e pubblicato nel 2007. Ambientato in una città sottomarina chiamata Rapture, il gioco segue le vicende di Jack, un sopravvissuto di un incidente aereo che si ritrova a dover affrontare i pericoli della città.",[],1,"[""Europa""]",2007,2K Games,
2298,Sniper Ghost Warrior 2,"[""PS3""]","[""Sparatutto""]",Sniper Ghost Warrior 2 è un gioco di tiro in prima persona incentrato sulle abilità di cecchino. Il giocatore assume il ruolo di un cecchino d'élite impegnato in missioni di infiltrazione e eliminazione di bersagli nemici.,[],1,"[""Europa""]",2013,,
2299,Far Cry 3,"[""PS3""]","[""Azione""]","Far Cry 3 è un videogioco sparatutto in prima persona sviluppato da Ubisoft Montreal e pubblicato da Ubisoft. Il gioco è ambientato in un arcipelago tropicale immaginario, dove il protagonista Jason Brody deve cercare di sopravvivere e liberare i suoi amici rapiti da una banda di pirati.",[],1,"[""Europa""]",2012,Ubisoft Montreal,Ubisoft
2300,Jak and Daxter HD Collection,"[""PS3""]","[""Avventura""]","La Jak and Daxter HD Collection raccoglie i primi tre capitoli della serie Jak and Daxter in versione rimasterizzata per PS3. I giochi inclusi sono Jak and Daxter: The Precursor Legacy, Jak II e Jak 3, tutti rimasterizzati in alta definizione.",[],1,"[""Europa""]",2012,,
2301,Red Dead Redemption,"[""PS3""]","[""Azione""]","Red Dead Redemption è un videogioco di genere western open world sviluppato da Rockstar Games e pubblicato nel 2010 per PlayStation 3 e Xbox 360. Il gioco è ambientato nel 1911, durante il declino del selvaggio West, e segue le vicende di John Marston, un ex fuorilegge costretto a cacciare i suoi ex compagni di banda per salvare la sua famiglia.","[""Inglese""]",0,"[""Europa""]",2010,Rockstar Games,
2302,God of War: Ascension,"[""PS3""]","[""Azione"", ""Avventura""]",God of War: Ascension è un videogioco d'azione e avventura sviluppato da SCE Santa Monica Studio e pubblicato da Sony Computer Entertainment per PlayStation 3 nel 2013. È il sesto capitolo della serie God of War.,[],1,"[""Europa""]",2013,SCE Santa Monica Studio,Sony Computer Entertainment
2303,God of War 3,"[""PS3""]","[""Azione"", ""Avventura""]",God of War 3 è un videogioco d'azione e avventura sviluppato da SCE Santa Monica Studio e pubblicato da Sony Computer Entertainment per PlayStation 3 nel 2010. È il sesto capitolo della serie God of War e il terzo capitolo principale.,"[""Inglese""]",0,"[""Europa""]",2010,SCE Santa Monica Studio,Sony Computer Entertainment
2304,Grand Theft Auto V,"[""PS3""]","[""Azione""]","Grand Theft Auto V è un videogioco d'azione e avventura open world sviluppato da Rockstar North e pubblicato da Rockstar Games. È il quindicesimo capitolo della serie Grand Theft Auto ed è stato rilasciato per PlayStation 3 e Xbox 360 nel 2013, per PlayStation 4 e Xbox One nel 2014 e per Microsoft Windows nel 2015.",[],1,"[""Europa""]",2013,Rockstar North,Rockstar Games
2305,Grand Theft Auto IV & Episodes From Liberty City,"[""PS3""]","[""Azione""]","Grand Theft Auto IV è un videogioco d'azione e avventura open world sviluppato da Rockstar North e pubblicato da Rockstar Games per PlayStation 3 e Xbox 360 nel 2008. Il gioco è ambientato nella fittizia città di Liberty City, ispirata a New York City. Episodes from Liberty City è un pacchetto di espansione per Grand Theft Auto IV, pubblicato nel 2009, che include due nuove storie ambientate sempre a Liberty City.","[""Inglese""]",0,"[""Europa""]",2008,Rockstar North,Rockstar Games
2307,Frostpunk - Console Edition,"[""PS4""]","[""Strategia""]","Frostpunk è un gioco di strategia ambientato in un mondo post-apocalittico in cui l'umanità lotta per sopravvivere in un clima glaciale. I giocatori devono costruire e gestire una città in condizioni estreme, prendendo decisioni difficili per garantire la sopravvivenza della loro comunità.","[""Italiano"", ""Inglese""]",0,"[""Europa""]",2019,,
2308,LEGO Brawls,"[""PS4""]","[""Picchiaduro""]",LEGO Brawls è un picchiaduro multiplayer in cui i giocatori possono creare e personalizzare i propri personaggi LEGO per scontrarsi in arene dinamiche e divertenti.,[],1,"[""Europa""]",2022,,
2309,Minecraft,"[""PS4""]","[""Avventura""]","Minecraft è un videogioco sandbox di sopravvivenza e creazione, in cui i giocatori possono costruire, esplorare, raccogliere risorse e combattere in un mondo generato proceduralmente e composto da cubi.",[],1,"[""Europa""]",2009,,
2311,Farming Simulator 22,"[""PS4""]","[""Simulazione""]","Farming Simulator 22 è un gioco di simulazione agricola che permette ai giocatori di gestire e far crescere la propria azienda agricola. Il gioco offre una vasta gamma di veicoli, attrezzature e colture da coltivare, oltre a una mappa dettagliata e realistica che riflette diverse regioni geografiche.",[],1,"[""Europa""]",2021,,
2312,God of War Ragnarok,"[""PS4""]","[""Avventura"", ""Azione""]",God of War Ragnarok è un videogioco action-adventure sviluppato da Santa Monica Studio e pubblicato da Sony Interactive Entertainment per PlayStation 4 e PlayStation 5 nel 2022. È il nono capitolo della serie God of War e il sequel di God of War (2018).,[],1,"[""Europa""]",2022,Santa Monica Studio,Sony Interactive Entertainment
2313,eFootball 2023 World Cup Edition,"[""PS4""]","[""Sport""]",Edizione della Coppa del Mondo 2023 di eFootball,[],1,"[""Europa""]",2023,,
2314,Crash Bash,"[""PS4""]","[""Party"", ""Avventura""]","Versione PKG per PS4 con risoluzione massima a 60 FPS, joystick attivato, vibrazione attiva e altro ancora. È possibile giocare in modalità cooperativa / 2 giocatori o più.",[],1,"[""Europa""]",,,
2315,Persona 5: Dancing in Starlight,"[""PS4""]","[""Musicale""]","Persona 5: Dancing in Starlight è uno spin-off musicale del popolare JRPG Persona 5. Il gioco permette ai giocatori di ballare sulle note delle tracce musicali tratte dal titolo principale, in una serie di livelli e modalità di gioco dedicate.","[""Italiano""]",0,"[""Europa""]",2018,,
2316,Animaniacs The Great Edgar Hunt,"[""PS4""]","[""Avventura""]","Animaniacs The Great Edgar Hunt è un gioco di avventura basato sulla serie animata Animaniacs. I giocatori dovranno aiutare i protagonisti Yakko, Wakko e Dot a ritrovare il loro amico Edgar, che è scomparso.",[],1,"[""Europa""]",,,
2317,WWE 2K22,"[""PS4""]","[""Wrestling""]","WWE 2K22 è il videogioco di wrestling sviluppato da Visual Concepts e pubblicato da 2K Sports per PlayStation 4. Il gioco offre un'esperienza di wrestling realistica e coinvolgente, con una vasta gamma di superstar WWE, modalità di gioco e opzioni di personalizzazione.","[""Italiano"", ""Inglese""]",0,"[""Europa""]",2022,Visual Concepts,2K Sports
2318,Journey to the Savage Planet,"[""PS4""]","[""Azione"", ""Sparatutto""]",Journey to the Savage Planet è un gioco di esplorazione e avventura in prima persona ambientato in un pianeta alieno. Il giocatore veste i panni di un esploratore inviato a esplorare e catalogare le forme di vita di questo nuovo mondo.,[],1,"[""Europa""]",2020,,
2319,Enter the Matrix,"[""PS4""]","[""Azione"", ""Avventura""]",Enter the Matrix è un videogioco d'azione e avventura ambientato nell'universo di Matrix.,[],1,"[""Europa""]",2003,,
2320,Reverie: Knights Tactics,"[""PS4""]","[""Ruolo""]","Reverie: Knights Tactics è un gioco di ruolo tattico ambientato in un mondo fantasy. I giocatori guidano un gruppo di eroi attraverso battaglie a turni, esplorano dungeon e risolvono enigmi per salvare il regno.","[""Inglese""]",0,"[""Europa""]",2022,,
2322,Windjammers 2,"[""PS4""]","[""Sport"", ""Arcade""]","Windjammers 2 è un videogioco di sport arcade che segue le orme del classico Windjammers del 1994. Il gioco mantiene il gameplay frenetico e competitivo del predecessore, con l'aggiunta di nuovi personaggi, stadi e modalità di gioco.","[""Italiano"", ""Inglese""]",1,"[""Europa""]",2022,,
2323,Salt and Sanctuary,"[""PS4""]","[""Arcade""]","Salt and Sanctuary è un gioco di ruolo d'azione in 2D con elementi souls-like, sviluppato e pubblicato da Ska Studios.","[""Inglese""]",0,"[""Europa""]",2016,Ska Studios,Ska Studios
2324,Little Nightmares II,"[""PS4""]","[""Horror"", ""Avventura"", ""Strategia""]","Little Nightmares II è un gioco di avventura e horror in cui il giocatore controlla Mono, un bambino intrappolato in un mondo distorto e inquietante. Insieme a Six, la protagonista del primo capitolo, Mono dovrà affrontare numerosi pericoli e risolvere enigmi per cercare di fuggire da questo incubo.",[],1,"[""Europa""]",2021,,
2325,Mirror's Edge Catalyst,"[""PS4""]","[""Avventura"", ""Azione""]","Mirror's Edge Catalyst è un videogioco di azione e avventura sviluppato da DICE e pubblicato da Electronic Arts per PlayStation 4, Xbox One e Microsoft Windows nel 2016. È il sequel del videogioco Mirror's Edge del 2008.",[],1,"[""Europa""]",2016,DICE,Electronic Arts
2326,Umbrella Corps,"[""PS4""]","[""Sparatutto""]",Umbrella Corps è uno sparatutto tattico ambientato nell'universo di Resident Evil. Il gioco offre un'esperienza multiplayer competitiva in scenari infestati dai non-morti.,"[""Italiano""]",0,"[""Europa""]",2016,,
2327,EA Sports UFC 4,"[""PS4""]","[""Picchiaduro""]",Videogioco di arti marziali miste sviluppato da EA Vancouver e pubblicato da Electronic Arts.,[],1,"[""Europa""]",2020,EA Vancouver,Electronic Arts
2328,Dying Light 2 Stay Human,"[""PS4""]","[""Simulazione"", ""Azione""]","Dying Light 2 Stay Human è un gioco di sopravvivenza e azione ambientato in un mondo post-apocalittico infestato da zombie. Il giocatore dovrà esplorare una vasta città, prendere decisioni che influenzeranno il mondo di gioco e combattere orde di infetti utilizzando una vasta gamma di armi e abilità.","[""Italiano"", ""Inglese""]",0,"[""Europa""]",2022,,
2329,Planet Coaster,"[""PS4""]","[""Simulazione""]","Planet Coaster è un videogioco di simulazione di parchi a tema sviluppato e pubblicato da Frontier Developments. Il gioco permette ai giocatori di progettare, costruire e gestire il proprio parco a tema personalizzato.",[],1,"[""Europa""]",2016,Frontier Developments,Frontier Developments
2330,Marvel's Spider-Man,"[""PS4""]","[""Azione"", ""Avventura"", ""Picchiaduro""]",Marvel's Spider-Man è un videogioco d'azione e avventura sviluppato da Insomniac Games e pubblicato da Sony Interactive Entertainment per PlayStation 4 nel 2018. Il gioco segue le vicende di Peter Parker/Spider-Man mentre affronta una nuova minaccia che si abbatte su New York City.,[],1,"[""Europa""]",2018,Insomniac Games,Sony Interactive Entertainment
2331,Marvel's Avengers,"[""PS4""]","[""Azione""]","Marvel's Avengers è un videogioco action-adventure sviluppato da Crystal Dynamics e pubblicato da Square Enix. Il gioco segue le vicende di un gruppo di supereroi Marvel, tra cui Captain America, Iron Man, Hulk, Thor e Black Widow, mentre affrontano una minaccia globale.",[],1,"[""Europa""]",2020,Crystal Dynamics,Square Enix
2332,Heavy Rain,"[""PS4""]","[""Simulazione""]","Heavy Rain è un'avventura interattiva sviluppata da Quantic Dream e pubblicata da Sony Computer Entertainment per PlayStation 4. Il gioco segue le vicende di quattro personaggi diversi, ognuno con il proprio ruolo, mentre indagano sulla scomparsa di un bambino. Le scelte del giocatore influenzano significativamente il corso della storia e gli eventi.",[],1,"[""Europa""]",2016,Quantic Dream,Sony Computer Entertainment
2333,Gabbuchi,"[""PS4""]","[""Puzzle""]",Questo gioco non è stato testato da aROMa su firmware 9.00,"[""Inglese""]",0,"[""Europa""]",,,
2334,Nioh 2,"[""PS4""]","[""Azione""]","Nioh 2 è un action RPG ambientato nel Giappone feudale, sviluppato da Team Ninja e pubblicato da Koei Tecmo. Il gioco è un prequel del precedente Nioh e segue le vicende di un protagonista semi-yokai, ovvero un essere umano con poteri soprannaturali.","[""Italiano""]",1,"[""Europa""]",2020,Team Ninja,Koei Tecmo
2335,Just Dance 2022,"[""PS4""]","[""Musicale"", ""Party""]",Just Dance 2022 è un videogioco di ballo sviluppato e pubblicato da Ubisoft. Il gioco fa parte della serie Just Dance e include una selezione di brani musicali contemporanei e classici da ballare.,[],1,"[""Europa""]",2021,Ubisoft,Ubisoft
2336,Spider-Man: Miles Morales,"[""PS4""]","[""Azione"", ""Avventura""]","Spider-Man: Miles Morales è un videogioco d'azione e avventura sviluppato da Insomniac Games e pubblicato da Sony Interactive Entertainment per PlayStation 4 e PlayStation 5. È uno spin-off del gioco Spider-Man del 2018 e segue le avventure di Miles Morales, un nuovo Spider-Man.",[],1,"[""Europa""]",2020,Insomniac Games,Sony Interactive Entertainment
2337,Assassin's Creed Valhalla,"[""PS4""]","[""Azione"", ""Avventura""]","Assassin's Creed Valhalla è un videogioco action-adventure sviluppato da Ubisoft Montreal e pubblicato da Ubisoft. Ambientato nell'Europa dell'Alto Medioevo, il gioco segue le vicende di Eivor, un vichingo che guida il suo clan alla conquista dell'Inghilterra.",[],1,"[""Europa""]",2020,Ubisoft Montreal,Ubisoft
2338,Fez,"[""PS4""]","[""Puzzle"", ""Piattaforma""]","Fez è un videogioco di genere puzzle-platformer sviluppato da Polytron Corporation e pubblicato nel 2012. Il gioco segue le avventure di Gomez, un personaggio bidimensionale che scopre un mondo tridimensionale e deve esplorarlo per risolvere enigmi e raccogliere tesori.",[],1,"[""Europa""]",2012,Polytron,
2339,Bloodborne,"[""PS4""]","[""Azione"", ""Picchiaduro"", ""Ruolo""]","Bloodborne è un videogioco action RPG sviluppato da FromSoftware e pubblicato da Sony Computer Entertainment per PlayStation 4 nel 2015. Il gioco si svolge in una città vittoriana oscura e inquietante, dove il giocatore deve affrontare orribili creature e boss impegnativi.",[],1,"[""Europa""]",2015,FromSoftware,Sony Computer Entertainment
2340,Captain Tsubasa Rise Of New Champions,"[""PS4""]","[""Sport""]","Captain Tsubasa: Rise of New Champions è un videogioco di calcio basato sulla serie manga e anime Captain Tsubasa, sviluppato da Tamsoft e pubblicato da Bandai Namco Entertainment per PlayStation 4 e Nintendo Switch nel 2020.","[""Italiano"", ""Giapponese""]",0,"[""Giappone""]",2020,Tamsoft,Bandai Namco
2341,Kingdom Hearts: Melody of Memory,"[""PS4""]","[""Ruolo musicale""]",Kingdom Hearts: Melody of Memory è un gioco di ruolo musicale sviluppato e pubblicato da Square Enix. Il gioco fa parte della serie Kingdom Hearts e segue gli eventi di Kingdom Hearts III.,"[""Italiano"", ""Inglese""]",0,"[""Europa""]",2020,Square Enix,Square Enix
2342,ROM Silent Hills: P.T. (Demo),"[""PS4""]","[""Horror"", ""Avventura""]","Distribuito in tutto il mondo il 12 agosto 2014 su PlayStation Network e disponibile tramite download gratuito, P.T. rappresentava un teaser interattivo per il videogioco Silent Hills, nuovo capitolo della serie Silent Hill inizialmente previsto per il 2016, ma successivamente annullato. Nell'aprile 2015 Konami ha rimosso P.T. dal PlayStation Store e disabilitato la sua installazione. Rimane un grosso peccato non aver giocato al titolo completo, siamo quasi certi che con le idee di Hideo Kojima poteva uscirne un piccolo capolavoro. Sappiamo però che se non fosse successo questo, probabilmente il game director non avrebbe creato Death Stranding, altro suo recente capolavoro.",[],1,"[""Europa""]",2014,,
2343,Grand Theft Auto V,"[""PS4""]","[""Simulazione"", ""Azione"", ""Guida"", ""Sparatutto"", ""Picchiaduro""]","Grand Theft Auto V è un videogioco d'azione e avventura open world sviluppato da Rockstar North e pubblicato da Rockstar Games. È il quindicesimo capitolo della serie Grand Theft Auto ed è stato rilasciato per PlayStation 3 e Xbox 360 nel 2013, per PlayStation 4 e Xbox One nel 2014 e per Microsoft Windows nel 2015.","[""Italiano"", ""Inglese""]",0,"[""Europa""]",2013,Rockstar North,Rockstar Games
2344,Grand Theft Auto: The Trilogy - The Definitive Edition,"[""PS4""]","[""Simulazione"", ""Azione"", ""Guida"", ""Sparatutto"", ""Picchiaduro""]","Grand Theft Auto: The Trilogy - The Definitive Edition è una raccolta rimasterizzata di tre classici della serie Grand Theft Auto: Grand Theft Auto III, Grand Theft Auto: Vice City e Grand Theft Auto: San Andreas.","[""Italiano"", ""Inglese""]",0,"[""Europa""]",2021,,
2345,Far Cry 6,"[""PS4""]","[""Azione"", ""Sparatutto""]","Far Cry 6 è un videogioco di azione-avventura sviluppato da Ubisoft Toronto e pubblicato da Ubisoft. Ambientato nell'isola fittizia di Yara, il giocatore assume il ruolo di Dani Rojas, un rivoluzionario che combatte contro il regime dittatoriale di Anton Castillo.","[""Italiano"", ""Inglese""]",0,"[""Europa""]",2021,Ubisoft Toronto,Ubisoft
2346,Harry Potter e la camera dei segreti,"[""PS1"", ""PS4""]","[""Avventura"", ""Azione""]","Il gioco segue la trama del secondo libro della serie di Harry Potter, in cui il giovane mago deve affrontare una misteriosa creatura che sta terrorizzando gli studenti di Hogwarts.",[],1,"[""Europa""]",2002,,
2347,Final Fantasy 7 Remake,"[""PS4""]","[""Azione"", ""Avventura"", ""Ruolo""]","Final Fantasy 7 Remake è un rifacimento del classico Final Fantasy 7 originariamente uscito per PlayStation nel 1997. Il gioco mantiene la stessa storia e ambientazione del titolo originale, ma con una rivisitazione grafica e di gameplay per adattarla agli standard moderni.","[""Italiano"", ""Inglese""]",0,"[""Europa""]",2020,,
2348,The Last of Us Parte 2,"[""PS4""]","[""Azione""]",The Last of Us Parte 2 è un videogioco d'azione e avventura sviluppato da Naughty Dog e pubblicato da Sony Interactive Entertainment per PlayStation 4 nel 2020. È il sequel di The Last of Us del 2013.,[],1,"[""Europa""]",2020,Naughty Dog,Sony Interactive Entertainment
2349,Horizon Zero Dawn,"[""PS4""]","[""Avventura""]","In un mondo post-apocalittico dominato da macchine feroci, una giovane cacciatrice di nome Aloy lotta per scoprire il suo passato e il suo destino in una vasta e bellissima wilderness.","[""Italiano"", ""Inglese""]",0,"[""Europa""]",2017,,
2350,Crash Bandicoot 4: It's About Time,"[""PS4""]","[""Piattaforma"", ""Avventura""]",Crash Bandicoot 4: It's About Time è un videogioco di piattaforme sviluppato da Toys for Bob e pubblicato da Activision per PlayStation 4 e Xbox One nel 2020.,[],1,"[""Europa""]",2020,Toys for Bob,Activision
2351,Resident Evil Village,"[""PS4""]","[""Azione"", ""Horror"", ""Avventura"", ""Sparatutto""]",Resident Evil Village è un videogioco survival horror sviluppato e pubblicato da Capcom. È il decimo capitolo principale della serie Resident Evil e il sequel diretto di Resident Evil 7: Biohazard.,[],1,"[""Europa""]",2021,Capcom,Capcom
2352,Nexomon: Extinction,"[""PS4""]","[""Ruolo""]","Nexomon: Extinction è un gioco di ruolo in stile Pokémon sviluppato da VEWO Interactive. Il gioco segue le avventure di un protagonista che deve catturare e addestrare Nexomon, creature fantastiche, per affrontare una minaccia che incombe sul mondo.",[],1,"[""Europa""]",2020,VEWO Interactive,
2353,Shadow of the Colossus,"[""PS4""]","[""Avventura""]",Shadow of the Colossus è un videogioco d'azione-avventura sviluppato da Bluepoint Games e pubblicato da Sony Interactive Entertainment per PlayStation 4 nel 2018. Si tratta di un remake del gioco omonimo originariamente pubblicato per PlayStation 2 nel 2005.,[],1,"[""Europa""]",2018,Bluepoint Games,Sony Interactive Entertainment
2354,WRC 10 FIA World Rally Championship,"[""PS4""]","[""Guida""]","WRC 10 FIA World Rally Championship è un videogioco di rally sviluppato da Kylotonn e pubblicato da Nacon. Il gioco include l'intero calendario del Campionato del Mondo Rally FIA 2021, con tutti i team, i piloti e le auto ufficiali.",[],1,"[""Europa""]",2021,Kylotonn,Nacon
2355,Mario Strikers: Battle League,"[""Switch""]","[""Sport""]","Mario Strikers: Battle League è un videogioco di calcio della serie Mario Strikers, sviluppato da Next Level Games e pubblicato da Nintendo per Nintendo Switch nel 2022. Il gioco segue il gameplay della serie, con partite di calcio frenetiche e caotiche tra personaggi della serie Super Mario.",[],1,"[""Europa""]",2022,Next Level Games,Nintendo
2356,Donkey Kong: Jungle Beat,"[""GameCube""]","[""Piattaforma"", ""Avventura"", ""Picchiaduro""]",Donkey Kong: Jungle Beat è un videogioco di piattaforme e picchiaduro sviluppato da Nintendo EAD e pubblicato da Nintendo per GameCube nel 2004. Il gioco segna il ritorno di Donkey Kong come protagonista principale dopo diversi anni di assenza.,[],1,"[""Europa""]",2004,Nintendo EAD,Nintendo
2359,Pokémon Violetto,"[""Switch""]","[""Ruolo"", ""Avventura""]",Pokémon Violetto è un gioco di ruolo e avventura sviluppato e pubblicato da The Pokémon Company e Nintendo per la console Nintendo Switch. È parte dell'ottava generazione di videogiochi della serie Pokémon.,"[""Italiano""]",1,"[""Europa""]",2022,The Pokémon Company e Nintendo,The Pokémon Company e Nintendo
2360,Pokémon Scarlatto,"[""Switch""]","[""Ruolo"", ""Avventura"", ""Piattaforma""]","Pokémon Scarlatto è un videogioco di ruolo e avventura sviluppato e pubblicato da The Pokémon Company e Nintendo per la console Nintendo Switch. È uno dei due titoli principali della nona generazione di videogiochi Pokémon, insieme a Pokémon Violetto.","[""Italiano""]",1,"[""Europa""]",2022,The Pokémon Company e Nintendo,The Pokémon Company e Nintendo
2361,Disney's Toy Story,"[""SNES""]","[""Avventura""]","Basato sul film d'animazione Toy Story, questo gioco per SNES ti permette di rivivere le avventure di Woody e Buzz Lightyear. Esplora diversi ambienti, risolvi enigmi e affronta nemici per salvare i tuoi amici giocattoli.",[],1,"[""Europa""]",1995,,
2362,Spider-Man 2,"[""GameCube""]","[""Azione"", ""Avventura""]",Spider-Man 2 è un videogioco di azione e avventura basato sul film omonimo del 2004. Il giocatore assume il ruolo di Spider-Man e deve affrontare vari nemici e completare missioni per salvare la città di New York.,[],1,"[""Europa""]",2004,,
2363,Def Jam Fight for NY,"[""GameCube""]","[""Picchiaduro"", ""Wrestling""]","Un picchiaduro ambientato nel mondo del wrestling e della musica hip-hop, con personaggi e ambientazioni tratti dal mondo di Def Jam.",[],1,"[""Europa""]",2004,,
2364,Freedom Fighters,"[""GameCube""]","[""Azione"", ""Avventura"", ""Sparatutto""]","Freedom Fighters è un videogioco di azione e avventura ambientato durante una invasione sovietica degli Stati Uniti. Il giocatore controlla Christopher Stone, un idraulico di New York che si unisce alla resistenza per liberare la città dall'occupazione nemica.","[""Inglese""]",0,"[""Europa""]",2003,,
2365,Castlevania - Dracula X,"[""SNES""]","[""Azione"", ""Avventura"", ""Piattaforma""]","Castlevania - Dracula X è un videogioco di azione e avventura della serie Castlevania, sviluppato e pubblicato da Konami per Super Nintendo Entertainment System nel 1995.","[""Inglese""]",0,"[""USA""]",1995,Konami,Konami
2366,Ultimate Mortal Kombat 3,"[""SNES""]","[""Picchiaduro""]",Ultimate Mortal Kombat 3 è un videogioco picchiaduro sviluppato e pubblicato da Midway nel 1995 per Super Nintendo Entertainment System (SNES).,[],1,"[""Europa""]",1995,Midway,Midway
2367,Fatal Fury 2,"[""SNES""]","[""Picchiaduro""]",Fatal Fury 2 è un videogioco picchiaduro sviluppato e pubblicato da SNK per Super Nintendo Entertainment System nel 1992. È il sequel del gioco Fatal Fury del 1991.,[],1,"[""Europa""]",1992,SNK,SNK
2368,Fatal Fury,"[""SNES""]","[""Picchiaduro""]",Fatal Fury è un videogioco picchiaduro sviluppato e pubblicato da SNK per Super Nintendo Entertainment System nel 1992. È il primo capitolo della serie Fatal Fury.,[],1,"[""Europa""]",1992,SNK,SNK
2369,Mega Man X Patch Ita,"[""SNES""]","[""Piattaforma""]","Questo è il primo capitolo pubblicato per Super Nintendo. È lo spin-off della saga principale di Mega Man. Grazie alla patch, è possibile giocarlo in italiano.","[""Italiano""]",0,"[""USA""]",,,
2370,Mario Smash Football,"[""GameCube""]","[""Sport""]",Mario Smash Football è un videogioco sportivo sviluppato e pubblicato da Nintendo per GameCube nel 2005. Il gioco fa parte della serie Mario e vede i personaggi della serie impegnati in partite di calcio.,[],1,"[""Europa""]",2005,Nintendo,Nintendo
2372,Spider-Man 1 & 2,"[""Game Boy Advance""]","[""Avventura""]",Gioco di avventura basato sui film di Spider-Man,"[""Inglese""]",1,"[""Europa""]",,,
2373,Final Fantasy VI,"[""Game Boy Advance""]","[""Ruolo""]",Final Fantasy VI è un gioco di ruolo giapponese sviluppato e pubblicato da Square per la console Super Nintendo Entertainment System nel 1994. È il sesto capitolo della serie Final Fantasy ed è considerato uno dei migliori e più influenti giochi di ruolo di tutti i tempi.,[],1,"[""Europa""]",2007,Square,Square
2374,Final Fantasy V,"[""Game Boy Advance""]","[""Ruolo""]",Final Fantasy V è un gioco di ruolo giapponese sviluppato e pubblicato da Square per il Super Famicom nel 1992. È il quinto capitolo della serie Final Fantasy. Il gioco è ambientato in un mondo fantasy e segue le avventure di un gruppo di personaggi che devono affrontare una minaccia che mette in pericolo l'intero pianeta.,"[""Italiano""]",1,"[""Europa""]",2006,Square,Square
2375,Final Fantasy IV,"[""Game Boy Advance""]","[""Ruolo""]","Final Fantasy IV è un classico JRPG sviluppato da Square Enix. Il gioco segue le avventure di Cecil, un cavaliere oscuro che intraprende un viaggio per redimersi e salvare il mondo. Con un'epica storia, personaggi indimenticabili e un sistema di combattimento profondo, Final Fantasy IV è considerato uno dei migliori titoli della serie.",[],1,"[""Europa""]",2005,Square Enix,
2376,Final Fantasy Tactics,"[""Game Boy Advance""]","[""Ruolo""]",Final Fantasy Tactics è un videogioco di ruolo tattico sviluppato da Square e pubblicato nel 1997 per PlayStation. Il gioco è ambientato nell'universo di Final Fantasy ed è considerato uno dei migliori titoli della serie.,[],1,"[""Europa""]",1997,Square,
2377,Final Fantasy 1&2 - Dawn of Souls,"[""Game Boy Advance""]","[""Ruolo""]","Final Fantasy 1&2 - Dawn of Souls è un remake per Game Boy Advance dei primi due capitoli della serie Final Fantasy. Il gioco include entrambi i titoli originali, con grafica e audio aggiornati, oltre a nuovi contenuti e miglioramenti di gameplay.",[],1,"[""Europa""]",2004,,
2378,Dragon Ball Fusion,"[""Nintendo 3DS""]","[""Picchiaduro""]",Dragon Ball Fusion è un videogioco di genere picchiaduro sviluppato e pubblicato da Bandai Namco Entertainment per Nintendo 3DS. Il gioco permette ai giocatori di creare personaggi originali combinando i protagonisti della serie Dragon Ball.,[],1,"[""Europa""]",2016,Bandai Namco,Bandai Namco
2379,Endless Ocean 2: Blue World,"[""Wii""]","[""Sport"", ""Simulazione""]","Endless Ocean 2: Blue World è un videogioco di simulazione subacquea sviluppato da Arika e pubblicato da Nintendo per la console Wii. Il gioco permette ai giocatori di esplorare gli oceani, scoprire nuove specie marine e interagire con l'ambiente sottomarino.",[],1,"[""Europa""]",2010,Arika,Nintendo
2380,Endless Ocean,"[""Wii""]","[""Sport"", ""Simulazione""]",Endless Ocean è un gioco di simulazione subacquea per la console Wii. Il giocatore assume il ruolo di un subacqueo esplorando gli oceani e interagendo con la fauna marina.,[],1,"[""Europa""]",2007,,
2381,Tatsunoko vs. Capcom: Ultimate All-Stars,"[""Wii""]","[""Picchiaduro""]",Tatsunoko vs. Capcom: Ultimate All-Stars è un videogioco picchiaduro crossover sviluppato da Capcom e pubblicato per la console Wii nel 2010. Il gioco mette a confronto personaggi provenienti dall'universo di Tatsunoko Production e Capcom.,[],1,"[""Europa""]",2010,Capcom,
2382,I pinguini di Madagascar,"[""Wii""]","[""Avventura""]","Gioco basato sulla serie animata I pinguini di Madagascar, in cui i giocatori possono controllare i quattro pinguini protagonisti - Skipper, Kowalski, Rico e Private - in una serie di missioni e avventure.",[],1,"[""Europa""]",2010,,
2384,Captain America - Super Soldier,"[""Wii""]","[""Azione"", ""Picchiaduro""]",Gioco d'azione e picchiaduro basato sul personaggio di Captain America.,[],1,"[""Europa""]",2011,,
2385,101 in 1 Party Megamix,"[""Wii""]","[""Party""]",101 in 1 Party Megamix è un gioco party per la console Wii che include 101 mini-giochi diversi da giocare in compagnia di amici e familiari.,[],1,"[""Europa""]",,,
2386,Phoenix Wright: Ace Attorney - Justice for All,"[""Nintendo DS""]","[""Avventura"", ""Strategia""]","Il secondo capitolo della serie Ace Attorney, in cui il protagonista Phoenix Wright deve difendere i suoi clienti in tribunale, affrontando casi complessi e intriganti.","[""Italiano""]",1,"[""Europa""]",2002,,
2387,Gyakuten Kenji 2,"[""Nintendo DS""]","[""Strategia""]","Gyakuten Kenji 2, conosciuto anche come Ace Attorney Investigations 2, è un videogioco di avventura e investigazione sviluppato da Capcom per Nintendo DS.","[""Inglese"", ""Giapponese""]",0,"[""Europa"", ""USA"", ""Giappone""]",2011,Capcom,
2388,Ace Attorney Investigations - Miles Edgeworth,"[""Nintendo DS""]","[""Strategia""]","Ace Attorney Investigations: Miles Edgeworth è uno spin-off della serie Ace Attorney, incentrato sul personaggio di Miles Edgeworth. Il giocatore assume il ruolo di Edgeworth mentre indaga su diversi casi e cerca di risolvere misteri.","[""Inglese""]",0,"[""Europa""]",2009,,
2389,Apollo Justice: Ace Attorney,"[""Nintendo DS""]","[""Avventura"", ""Strategia""]",Apollo Justice: Ace Attorney è un videogioco di avventura e strategia sviluppato e pubblicato da Capcom per Nintendo DS. È il quarto capitolo della serie Ace Attorney e segna il passaggio del protagonista da Phoenix Wright ad Apollo Justice.,[],1,"[""Europa""]",2008,Capcom,Capcom
2390,The Art of Phoenix Wright: Ace Attorney,"[""Nintendo DS""]","[""Strategia""]",The Art of Phoenix Wright: Ace Attorney è un libro di arte che raccoglie illustrazioni e concept art del popolare franchise di videogiochi Ace Attorney.,"[""Italiano""]",1,"[""Europa""]",,,
2391,Mario Power Tennis,"[""GameCube""]","[""Sport""]",Mario Power Tennis è un videogioco sportivo sviluppato da Camelot Software Planning e pubblicato da Nintendo per GameCube nel 2004. Il gioco fa parte della serie Mario Tennis e vede i personaggi della serie Mario impegnati in partite di tennis con abilità speciali.,[],1,"[""Europa""]",2004,Camelot Software Planning,Nintendo
2392,PokePark 2: Wonders Beyond,"[""Wii""]","[""Sport""]","In PokePark 2: Wonders Beyond, i giocatori possono esplorare il mondo di PokéPark e partecipare a vari mini-giochi e attività con i Pokémon. Il gioco offre un'esperienza di gioco cooperativa e sociale, permettendo ai giocatori di interagire e giocare insieme.",[],1,"[""Europa""]",2012,,
2393,PokePark Wii La grande avventura di Pikachu,"[""Wii""]","[""Sport""]",Avventura di Pikachu nel mondo di PokePark,[],1,"[""Europa""]",2009,,
2394,Inazuma Eleven 3: Lampo folgorante,"[""Nintendo 3DS""]","[""Azione"", ""Sport""]",Inazuma Eleven 3: Lampo folgorante è un videogioco di calcio e azione sviluppato e pubblicato da Level-5 per Nintendo 3DS. È il terzo capitolo della serie Inazuma Eleven.,[],1,"[""Europa""]",2012,Level-5,Level-5
2395,Inazuma Eleven 2 Tempesta di fuoco,"[""Nintendo DS""]","[""Azione"", ""Sport""]",Inazuma Eleven 2 Tempesta di fuoco è un videogioco di calcio e azione sviluppato e pubblicato da Level-5 per Nintendo DS.,"[""Italiano""]",1,"[""Europa""]",2010,Level-5,Level-5
2396,Inazuma Eleven 2: Bufera di neve,"[""Nintendo DS""]","[""Azione"", ""Sport""]",Inazuma Eleven 2: Bufera di neve è un videogioco di calcio e azione sviluppato e pubblicato da Level-5 per Nintendo DS. È il sequel di Inazuma Eleven e fa parte della serie Inazuma Eleven.,"[""Italiano""]",1,"[""Europa""]",2010,Level-5,Level-5
2397,Inazuma Eleven,"[""Nintendo DS""]","[""Azione"", ""Sport""]","Inazuma Eleven è un videogioco di calcio sviluppato da Level-5 e pubblicato da Nintendo per Nintendo DS. Il gioco combina elementi di gioco di ruolo e di calcio, permettendo ai giocatori di creare e allenare una squadra di calcio.","[""Italiano""]",1,"[""Europa""]",2008,Level-5,Nintendo
2399,Pokémon Spada e Scudo,"[""Switch""]","[""Avventura"", ""Piattaforma"", ""Ruolo""]","Pokémon Spada e Scudo sono i nuovi titoli della serie principale Pokémon, ambientati nella regione di Galar. I giocatori vestiranno i panni di un allenatore Pokémon che intraprenderà un'avventura attraverso la regione di Galar, catturando e allenando Pokémon, partecipando a palestre e sfide Pokémon.",[],1,"[""Europa""]",2019,,
2400,Pokémon Spada,"[""Switch""]","[""Avventura"", ""Piattaforma"", ""Ruolo""]",Pokémon Spada è un gioco di ruolo di avventura sviluppato e pubblicato da The Pokémon Company e Nintendo per Nintendo Switch. È parte dell'ottava generazione di videogiochi Pokémon.,[],1,"[""Europa""]",2019,The Pokémon Company e Nintendo,The Pokémon Company e Nintendo
2401,Pokemon Let's Go Eevee,"[""Switch""]","[""Avventura"", ""Piattaforma"", ""Ruolo""]","Pokemon Let's Go Eevee è un gioco di ruolo e avventura sviluppato e pubblicato da The Pokemon Company e Nintendo per Nintendo Switch. Il gioco fa parte della serie principale di Pokemon e rappresenta un remake dei giochi Pokemon Giallo, Rosso e Blu.",[],1,"[""Europa""]",2018,The Pokemon Company e Nintendo,The Pokemon Company e Nintendo
2402,Pokemon Let's Go Pikachu,"[""Switch""]","[""Avventura"", ""Piattaforma"", ""Ruolo""]",Pokemon Let's Go Pikachu è un gioco di ruolo e avventura sviluppato da Game Freak e pubblicato da Nintendo per Nintendo Switch. Il gioco è ambientato nella regione di Kanto e segue la storia di un allenatore di Pokemon che intraprende un viaggio per diventare il campione della Lega Pokemon.,[],1,"[""Europa""]",2018,Game Freak,Nintendo
2403,Pokémon Ultra Luna,"[""Nintendo 3DS""]","[""Avventura"", ""Piattaforma"", ""Ruolo""]","Pokémon Ultra Luna è un videogioco di ruolo sviluppato e pubblicato da The Pokémon Company per Nintendo 3DS. È un remake di Pokémon Luna, con nuovi contenuti e miglioramenti rispetto all'originale.","[""Italiano""]",1,"[""Europa""]",2017,The Pokémon Company,The Pokémon Company
2404,Pokémon UltraSole,"[""Nintendo 3DS""]","[""Avventura"", ""Piattaforma"", ""Ruolo""]","Pokémon UltraSole è un videogioco di ruolo sviluppato e pubblicato da The Pokémon Company e Nintendo per Nintendo 3DS. È un remake di Pokémon Sole e Pokémon Luna, con nuovi contenuti e miglioramenti.",[],1,"[""Europa""]",2017,The Pokémon Company e Nintendo,The Pokémon Company e Nintendo
2405,Pokémon Luna,"[""Nintendo 3DS""]","[""Avventura"", ""Piattaforma"", ""Ruolo""]",Pokémon Luna è un videogioco di ruolo sviluppato e pubblicato da Game Freak e Nintendo per Nintendo 3DS. È parte della settima generazione di videogiochi Pokémon.,[],1,"[""Europa""]",2016,Game Freak e Nintendo,Game Freak e Nintendo
2406,Pokémon Sole,"[""Nintendo 3DS""]","[""Avventura"", ""Piattaforma"", ""Ruolo""]","Pokémon Sole è un videogioco di ruolo sviluppato e pubblicato da Game Freak e Nintendo per Nintendo 3DS. È uno dei due titoli principali della settima generazione di Pokémon, insieme a Pokémon Luna.",[],1,"[""Europa""]",2016,Game Freak e Nintendo,Game Freak e Nintendo
2407,Pokémon Y,"[""Nintendo 3DS""]","[""Avventura"", ""Piattaforma"", ""Ruolo""]","Pokémon Y è un videogioco di ruolo sviluppato e pubblicato da Game Freak e Nintendo per la console portatile Nintendo 3DS. È uno dei due titoli della sesta generazione di Pokémon, insieme a Pokémon X.",[],1,"[""Europa""]",2013,Game Freak e Nintendo,Game Freak e Nintendo
2408,Pokemon X,"[""Nintendo 3DS""]","[""Avventura"", ""Piattaforma"", ""Ruolo""]",Pokemon X è un gioco di ruolo e avventura sviluppato e pubblicato da Nintendo per la console portatile Nintendo 3DS. Il gioco fa parte della sesta generazione della serie di videogiochi Pokemon.,[],1,"[""Europa""]",2013,Nintendo,Nintendo
2409,Pokemon Versione Bianca 2,"[""Nintendo DS""]","[""Avventura"", ""Piattaforma"", ""Ruolo""]",Pokemon Versione Bianca 2 è un videogioco di ruolo e avventura sviluppato e pubblicato da Nintendo per la console portatile Nintendo DS.,[],1,"[""Europa""]",2012,Nintendo,Nintendo
2410,Pokemon Versione Bianca,"[""Nintendo DS""]","[""Avventura"", ""Piattaforma"", ""Ruolo""]","Pokemon Versione Bianca è un gioco di ruolo e avventura della serie Pokemon, sviluppato e pubblicato da Nintendo per Nintendo DS.",[],1,"[""Europa""]",2011,Nintendo,Nintendo
2411,Pokemon Versione Nera 2,"[""Nintendo DS""]","[""Avventura"", ""Piattaforma"", ""Ruolo""]",Pokemon Versione Nera 2 è un videogioco di ruolo e avventura sviluppato e pubblicato da Nintendo e Game Freak per Nintendo DS. È il sequel diretto di Pokemon Versione Nera.,[],1,"[""Europa""]",2012,Nintendo e Game Freak,Nintendo e Game Freak
2412,Pokemon Versione Nera,"[""Nintendo DS""]","[""Avventura"", ""Piattaforma"", ""Ruolo""]","Pokemon Versione Nera è un gioco di ruolo e avventura della serie Pokemon, sviluppato e pubblicato da Nintendo per Nintendo DS.",[],1,"[""Europa""]",2010,Nintendo,Nintendo
2413,Pokemon Versione Argento SoulSilver,"[""Nintendo DS""]","[""Avventura"", ""Piattaforma"", ""Ruolo""]","Pokemon Versione Argento SoulSilver è un videogioco di ruolo sviluppato e pubblicato da Nintendo per Nintendo DS. È un remake di Pokemon Versione Argento, originariamente pubblicato per Game Boy Color.",[],1,"[""Europa""]",2010,Nintendo,Nintendo
2414,Pokemon Versione Oro HeartGold,"[""Nintendo DS""]","[""Avventura"", ""Piattaforma"", ""Ruolo""]","Pokemon Versione Oro HeartGold è un remake del classico Pokemon Oro, sviluppato per Nintendo DS. Il gioco segue le avventure di un allenatore Pokemon che viaggia attraverso la regione di Johto, catturando e allenando diverse creature Pokemon. Oltre alla trama principale, il gioco offre numerose attività secondarie e la possibilità di interagire con altri giocatori.","[""Italiano""]",1,"[""Europa""]",2010,,
2415,Pokemon Versione Platino,"[""Nintendo DS""]","[""Avventura"", ""Piattaforma"", ""Ruolo""]","Pokemon Versione Platino è un gioco di ruolo e avventura della serie Pokemon, sviluppato e pubblicato da Nintendo per Nintendo DS.",[],1,"[""Europa""]",2008,Nintendo,Nintendo
2416,Pokemon Versione Perla,"[""Nintendo DS""]","[""Avventura"", ""Piattaforma"", ""Ruolo""]","Pokemon Versione Perla è un gioco di ruolo e avventura della serie Pokemon, sviluppato e pubblicato da Nintendo per Nintendo DS.",[],1,"[""Europa""]",2007,Nintendo,Nintendo
2417,Pokemon Versione Diamante,"[""Nintendo DS""]","[""Avventura"", ""Piattaforma"", ""Ruolo""]",Pokemon Versione Diamante è un gioco di ruolo e avventura sviluppato e pubblicato da Nintendo per Nintendo DS. È parte della serie di videogiochi Pokemon ed è stato rilasciato nel 2006 in Giappone e nel 2007 in Europa.,[],1,"[""Europa""]",2007,Nintendo,Nintendo
2418,Pokemon Versione Verde Foglia,"[""Game Boy Advance""]","[""Avventura"", ""Piattaforma"", ""Ruolo""]","Pokemon Versione Verde Foglia è un gioco di ruolo e avventura della serie Pokemon, sviluppato e pubblicato da Nintendo per la console portatile Game Boy Advance.","[""Italiano""]",1,"[""Europa""]",2004,Nintendo,Nintendo
2419,Pokemon Versione RossoFuoco,"[""Game Boy Advance""]","[""Avventura"", ""Piattaforma"", ""Ruolo""]","Pokemon Versione RossoFuoco è un remake dei classici giochi Pokemon Rosso e Blu, sviluppato da Game Freak e pubblicato da Nintendo per Game Boy Advance nel 2004.","[""Italiano""]",1,"[""Europa""]",2004,Game Freak,Nintendo
2420,Pokemon Versione Smeraldo,"[""Game Boy Advance""]","[""Avventura"", ""Piattaforma"", ""Ruolo""]",Pokemon Versione Smeraldo è un gioco di ruolo e avventura sviluppato e pubblicato da Nintendo per la console portatile Game Boy Advance. È parte della serie di videogiochi Pokemon ed è il terzo capitolo della generazione III.,"[""Italiano""]",1,"[""Europa""]",2004,Nintendo,Nintendo
2421,Pokemon Versione Zaffiro,"[""Game Boy Advance""]","[""Avventura"", ""Piattaforma"", ""Ruolo""]",Pokemon Versione Zaffiro è un gioco di ruolo e avventura sviluppato e pubblicato da Nintendo per la console portatile Game Boy Advance. Il gioco fa parte della serie principale di videogiochi Pokemon e segue le avventure di un allenatore di Pokemon che viaggia attraverso la regione di Hoenn.,"[""Italiano""]",1,"[""Europa""]",2002,Nintendo,Nintendo
2422,Pokemon Zaffiro Alpha,"[""Nintendo 3DS""]","[""Avventura"", ""Piattaforma"", ""Ruolo""]","Pokemon Zaffiro Alpha è un remake del classico gioco Pokemon Zaffiro per Game Boy Advance, sviluppato e pubblicato da Nintendo e Game Freak per Nintendo 3DS. Il gioco segue le avventure di un giovane allenatore di Pokemon che deve affrontare la minaccia del Team Magma, un'organizzazione criminale intenzionata a espandere la terraferma a scapito degli oceani.",[],1,"[""Europa""]",2014,Nintendo e Game Freak,Nintendo e Game Freak
2423,Pokémon Rubino Omega,"[""Nintendo 3DS""]","[""Avventura"", ""Piattaforma"", ""Ruolo""]","Pokémon Rubino Omega è un videogioco di ruolo sviluppato da Game Freak e pubblicato da The Pokémon Company e Nintendo per Nintendo 3DS nel 2014. È un remake del videogioco Pokémon Rubino del 2002, con nuovi contenuti e miglioramenti grafici.","[""Italiano""]",1,"[""Europa""]",2014,Game Freak,The Pokémon Company e Nintendo
2424,Pokemon Versione Rubino,"[""Game Boy Advance""]","[""Avventura"", ""Piattaforma"", ""Ruolo""]","Pokemon Versione Rubino è un gioco di ruolo e avventura della serie Pokemon, sviluppato e pubblicato da Nintendo per la console portatile GameBoy Advance.","[""Italiano""]",1,"[""Europa""]",2002,Nintendo,Nintendo
2425,Pokémon Versione Cristallo,"[""Game Boy Color""]","[""Avventura"", ""Piattaforma"", ""Ruolo""]","Pokémon Versione Cristallo è un videogioco di ruolo sviluppato da Game Freak e pubblicato da Nintendo per Game Boy Color nel 2000. È la seconda versione della seconda generazione di Pokémon, dopo Pokémon Versione Oro e Argento.","[""Italiano""]",1,"[""Europa""]",2000,Game Freak,Nintendo
2426,Pokemon Versione Argento,"[""Game Boy Color""]","[""Avventura"", ""Piattaforma"", ""Ruolo""]","Pokemon Versione Argento è un gioco di ruolo e avventura sviluppato e pubblicato da Nintendo per la console portatile Game Boy Color. È il secondo capitolo della serie principale di Pokémon, dopo Pokémon Versione Rossa e Blu.","[""Italiano""]",1,"[""Europa""]",1999,Nintendo,Nintendo
2427,Pokemon Versione Oro,"[""Game Boy Color""]","[""Avventura"", ""Piattaforma"", ""Ruolo""]","Pokemon Versione Oro è un gioco di ruolo e avventura sviluppato e pubblicato da Nintendo per la console portatile Game Boy Color. Il gioco fa parte della seconda generazione della serie di videogiochi Pokemon e segue le avventure di un giovane allenatore che cattura, allena e combatte con i Pokemon.","[""Italiano""]",1,"[""Europa""]",2000,Nintendo,Nintendo
2428,Pokemon Versione Gialla,"[""Game Boy""]","[""Avventura"", ""Piattaforma"", ""Ruolo""]","Pokemon Versione Gialla è un gioco di ruolo e avventura sviluppato e pubblicato da Nintendo per la console portatile Game Boy. Il gioco fa parte della serie di videogiochi Pokemon ed è ambientato nella regione di Kanto, dove il giocatore deve catturare e allenare diverse creature chiamate Pokemon per diventare il Campione della Lega Pokemon.","[""Italiano""]",1,"[""Europa""]",1999,Nintendo,Nintendo
2429,Pokemon Versione Blu,"[""Game Boy""]","[""Avventura"", ""Piattaforma"", ""Ruolo""]","Pokemon Versione Blu è un gioco di ruolo e avventura sviluppato da Game Freak e pubblicato da Nintendo per Game Boy nel 1996. Il giocatore assume il ruolo di un allenatore di Pokemon, creature fantastiche che possono essere catturate e addestrate per combattere. L'obiettivo del gioco è completare il Pokedex, una raccolta di tutte le specie di Pokemon, e diventare il campione della Lega Pokemon.","[""Italiano""]",1,"[""Europa""]",1996,Game Freak,Nintendo
2430,Pokémon - Versione Rossa,"[""Game Boy""]","[""Avventura"", ""Piattaforma"", ""Ruolo""]",Pokémon - Versione Rossa è un videogioco di ruolo sviluppato da Game Freak e pubblicato da Nintendo per Game Boy nel 1996 in Giappone e nel 1998 in Europa. È uno dei primi titoli della serie Pokémon e ha contribuito a lanciare il fenomeno Pokémon a livello mondiale.,"[""Italiano""]",1,"[""Europa""]",1998,Game Freak,Nintendo
2431,Flushed Away,"[""Nintendo DS""]","[""Azione"", ""Strategia"", ""Piattaforma"", ""Avventura""]","Basato sul film d'animazione DreamWorks & Aardman, Flushed Away è un gioco d'azione e avventura ambientato in un mondo sotterraneo di topi.",[],1,"[""Europa""]",2006,,
2432,The Legend of Zelda: A Link to the Past,"[""SNES""]","[""Ruolo""]","The Legend of Zelda: A Link to the Past è un classico gioco di ruolo d'azione ambientato nel mondo fantasy di Hyrule. Il giocatore controlla Link, il protagonista, in un'avventura per salvare il regno dalla minaccia del malvagio Ganon.","[""Italiano"", ""Inglese""]",0,"[""USA""]",1991,,
2433,Garfield Kart,"[""Nintendo 3DS""]","[""Guida""]","Garfield Kart è un videogioco di corse kart basato sui personaggi del fumetto Garfield. Il giocatore può scegliere di guidare uno dei personaggi del franchise, come Garfield, Odie, Jon Arbuckle e altri, in diverse piste ambientate nel mondo di Garfield.",[],1,"[""Europa""]",2013,,
2434,Pilotwings Resort,"[""Nintendo 3DS""]","[""Avventura"", ""Simulazione""]","Pilotwings Resort è un gioco di simulazione di volo per Nintendo 3DS. Il giocatore può pilotare diversi veicoli come alianti, jet pack e paracadute attraverso un ambiente paradisiaco.",[],1,"[""Europa""]",2011,,
2435,Teenage Mutant Ninja Turtles,"[""Nintendo 3DS""]","[""Avventura"", ""Piattaforma"", ""Azione""]","Teenage Mutant Ninja Turtles è un gioco di avventura e piattaforme ambientato nel mondo dei Tartarughe Ninja. I giocatori possono controllare i quattro protagonisti - Leonardo, Raffaello, Michelangelo e Donatello - e affrontare nemici e sfide tipiche della serie.",[],1,"[""Europa""]",,,
2436,Enter The Matrix,"[""GameCube""]","[""Azione"", ""Avventura"", ""Sparatutto""]","Enter The Matrix è un videogioco d'azione e avventura ambientato nell'universo di Matrix. Il giocatore assume il controllo di Niobe o Ghost, personaggi secondari della trilogia cinematografica, e si muove all'interno della matrice affrontando nemici e risolvendo enigmi.",[],1,"[""Europa""]",2003,,
2437,2 in 1 Horses 3D Vol.3 - My Riding Stables 3D - Jumping for the Team & My Western Horse 3D,"[""Nintendo 3DS""]","[""Simulazione"", ""Avventura""]",Questo gioco 2 in 1 include due esperienze di simulazione equestre: 'My Riding Stables 3D - Jumping for the Team' e 'My Western Horse 3D'.,"[""Italiano""]",1,"[""Europa""]",,,
2438,Super Mario All-Stars,"[""SNES""]","[""Piattaforma""]","Super Mario All-Stars è una raccolta di quattro giochi della serie Super Mario pubblicata per Super Nintendo Entertainment System nel 1993. Questa raccolta include versioni rimasterizzate di Super Mario Bros., Super Mario Bros.: The Lost Levels, Super Mario Bros. 2 e Super Mario Bros. 3.",[],1,"[""Internazionale""]",1993,,
2439,Captain America - Il super soldato,"[""Nintendo 3DS""]","[""Azione"", ""Picchiaduro"", ""Avventura""]",Gioco di azione e avventura basato sul personaggio di Captain America.,[],1,"[""Europa""]",,,
2440,Pokemon Ultra Moon,"[""Nintendo 3DS""]","[""Ruolo"", ""Avventura""]","Pokemon Ultra Moon è un gioco di ruolo e avventura della serie Pokemon, sviluppato e pubblicato da The Pokemon Company e Nintendo per Nintendo 3DS.",[],1,"[""Europa""]",2017,The Pokemon Company e Nintendo,The Pokemon Company e Nintendo
2441,WRC FIA World Rally Championship - The official game,"[""Nintendo 3DS""]","[""Guida""]",Gioco ufficiale del Campionato del Mondo Rally FIA,[],1,"[""Europa""]",,,
2442,Batman: Chaos in Gotham,"[""Game Boy Color""]","[""Picchiaduro""]","Batman: Chaos in Gotham è un videogioco di picchiaduro basato sul personaggio di Batman, sviluppato da Kemco e pubblicato da Ubisoft per Game Boy Color nel 2001.","[""Inglese""]",0,"[""USA""]",2001,Kemco,Ubisoft
2443,Super Mario Land III - Wario Land,"[""Game Boy""]","[""Piattaforma""]",Super Mario Land III - Wario Land è un videogioco di piattaforma sviluppato e pubblicato da Nintendo per Game Boy nel 1994. È il terzo capitolo della serie Super Mario Land e il primo gioco della serie Wario Land.,[],1,"[""USA""]",1994,Nintendo,Nintendo
2444,Super Mario Land II - 6 Golden Coins,"[""Game Boy""]","[""Piattaforma""]",Super Mario Land II: 6 Golden Coins è un videogioco a piattaforme sviluppato e pubblicato da Nintendo per Game Boy nel 1992. È il sequel di Super Mario Land ed è il quarto capitolo della serie principale di Super Mario.,[],1,"[""USA""]",1992,Nintendo,Nintendo
2445,Super Mario Land,"[""Game Boy""]","[""Piattaforma""]",Super Mario Land è un videogioco platform sviluppato e pubblicato da Nintendo per Game Boy nel 1989. È il primo gioco della serie Super Mario ad essere stato pubblicato per una console portatile.,[],1,"[""USA""]",1989,Nintendo,Nintendo
2446,Super Mario Bros. Deluxe,"[""Game Boy Color""]","[""Piattaforma""]","Super Mario Bros. Deluxe è una versione migliorata e ampliata del classico Super Mario Bros. per Nintendo Entertainment System. Oltre ai livelli originali, il gioco include nuove modalità di gioco e funzionalità aggiuntive.",[],1,"[""USA""]",1999,,
2447,Metroid II - Return of Samus,"[""Game Boy""]","[""Piattaforma""]",Metroid II: Return of Samus è un videogioco di genere platform sviluppato e pubblicato da Nintendo per Game Boy nel 1991. È il secondo capitolo della serie Metroid.,"[""Inglese""]",0,"[""USA""]",1991,Nintendo,Nintendo
2448,Resident Evil: The Mercenaries 3D,"[""Nintendo 3DS""]","[""Azione"", ""Sparatutto"", ""Horror""]","Resident Evil: The Mercenaries 3D è uno spin-off della serie Resident Evil, sviluppato e pubblicato da Capcom per Nintendo 3DS nel 2011. Il gioco si concentra sulla modalità Mercenari, presente in molti titoli della serie, in cui il giocatore deve affrontare ondate di nemici in scenari a tempo limitato.",[],1,"[""Europa""]",2011,Capcom,Capcom
2449,Poochy & Yoshi's Woolly World,"[""Nintendo 3DS""]","[""Piattaforma""]","Poochy & Yoshi's Woolly World è un gioco di piattaforme sviluppato da Good-Feel e pubblicato da Nintendo per Nintendo 3DS. È uno spin-off di Yoshi's Woolly World, uscito originariamente per Wii U.",[],1,"[""Europa""]",2017,Good-Feel,Nintendo
2450,Mario Kart 7,"[""Nintendo 3DS""]","[""Guida""]",Mario Kart 7 è un videogioco di corse kart sviluppato e pubblicato da Nintendo per Nintendo 3DS. È il settimo capitolo della serie Mario Kart e introduce nuove funzionalità come la possibilità di personalizzare i kart e di guidare sott'acqua.,[],1,"[""Europa""]",2011,Nintendo,Nintendo
2451,Mario & Sonic at the Rio 2016 Olympic Games,"[""Nintendo 3DS""]","[""Sport""]",Gioco di simulazione sportiva che vede protagonisti i personaggi di Super Mario e Sonic the Hedgehog che si sfidano nelle discipline olimpiche di Rio 2016.,[],1,"[""Europa""]",2016,,
2452,WWF No Mercy,"[""Nintendo 64""]","[""Wrestling""]",WWF No Mercy è un videogioco di wrestling sviluppato da Asmik Ace Entertainment e pubblicato da THQ per Nintendo 64 nel 2000. È il quarto capitolo della serie di videogiochi WWF/WWE e il successore di WWF Attitude.,[],1,"[""Europa""]",2000,Asmik Ace Entertainment,THQ
2453,Taz Express,"[""Nintendo 64""]","[""Avventura"", ""Piattaforma""]","Taz Express è un gioco di avventura e piattaforme per Nintendo 64 in cui il giocatore controlla il personaggio di Taz, il Diavolo della Tasmania, mentre cerca di consegnare pacchi e pacchi in tutto il mondo.",[],1,"[""Europa""]",1999,,
2454,Duck Dodgers Starring Daffy Duck,"[""Nintendo 64""]","[""Avventura"", ""Piattaforma""]","Duck Dodgers Starring Daffy Duck è un videogioco di avventura e piattaforma ambientato nell'universo di Looney Tunes, con protagonista Daffy Duck nei panni di Duck Dodgers.","[""Italiano""]",1,"[""Europa""]",,,
2455,Superman,"[""Nintendo 64""]","[""Avventura""]",Gioco di avventura basato sul personaggio di Superman,[],1,"[""Europa""]",1999,,
2456,LEGO Racers,"[""Nintendo 64""]","[""Guida""]",Gioco di corse con veicoli LEGO,[],1,"[""Europa""]",1999,,
2457,Super Smash Bros.,"[""Nintendo 64""]","[""Avventura"", ""Piattaforma""]","Super Smash Bros. è un picchiaduro a incontri sviluppato da HAL Laboratory e pubblicato da Nintendo per Nintendo 64 nel 1999. È il primo capitolo della serie Super Smash Bros., che vede protagonisti i personaggi più famosi dei videogiochi Nintendo.",[],1,"[""Europa""]",1999,HAL Laboratory,Nintendo
2458,Sonic Lost World,"[""Nintendo 3DS""]","[""Piattaforma"", ""Avventura""]",Sonic Lost World è un videogioco di piattaforme e avventura sviluppato da Sonic Team e pubblicato da Sega per Nintendo 3DS nel 2013. Il gioco segue le avventure di Sonic the Hedgehog mentre esplora un nuovo mondo misterioso e pericoloso.,[],1,"[""Europa""]",2013,Sonic Team,Sega
2459,Super Mario 3D World + Bowser's Fury,"[""Switch""]","[""Avventura""]","Super Mario 3D World + Bowser's Fury è un videogioco di avventura e piattaforme sviluppato e pubblicato da Nintendo per Nintendo Switch. È un'espansione del gioco Super Mario 3D World originariamente pubblicato per Wii U, con l'aggiunta di un nuovo capitolo chiamato Bowser's Fury.","[""Italiano""]",1,"[""Europa""]",2021,Nintendo,Nintendo
2461,Tom Clancy's Ghost Recon: Shadow Wars,"[""Nintendo 3DS""]","[""Tattico""]",Tom Clancy's Ghost Recon: Shadow Wars è un videogioco tattico a turni sviluppato da Ubisoft Sofia e pubblicato da Ubisoft per Nintendo 3DS nel 2011. Il gioco fa parte della serie Ghost Recon.,[],1,"[""Europa""]",2011,Ubisoft Sofia,Ubisoft
2462,Tetris Ultimate,"[""Nintendo 3DS""]","[""Rompicapo""]","Tetris Ultimate è un videogioco di puzzle sviluppato e pubblicato da Ubisoft. È un nuovo capitolo della celebre serie Tetris, che presenta modalità di gioco classiche e nuove, oltre a una grafica aggiornata e miglioramenti al gameplay.",[],1,"[""Europa""]",2014,Ubisoft,Ubisoft
2463,Dragon Ball Z: Extreme Butoden,"[""Nintendo 3DS""]","[""Picchiaduro""]",Dragon Ball Z: Extreme Butoden è un videogioco di combattimento sviluppato da Arc System Works e pubblicato da Bandai Namco Entertainment per Nintendo 3DS nel 2015. Il gioco presenta un roster di personaggi tratti dalla serie Dragon Ball Z e offre un gameplay di tipo picchiaduro in 2D.,"[""Italiano""]",1,"[""Europa""]",2015,Arc System Works,Bandai Namco
2464,The Legend of Zelda: Ocarina of Time,"[""Nintendo 3DS""]","[""Gioco di ruolo""]","The Legend of Zelda: Ocarina of Time è un videogioco action-adventure sviluppato da Nintendo per Nintendo 64 e successivamente ripubblicato per Nintendo 3DS. È considerato uno dei videogiochi più influenti e acclamati di tutti i tempi, nonché uno dei migliori titoli della serie The Legend of Zelda.",[],1,"[""Europa""]",1998,Nintendo,
2465,Deca Sports Extreme,"[""Nintendo 3DS""]","[""Sport""]","Deca Sports Extreme è un videogioco di sport estremi per Nintendo 3DS. Il gioco offre dieci diverse discipline sportive da praticare, tra cui skateboard, parkour, BMX e altro ancora.",[],1,"[""USA""]",2012,,
2466,Tenchu: Dark Secret,"[""Nintendo DS""]","[""Azione"", ""Strategia""]",Tenchu: Dark Secret è un gioco di azione e stealth ambientato nell'antico Giappone. Il giocatore veste i panni di un ninja che deve compiere missioni di infiltrazione e assassinio utilizzando le sue abilità di furtività e combattimento.,[],1,"[""Europa""]",2008,,
2467,Batman: Arkham Origins Blackgate,"[""Nintendo 3DS""]","[""Azione"", ""Avventura""]",Batman: Arkham Origins Blackgate è un videogioco d'azione e avventura ambientato nell'universo di Batman. Il gioco segue gli eventi di Batman: Arkham Origins e si svolge in una prigione di massima sicurezza chiamata Blackgate.,[],1,"[""Europa""]",2013,,
2468,WWE All Stars,"[""Nintendo 3DS""]","[""Wrestling""]","WWE All Stars è un videogioco di wrestling sviluppato da THQ e pubblicato nel 2011 per PlayStation 3, Xbox 360, Wii, PlayStation 2 e Nintendo 3DS. Il gioco presenta uno stile di gioco arcade e un roster di superstar WWE passate e presenti.",[],1,"[""Europa""]",2011,THQ,
2469,Kid Icarus: Uprising,"[""Nintendo 3DS""]","[""Piattaforma""]",Kid Icarus: Uprising è un videogioco d'azione e avventura sviluppato da Sora Ltd. e pubblicato da Nintendo per Nintendo 3DS nel 2012. Il gioco segna il ritorno della serie Kid Icarus dopo oltre 20 anni dall'ultimo capitolo uscito su Game Boy.,[],1,"[""Europa""]",2012,Sora,Nintendo
2470,Bravely Default,"[""Nintendo 3DS""]","[""Ruolo""]","Bravely Default è un gioco di ruolo sviluppato da Silicon Studio e pubblicato da Square Enix per Nintendo 3DS. Il gioco offre un'esperienza di gioco classica con un sistema di combattimento a turni, ma con alcune innovazioni come il sistema Brave/Default che permette di accumulare o spendere i turni di azione.",[],1,"[""Europa""]",2013,Silicon Studio,Square Enix
2471,Rayman Origins,"[""Nintendo 3DS""]","[""Piattaforma""]","Rayman Origins è un videogioco platform sviluppato da Ubisoft Montpellier e pubblicato da Ubisoft per Nintendo 3DS, PlayStation 3, Xbox 360, Wii e Microsoft Windows nel 2011. È un prequel della serie Rayman, che segue le avventure di Rayman e dei suoi amici mentre esplorano il mondo di Glade of Dreams.",[],1,"[""Europa""]",2011,Ubisoft Montpellier,Ubisoft
2472,The Adventures Of The Smurfs,"[""Game Boy Color""]","[""Avventura""]",Avventure dei Puffi,[],1,"[""Europa""]",1999,,
2473,Kingdom Hearts: Chain of Memories,"[""Game Boy Advance""]","[""Avventura"", ""Azione""]",Kingdom Hearts: Chain of Memories è un videogioco di ruolo d'azione sviluppato e pubblicato da Square Enix per Game Boy Advance nel 2004. È il secondo capitolo della serie Kingdom Hearts e funge da collegamento tra il primo capitolo e il successivo Kingdom Hearts II.,[],1,"[""Europa""]",2004,Square Enix,Square Enix
2474,Super Monkey Ball 2,"[""GameCube""]","[""Avventura""]",Super Monkey Ball 2 è un videogioco di avventura in cui il giocatore controlla una scimmia all'interno di una sfera che deve attraversare vari livelli superando ostacoli e raggiungendo il traguardo.,[],1,"[""Europa""]",2002,,
2475,Super Monkey Ball,"[""GameCube""]","[""Avventura""]",Super Monkey Ball è un videogioco di abilità e avventura in cui il giocatore controlla una sfera contenente una scimmia. L'obiettivo è guidare la sfera attraverso percorsi tortuosi e superare ostacoli per raggiungere il traguardo in ogni livello.,[],1,"[""Europa""]",2001,,
2476,Viewtiful Joe,"[""GameCube""]","[""Azione""]","Viewtiful Joe è un videogioco di azione e avventura sviluppato da Capcom. Il giocatore controlla Joe, un uomo normale che viene trasportato in un mondo di supereroi e deve utilizzare i suoi poteri di manipolazione del tempo per sconfiggere i nemici e salvare la sua ragazza.",[],1,"[""Europa""]",2003,Capcom,
2477,SoulCalibur II,"[""GameCube""]","[""Picchiaduro""]","SoulCalibur II è un videogioco picchiaduro sviluppato e pubblicato da Namco nel 2002. È il terzo capitolo della serie SoulCalibur ed è stato rilasciato per GameCube, PlayStation 2 e Xbox.",[],1,"[""Europa""]",2002,Namco,Namco
2478,Gun,"[""GameCube""]","[""Avventura"", ""Azione"", ""Sparatutto""]",Gioco di avventura e azione ambientato nel vecchio West,[],1,"[""Europa""]",2005,,
2479,Spyro: A Hero's Tail,"[""GameCube""]","[""Avventura""]",Spyro: A Hero's Tail è un videogioco di avventura pubblicato nel 2004 per GameCube. Il gioco fa parte della serie Spyro the Dragon e vede il protagonista Spyro impegnato in una nuova avventura per salvare il suo mondo.,[],1,"[""Europa""]",2004,,
2480,Spyro: Enter the Dragonfly,"[""GameCube""]","[""Avventura""]",Spyro: Enter the Dragonfly è un videogioco di avventura sviluppato da Check Six Games e pubblicato da Universal Interactive per GameCube nel 2002. Il gioco fa parte della serie Spyro the Dragon.,[],1,"[""Europa""]",2002,Check Six Games,Universal Interactive
2481,Harry Potter e la Camera dei Segreti,"[""GameCube""]","[""Avventura""]","Il gioco segue la trama del film e del libro omonimi, in cui Harry Potter torna a Hogwarts per il suo secondo anno e si ritrova a dover affrontare una misteriosa creatura che sta terrorizzando gli studenti.",[],1,"[""Europa""]",2002,,
2482,Harry Potter e la pietra filosofale,"[""GameCube""]","[""Avventura""]","Gioco di avventura basato sul primo libro della serie di Harry Potter, in cui il giocatore assume il ruolo del giovane mago Harry Potter e si avventura nel mondo magico di Hogwarts per affrontare varie sfide e misteri.",[],1,"[""Europa""]",2001,,
2483,Harry Potter e la Coppa del Mondo di Quidditch,"[""GameCube""]","[""Avventura""]","Gioco basato sull'universo di Harry Potter, in cui il giocatore può partecipare alla Coppa del Mondo di Quidditch, lo sport magico più popolare del mondo dei maghi.",[],1,"[""Europa""]",2003,,
2484,The Battle of Olympus,"[""Game Boy""]","[""Avventura""]",The Battle of Olympus è un gioco di avventura per Game Boy ambientato nella mitologia greca. Il giocatore impersona un eroe che deve affrontare diverse sfide e combattere contro creature mitologiche per salvare l'Olimpo.,[],1,"[""Europa""]",1992,,
2485,Taz: Wanted,"[""GameCube""]","[""Azione"", ""Avventura""]","Taz: Wanted è un videogioco di azione e avventura sviluppato e pubblicato da Infogrames per GameCube nel 2002. Il giocatore controlla Taz, il Diavolo della Tasmania, mentre cerca di sfuggire alla cattura da parte delle autorità.",[],1,"[""Europa""]",2002,Infogrames,Infogrames
2486,XIII,"[""GameCube""]","[""Azione"", ""Sparatutto""]","XIII è un videogioco di azione e sparatutto in prima persona sviluppato da Ubisoft e pubblicato nel 2003 per GameCube, PlayStation 2, Xbox e Microsoft Windows.",[],1,"[""Europa""]",2003,Ubisoft,
2487,Terminator 3 - The Redemption,"[""GameCube""]","[""Azione""]",Terminator 3 - The Redemption è un videogioco d'azione basato sul film Terminator 3: Le macchine ribelli.,[],1,"[""Europa""]",2003,,
2488,X-Men: The Official Game,"[""Nintendo DS""]","[""Azione""]",X-Men: The Official Game è un videogioco di azione basato sui personaggi dei fumetti Marvel X-Men. Il gioco segue gli eventi del film X-Men 2 e permette ai giocatori di controllare diversi mutanti degli X-Men in missioni di combattimento e risoluzione di enigmi.,[],1,"[""USA""]",2006,,
2489,Xmen Origins Wolverine,"[""Nintendo DS""]","[""Azione""]","Basato sul film X-Men Origins: Wolverine, il gioco segue le origini di Wolverine, esplorando il suo passato e la sua trasformazione in un mutante con abilità sovrumane.","[""Inglese""]",0,"[""Europa""]",2009,,
2490,X-Men: The Official Game,"[""Game Boy Advance""]","[""Avventura"", ""Azione""]",X-Men: The Official Game è un videogioco di azione e avventura basato sui personaggi dei fumetti Marvel X-Men. Il gioco segue gli eventi del film X2: X-Men United e permette ai giocatori di controllare diversi mutanti degli X-Men in missioni di salvataggio e combattimento contro i nemici.,[],1,"[""Europa""]",2003,,
2492,Atlantis: The Lost Empire,"[""Game Boy Color""]","[""Avventura""]","Atlantis: The Lost Empire è un videogioco di avventura basato sull'omonimo film d'animazione Disney del 2001. Il giocatore assume il ruolo di Milo Thatch, un linguista e cartografo che si unisce a una spedizione per trovare la leggendaria città perduta di Atlantide.","[""Italiano""]",1,"[""Europa""]",2001,,
2493,Asterix in Search of Dogmatix,"[""Game Boy Color""]","[""Avventura""]","Asterix in Search of Dogmatix è un videogioco di avventura basato sui personaggi dei fumetti di Asterix. Il giocatore controlla Asterix e Obelix mentre cercano di ritrovare il cane di Asterix, Dogmatix, che è stato rapito.","[""Italiano""]",1,"[""Europa""]",2001,,
2494,Asterix,"[""Game Boy""]","[""Avventura""]","Asterix è un videogioco di avventura basato sui personaggi dei fumetti omonimi creati da René Goscinny e Albert Uderzo. Il giocatore controlla Asterix, il protagonista, in una serie di livelli ambientati nell'antica Gallia.",[],1,"[""Europa""]",1995,,
2495,Star Fox Command,"[""Nintendo DS""]","[""Guida"", ""Sparatutto"", ""Volo""]",Star Fox Command è un videogioco di azione e avventura sviluppato da Q-Games e pubblicato da Nintendo per Nintendo DS nel 2006. È il quinto capitolo della serie Star Fox e il primo per la console portatile Nintendo DS.,[],1,"[""Europa""]",2006,Q-Games,Nintendo
2496,Project Overkill,"[""PS1""]","[""Azione"", ""Arcade""]",Gioco d'azione e arcade per PlayStation 1.,"[""Inglese""]",0,"[""Europa""]",,,
2497,Pro Racer,"[""PS1""]","[""Guida""]",Gioco di corse automobilistiche per PlayStation 1,"[""Inglese""]",0,"[""Europa""]",,,
2498,Power,"[""PS1""]","[""Sport""]",aROMa,"[""Inglese""]",0,"[""Europa""]",,,
2499,Power Diggerz,"[""PS1""]","[""Strategia"", ""Guida"", ""Arcade""]",Gioco di scavo e guida di veicoli in un ambiente arcade e strategico.,"[""Inglese""]",0,"[""Europa""]",,,
2500,Perfect Weapon,"[""PS1""]","[""Avventura"", ""Picchiaduro""]",aROMa,"[""Inglese""]",0,"[""Europa""]",,,
2501,Overboard!,"[""PS1""]","[""Sparatutto"", ""Azione"", ""Guida""]",Overboard! è un gioco di azione e sparatutto ambientato su una nave da crociera. Il giocatore deve affrontare nemici e ostacoli mentre guida la propria imbarcazione.,"[""Inglese""]",0,"[""Europa""]",,,
2502,NBA Jam: Tournament Edition,"[""PS1""]","[""Sport""]","Un romhack di NBA Jam: Tournament Edition. Aggiunge diverse correzioni e nuovi giocatori tra cui: Lebron James, Kobe Bryant, Stephen Curry, Michael Jordan, Luka Doncic, Kevin Durant, più 2 personaggi nascosti.","[""Inglese""]",0,"[""USA""]",,,
2503,Mighty Hits Special,"[""PS1""]","[""Sparatutto""]",aROMa,"[""Inglese""]",0,"[""Europa""]",,,
2504,MechWarrior 2 - 31st Century Combat - Arcade Combat Edition,"[""PS1""]","[""Azione""]",Gioco di combattimento con mech ambientato nel 31° secolo.,"[""Inglese""]",0,"[""Europa""]",,,
2505,Master of Monsters - Disciples of Gaia,"[""PS1""]","[""Ruolo"", ""Strategia""]",Master of Monsters - Disciples of Gaia è un gioco di ruolo e strategia ambientato in un mondo fantasy.,"[""Inglese""]",0,"[""Europa""]",,,
2506,Mass Destruction,"[""PS1""]","[""Sparatutto"", ""Strategia""]","Gioco di azione e strategia ambientato in un futuro distopico, dove il giocatore deve comandare un'unità militare per combattere contro forze nemiche e salvare il mondo dalla distruzione.","[""Inglese""]",0,"[""Europa""]",,,
2507,Lord of the Jungle,"[""PS1""]","[""Puzzle""]",aROMa,"[""Inglese""]",0,"[""Europa""]",,,
2508,London Racer 2,"[""PS1""]","[""Guida""]","Ritornami solo un json con i dettagli precisi di qeusto gioco, semancanti cercali e aggiungili: titolo, piattaforma (es. ps1,ps2,gba,switch,pc,android...), genere, descrizione, limgua,regione,anno","[""Inglese""]",0,"[""Europa""]",,,
2509,Lion and the King 2,"[""PS1""]","[""Puzzle""]",aROMa,"[""Inglese""]",0,"[""Europa""]",,,
2510,LEGO Isola 2 - La Rivincita del Briccone,"[""PS1""]","[""Party"", ""Avventura""]","Ritornami solo un json con i dettagli precisi di qeusto gioco, semancanti cercali e aggiungili: titolo, piattaforma (es. ps1,ps2,gba,switch,pc,android...), genere, descrizione, limgua,regione,anno","[""Italiano""]",0,"[""Europa""]",,,
2511,KKND - Krossfire,"[""PS1""]","[""Strategia"", ""Arcade""]",Gioco di strategia e azione ambientato in un futuro post-apocalittico.,"[""Inglese""]",0,"[""Europa""]",,,
2512,King of Bowling 3,"[""PS1""]","[""Sport""]",aROMa,"[""Inglese""]",0,"[""Europa""]",,,
2513,Jupiter Strike,"[""PS1""]","[""Sparatutto""]",aROMa,"[""Inglese""]",0,"[""Europa""]",,,
2514,In the Hunt,"[""PS1""]","[""Guida"", ""Sparatutto"", ""Arcade""]",Gioco di azione e sparatutto ambientato in un contesto militare e di guerra.,"[""Inglese""]",0,"[""Europa""]",,,
2515,Hyper Final Match Tennis,"[""PS1""]","[""Sport""]",aROMa,"[""Inglese""]",0,"[""Europa""]",,,
2516,"Hunter, The","[""PS1""]","[""Ruolo""]",Gioco di ruolo ambientato in un mondo fantasy,"[""Inglese""]",0,"[""Europa""]",,,
2519,Gungage,"[""PS1""]","[""Sparatutto"", ""Azione"", ""Avventura""]",Gungage è un gioco d'azione e avventura ambientato in un mondo post-apocalittico. Il giocatore impersona un personaggio che deve affrontare nemici e superare ostacoli utilizzando diverse armi da fuoco.,"[""Inglese""]",0,"[""Europa""]",,,
2520,Grid,"[""PS1""]","[""Ruolo"", ""Azione"", ""Avventura""]",Gioco di ruolo d'azione e avventura ambientato in un mondo open world.,"[""Inglese""]",0,"[""Europa""]",,,
2522,Floating Runner - Quest for the 7 Crystals,"[""PS1""]","[""Azione"", ""Piattaforma""]",Floating Runner - Quest for the 7 Crystals è un gioco di azione e piattaforme per PlayStation 1. Il giocatore controlla un personaggio che deve attraversare vari livelli raccogliendo cristalli e superando ostacoli.,"[""Inglese""]",0,"[""Europa""]",,,
2523,Firo & Klawd,"[""PS1""]","[""Arcade"", ""Piattaforma"", ""Strategia""]",Aroma,"[""Inglese""]",0,"[""Europa""]",,,
2524,Final Doom,"[""PS1""]","[""Sparatutto""]","Ritornami solo un json con i dettagli precisi di qeusto gioco, semancanti cercali e aggiungili: titolo, piattaforma (es. ps1,ps2,gba,switch,pc,android...), genere, descrizione, limgua,regione,anno","[""Inglese""]",0,"[""Europa""]",,,
2525,Family Games Compendium 20 games,"[""PS1""]","[""Sport"", ""Casinò"", ""Carte""]",Raccolta di 20 giochi di vari generi per PlayStation 1,"[""Italiano"", ""Inglese""]",0,"[""Europa""]",,,
2526,Extreme Snow Break,"[""PS1""]","[""Sport""]",Aroma,"[""Inglese""]",0,"[""Europa""]",,,
2528,The Dukes of Hazzard II - Daisy Dukes it Out,"[""PS1""]","[""Azione"", ""Guida""]",Ritorna l'avventura dei Dukes of Hazzard in questo sequel per PlayStation 1.,"[""Inglese""]",0,"[""Europa""]",,,
2529,Dora the Explorer - Barnyard Buddies,"[""PS1""]","[""Avventura"", ""Piattaforma"", ""Party""]",Dora the Explorer - Barnyard Buddies è un gioco di avventura e piattaforma per PlayStation 1 in cui i giocatori possono esplorare il mondo di Dora e aiutarla a completare diverse missioni e attività.,"[""Inglese""]",0,"[""Europa""]",,,
2530,Diver's Dream,"[""PS1""]","[""Avventura"", ""Azione""]",aROMa,"[""Inglese""]",0,"[""Europa""]",,,
2531,Destructo 2,"[""PS1""]","[""Puzzle""]",Gioco di puzzle e distruzione,"[""Inglese""]",0,"[""Europa""]",,,
2532,Darkstalkers 3 (uncensored),"[""PS1""]","[""Picchiaduro""]","Questo hack ripristina alcuni elementi che sono stati cambiati nelle versioni occidentali di Darkstalkers 3. I cambiamenti sono i seguenti: - Il colore del sangue in combattimento cambia da bianco a rosso. - Il colore del sangue del personaggio Jedah cambia da viola a rosso. - Il colore del sangue sul palco di Perfect Torment cambia da verde a rosso. - La parola ""Down"" appare quando si sconfigge un personaggio (tranne nell'ultimo round). - Nel finale di J.Talbain il nome ""John"" viene cambiato in ""Jon"". - Nel finale di Hsien-Ko il nome ""Lei Lei"" è cambiato in ""Mei-Ling"". È confermato che questa patch funziona su console PlayStation reali e modificate oltre che su emulatori.",[],1,"[""Europa""]",,,
2533,Dance UK ExtraTrax,"[""PS1""]","[""Musicale""]",aROMa,"[""Inglese""]",0,"[""Europa""]",,,
2534,Dalmatians 2,"[""PS1""]","[""Puzzle""]",Gioco di puzzle basato sul film Disney 101 Dalmatians II: Patch's London Adventure,"[""Inglese""]",0,"[""Europa""]",,,
2535,Cyberia,"[""PS1""]","[""Sparatutto"", ""Avventura""]",Cyberia è un videogioco di genere sparatutto e avventura sviluppato per PlayStation 1.,"[""Inglese""]",0,"[""Europa""]",,,
2536,Cindy's Caribbean Holiday,"[""PS1""]","[""Party"", ""Puzzle""]",Cindy's Caribbean Holiday è un gioco di party e puzzle ambientato in una splendida isola caraibica. I giocatori devono collaborare per risolvere enigmi e completare attività divertenti in un'atmosfera tropicale e rilassante.,"[""Inglese""]",0,"[""Europa""]",,,
2537,Cheesy,"[""PS1""]","[""Avventura""]",aROMa,"[""Inglese""]",0,"[""Europa""]",,,
2538,Championship Manager Quiz,"[""PS1""]","[""Sport"", ""Party""]",Championship Manager Quiz è un gioco di quiz incentrato sulla serie di videogiochi di gestione calcistica Championship Manager.,"[""Inglese""]",0,"[""Europa""]",,,
2539,Brave Sword,"[""PS1""]","[""Azione"", ""Ruolo""]",Brave Sword è un gioco di azione e ruolo per PlayStation 1.,"[""Giapponese""]",0,"[""Giappone""]",,,
2540,The Bombing Island,"[""PS1""]","[""Azione"", ""Puzzle""]",Gioco di azione e puzzle ambientato in un'isola in cui il giocatore deve affrontare sfide esplosive.,"[""Inglese""]",0,"[""Europa""]",,,
2541,Blaze & Blade - Eternal Quest,"[""PS1""]","[""Ruolo"", ""Strategia""]",Blaze & Blade - Eternal Quest è un gioco di ruolo e strategia per PlayStation 1.,"[""Inglese""]",0,"[""Europa""]",,,
2542,Blam! Machinehead,"[""PS1""]","[""Azione"", ""Sparatutto""]",Gioco d'azione e sparatutto per PlayStation 1.,"[""Inglese""]",0,"[""Europa""]",,,
2543,Black Dawn,"[""PS1""]","[""Azione"", ""Sparatutto"", ""Volo""]",Gioco di azione e sparatutto ambientato in un contesto di volo.,"[""Inglese""]",0,"[""Europa""]",,,
2544,Best Buy Greatest Hits Demo,"[""PS1""]","[""Demo""]",aROMa,"[""Inglese""]",0,"[""Europa""]",,,
2545,Best Buy Demo,"[""PS1""]","[""Demo""]",aROMa,"[""Inglese""]",0,"[""Europa""]",,,
2546,Arc the Lad Collection,"[""PS1""]","[""Azione"", ""Ruolo""]",Il file contiene il pacchetto completo.,"[""Inglese""]",0,"[""USA""]",,,
2547,All star Boxing,"[""PS1""]","[""Sport""]",Gioco di boxe con personaggi all-star,"[""Inglese""]",0,"[""Europa""]",,,
2548,4-4-2 Soccer Altro (Raro),"[""PS1""]","[""Sport""]",Gioco di calcio raro per PlayStation 1,"[""Inglese""]",0,"[""Europa""]",,,
2549,3D Lemmings,"[""PS1""]","[""Rompicapo""]","3D Lemmings è un gioco di rompicapo in cui il giocatore deve guidare un gruppo di lemmings attraverso vari livelli, aiutandoli a raggiungere l'uscita in sicurezza.","[""Inglese""]",0,"[""Europa""]",,,
2550,3 xtreme,"[""PS1""]","[""Sport""]",aROMa,"[""Inglese""]",0,"[""USA""]",,,
2551,xtreme,"[""PS1""]","[""Sport""]",aROMa,"[""Inglese""]",0,"[""USA""]",,,
2552,007 racing,"[""PS1""]","[""Guida"", ""Azione""]",Gioco di corse e azione ambientato nell'universo di James Bond.,"[""Inglese""]",0,"[""Europa""]",,,
2553,LakeMasters EX,"[""PS2""]","[""Sport""]",Gioco di pesca sportiva ambientato in un lago,"[""Inglese""]",0,"[""Europa""]",,,
2554,Konami Kids Playground: ToyPals fun with numbers,"[""PS2""]","[""Puzzle"", ""Party""]",Konami Kids Playground: ToyPals fun with numbers è un gioco per bambini che li aiuta ad imparare i numeri attraverso mini-giochi e attività divertenti.,"[""Inglese""]",0,"[""USA""]",,,
2555,LooneyTunes - Acme Arsenal,"[""PS2""]","[""Azione"", ""Avventura""]",aROMa,"[""Italiano""]",0,"[""Europa""]",,,
2556,Larry Leisure Suit,"[""PS2""]","[""Avventura"", ""Hot""]",Gioco presente sul canale aROMa Hot,"[""Inglese""]",0,"[""Europa""]",,,
2558,Onmyou Taisenki - Hasha no In,"[""PS2""]","[""Ruolo"", ""Azione""]","Onmyou Taisenki - Hasha no In è un gioco di ruolo e azione per PlayStation 2, ambientato in un mondo fantasy ispirato alla mitologia giapponese.","[""Giapponese""]",0,"[""Giappone""]",,,
2559,Onmyou Taisenki - Byakko Enbu,"[""PS2""]","[""Ruolo"", ""Azione""]",Onmyou Taisenki - Byakko Enbu è un gioco di ruolo e azione per PlayStation 2 sviluppato in Giappone.,"[""Giapponese""]",0,"[""Giappone""]",,,
2560,Multi emulatore FBA NEXT + 2688 giochi,"[""PS3""]","[""Altro"", ""Mod"", ""Arcade""]",Raccolta di 2688 giochi per emulatore FBA NEXT,"[""Inglese""]",0,"[""Europa"", ""USA""]",,,
2561,The Smurf 2,"[""PS3""]","[""Avventura"", ""Piattaforma""]",aROMa,"[""Inglese""]",0,"[""Europa""]",,,
2562,Jurassic World Evolution 2,"[""PS4""]","[""Avventura""]","Jurassic World Evolution 2 è un videogioco di simulazione e gestione ambientato nell'universo di Jurassic World. Il giocatore è chiamato a costruire e gestire il proprio parco a tema dinosauri, affrontando le sfide e le responsabilità legate alla creazione e al mantenimento di un ecosistema di creature preistoriche.","[""Italiano""]",0,"[""USA""]",,,
2563,The Smurfs: Mission Vileaf,"[""PS4""]","[""Avventura""]",Aiuta i Puffi a salvare il loro villaggio dalla minaccia di Gargamella e della sua pianta velenosa Vileaf.,"[""Inglese""]",0,"[""Europa""]",,,
2564,Inazuma Eleven 3 The Ogre - Ogre all'attacco Patch ITA,"[""Nintendo DS""]","[""Azione"", ""Sport""]","Questo gioco è stato pubblicato su Nintendo DS in Giappone e solo successivamente su 3DS in Europa. Questa è la versione Giapponese per DS al quale sono stati sostituiti i testi con quella europea, creando così una versione italiana (per ora solo i primi capitoli) per DS!","[""Italiano""]",0,"[""Giappone""]",,,
2565,Xmen wolverine's rage,"[""Game Boy Color""]","[""Avventura"", ""Azione""]","Gioco di avventura e azione ambientato nell'universo degli X-Men, con protagonista Wolverine.","[""Inglese""]",0,"[""Europa""]",,,
2567,Star Fox 64,"[""Nintendo 64""]","[""Guida"", ""Sparatutto"", ""Volo""]",Star Fox 64 è un videogioco di azione e avventura sviluppato da Nintendo EAD e pubblicato da Nintendo per Nintendo 64 nel 1997. È il secondo capitolo della serie Star Fox e il sequel diretto di Star Fox del 1993 per Super Nintendo.,[],1,"[""USA""]",1997,Nintendo EAD,Nintendo
2570,Aladdin,"[""Game Boy Color""]","[""Avventura""]","Aladdin è un videogioco di avventura basato sull'omonimo film Disney. Il giocatore controlla Aladdin mentre esplora vari livelli ispirati alle ambientazioni del film, affrontando nemici e risolvendo enigmi per progredire nella storia.","[""Italiano""]",1,"[""Europa""]",1994,,
2571,3D Pocket Pool,"[""Game Boy Color""]","[""Sport""]",3D Pocket Pool è un gioco di biliardo in 3D per Game Boy Color. Offre diverse modalità di gioco e la possibilità di giocare contro l'intelligenza artificiale o contro un amico.,[],1,"[""Europa""]",,,
2573,Antz,"[""Game Boy Color""]","[""Avventura""]","Antz è un videogioco d'avventura per Game Boy Color basato sull'omonimo film d'animazione del 1998. Il giocatore controlla la formica Z, che deve affrontare diverse sfide e missioni all'interno della colonia di formiche.",[],1,"[""Europa""]",1998,,
2574,Antz Racing,"[""Game Boy Color""]","[""Guida""]","Antz Racing è un gioco di corse per Game Boy Color in cui i protagonisti sono delle formiche. Il giocatore deve guidare la propria formica attraverso diversi circuiti, superando ostacoli e sfidando gli avversari.",[],1,"[""Europa""]",1999,,
2577,BarcaTotal2000,"[""Game Boy Color""]","[""Sport""]",Gioco di calcio ambientato nel mondo del Barcellona FC,[],1,"[""Europa""]",2000,,
2578,Hamtaro Ham-Ham Games,"[""Game Boy Advance""]","[""Sport""]",Hamtaro Ham-Ham Games è un videogioco a tema sportivo basato sulla serie anime e manga Hamtaro. Il gioco permette ai giocatori di partecipare a varie attività e mini-giochi con i personaggi della serie.,[],1,"[""Europa""]",2002,,
2579,Sonic Pinball Party,"[""Game Boy Advance""]","[""Puzzle""]","Sonic Pinball Party è un videogioco di flipper basato sui personaggi della serie Sonic the Hedgehog. Il gioco presenta diversi tavoli da pinball ambientati nei vari mondi della serie Sonic, con l'obiettivo di raccogliere punti e completare sfide.",[],1,"[""Europa""]",2003,,
2580,Sonic Advance 3,"[""Game Boy Advance""]","[""Piattaforma""]","Sonic Advance 3 è un videogioco a piattaforme sviluppato da Dimps e pubblicato da Sega per Game Boy Advance nel 2004. È il terzo capitolo della serie Sonic Advance e vede il ritorno di Sonic, Tails, Knuckles e Amy Rose, che devono affrontare il malvagio Dr. Eggman.",[],1,"[""Europa""]",2004,Dimps,Sega
2585,LEGO Batman 3: Beyond Gotham,"[""Nintendo 3DS""]","[""Azione"", ""Arcade"", ""Avventura""]","Avventura in stile LEGO ambientata nell'universo di Batman, in cui il giocatore può esplorare Gotham City e altri luoghi iconici del DC Universe.",[],1,"[""Europa""]",2014,,
2586,LEGO Batman 2: DC Super Heroes,"[""Nintendo 3DS""]","[""Azione"", ""Arcade"", ""Avventura""]",LEGO Batman 2: DC Super Heroes è un videogioco di azione-avventura sviluppato da Traveller's Tales e pubblicato da Warner Bros. Interactive Entertainment. Il gioco è ambientato nell'universo DC Comics e vede Batman e Robin affrontare una serie di supercriminali di Gotham City.,[],1,"[""Europa""]",2012,Traveller's Tales,Warner Bros
2587,LEGO Batman il videogioco,"[""Nintendo DS""]","[""Azione"", ""Arcade"", ""Avventura""]",Gioco di azione e avventura basato sui personaggi LEGO e ambientato nell'universo di Batman.,[],1,"[""Europa""]",2008,,
2589,Luigi's Mansion 2,"[""Nintendo 3DS""]","[""Avventura""]","Luigi's Mansion 2 è un videogioco di avventura sviluppato da Next Level Games e pubblicato da Nintendo per Nintendo 3DS nel 2013. Il gioco è il sequel di Luigi's Mansion, uscito originariamente per Nintendo GameCube nel 2001.",[],1,"[""Europa""]",2013,Next Level Games,Nintendo
2590,Luigi's Mansion,"[""Nintendo 3DS""]","[""Avventura""]",Luigi's Mansion è un videogioco di avventura sviluppato da Nintendo EAD e pubblicato da Nintendo per Nintendo 3DS nel 2018. È un remake del gioco omonimo originariamente pubblicato per Nintendo GameCube nel 2001.,[],1,"[""Europa""]",2018,Nintendo EAD,Nintendo
2591,Luigi's Mansion 3,"[""Switch""]","[""Avventura""]",Luigi's Mansion 3 è un videogioco di avventura sviluppato da Next Level Games e pubblicato da Nintendo per Nintendo Switch nel 2019. Il gioco segue le avventure di Luigi mentre esplora un hotel infestato dai fantasmi per salvare i suoi amici.,[],1,"[""Europa""]",2019,Next Level Games,Nintendo
2592,Luigi's Mansion,"[""GameCube""]","[""Avventura""]","Luigi's Mansion è un videogioco di avventura pubblicato da Nintendo per GameCube nel 2001. Il gioco segue le avventure di Luigi, fratello minore di Mario, mentre esplora una villa infestata dai fantasmi per salvare il fratello Mario.",[],1,"[""Europa""]",2001,,Nintendo
2593,An American Tail: Fievel Goes West,"[""SNES""]","[""Avventura""]","An American Tail: Fievel Goes West è un videogioco di avventura basato sul film d'animazione An American Tail: Fievel Goes West. Il giocatore controlla Fievel, un topolino immigrato russo che si avventura nel selvaggio West americano.","[""Inglese""]",0,"[""USA""]",1993,,
2594,Gekido Advance Kintaro's Revenge,"[""Game Boy Advance""]","[""Picchiaduro""]",Gekido Advance: Kintaro's Revenge è un videogioco picchiaduro sviluppato da Naps Team e pubblicato da Swing! Entertainment per Game Boy Advance nel 2001.,[],1,"[""Europa""]",2001,Naps Team,Swing! Entertainment
2595,The Legend of Zelda: The Wind Waker,"[""GameCube""]","[""Avventura"", ""Azione""]","The Legend of Zelda: The Wind Waker è un videogioco di avventura e azione sviluppato da Nintendo per GameCube. Il gioco segue le avventure di Link, il protagonista della serie The Legend of Zelda, mentre esplora un vasto arcipelago di isole in un mondo acquatico.",[],1,"[""Europa""]",2002,Nintendo,
2596,Diddy Kong Racing,"[""Nintendo 64""]","[""Guida""]",Diddy Kong Racing è un gioco di corse per Nintendo 64 sviluppato da Rare e pubblicato da Nintendo nel 1997. Il gioco presenta una modalità storia in cui il giocatore deve affrontare vari personaggi e boss per salvare l'isola di Timber dalle grinfie di Wizpig.,[],1,"[""USA""]",1997,Rare,Nintendo
2597,Diddy Kong Racing,"[""Nintendo DS""]","[""Guida""]",Diddy Kong Racing è un videogioco di corse kart sviluppato da Rare e pubblicato da Nintendo per Nintendo DS nel 2007. È un remake del gioco originale per Nintendo 64 uscito nel 1997.,[],1,"[""Europa""]",2007,Rare,Nintendo
2598,Donkey Kong Jungle Climber,"[""Nintendo DS""]","[""Piattaforma""]",Donkey Kong Jungle Climber è un videogioco di piattaforme sviluppato da Nintendo per Nintendo DS. È il sequel di Donkey Kong: King of Swing per Game Boy Advance.,[],1,"[""Europa""]",2007,Nintendo,
2599,Donkey Kong: King of Swing,"[""Game Boy Advance""]","[""Piattaforma""]","Donkey Kong: King of Swing è un videogioco di piattaforme sviluppato da Paon e pubblicato da Nintendo per Game Boy Advance nel 2005. Il gioco vede protagonista Donkey Kong, che deve attraversare vari livelli utilizzando la sua abilità di dondolarsi su appigli e corde.",[],1,"[""Europa""]",2005,Paon,Nintendo
2600,Donkey Kong 64,"[""Nintendo 64""]","[""Piattaforma""]",Donkey Kong 64 è un videogioco di piattaforme sviluppato da Rare e pubblicato da Nintendo per Nintendo 64 nel 1999. È il primo gioco della serie Donkey Kong ad essere in 3D e il quinto capitolo principale della serie.,[],1,"[""USA""]",1999,Rare,Nintendo
2601,Donkey Kong Country 3: Dixie Kong's Double Trouble,"[""SNES""]","[""Piattaforma""]",Donkey Kong Country 3: Dixie Kong's Double Trouble è un videogioco di piattaforme sviluppato da Rare e pubblicato da Nintendo per Super Nintendo Entertainment System nel 1996. È il terzo capitolo della serie Donkey Kong Country.,[],1,"[""USA""]",1996,Rare,Nintendo
2602,Donkey Kong Country 2: Diddy's Kong Quest,"[""SNES""]","[""Piattaforma""]",Donkey Kong Country 2: Diddy's Kong Quest è un videogioco di piattaforme sviluppato da Rare e pubblicato da Nintendo per Super Nintendo Entertainment System nel 1995. È il sequel di Donkey Kong Country.,[],1,"[""USA""]",1995,Rare,Nintendo
2603,Donkey Kong Country,"[""SNES""]","[""Piattaforma""]",Donkey Kong Country è un videogioco platform sviluppato da Rare e pubblicato da Nintendo per Super Nintendo Entertainment System nel 1994. Il gioco segna il ritorno di Donkey Kong come protagonista principale dopo il successo di Donkey Kong e Donkey Kong Jr. negli anni '80.,[],1,"[""USA""]",1994,Rare,Nintendo
2604,Donkey Kong Land 3,"[""Game Boy""]","[""Piattaforma""]","Donkey Kong Land 3 è un videogioco di piattaforme sviluppato da Rare e pubblicato da Nintendo per Game Boy nel 1997. È il terzo capitolo della serie Donkey Kong Land, spin-off portatile della serie Donkey Kong.",[],1,"[""USA""]",1997,Rare,Nintendo
2605,Donkey Kong Land 2,"[""Game Boy""]","[""Piattaforma""]",Donkey Kong Land 2 è un videogioco di piattaforme sviluppato da Rare e pubblicato da Nintendo per Game Boy nel 1995. È il sequel di Donkey Kong Land ed è ambientato nello stesso universo di Donkey Kong Country 2: Diddy's Kong Quest per Super Nintendo Entertainment System.,[],1,"[""USA""]",1995,Rare,Nintendo
2606,Donkey Kong Land,"[""Game Boy""]","[""Piattaforma""]","Donkey Kong Land è un videogioco di piattaforme pubblicato nel 1995 per Game Boy. È uno spin-off della serie Donkey Kong, sviluppato da Rare e pubblicato da Nintendo.",[],1,"[""USA""]",1995,Rare,Nintendo
2607,Donkey Kong,"[""Game Boy""]","[""Piattaforma""]",Donkey Kong è un classico gioco di piattaforme in cui il giocatore controlla Mario (conosciuto all'epoca come Jumpman) mentre cerca di salvare la sua ragazza Pauline dalle grinfie del gorilla Donkey Kong.,[],1,"[""USA""]",1994,,
2608,Donkey Kong 3,"[""NES""]","[""Piattaforma""]","Donkey Kong 3 è un videogioco arcade del 1983 sviluppato e pubblicato da Nintendo. È il terzo capitolo della serie Donkey Kong, dopo Donkey Kong e Donkey Kong Jr.",[],1,"[""USA""]",1983,Nintendo,Nintendo
2609,Donkey Kong Jr. Math,"[""NES""]","[""Piattaforma""]",Donkey Kong Jr. Math è un videogioco educativo pubblicato da Nintendo per Nintendo Entertainment System nel 1983. Il gioco è uno spin-off della serie Donkey Kong e vede il protagonista Donkey Kong Jr. impegnato in attività matematiche.,"[""Inglese""]",0,"[""USA""]",1983,,Nintendo
2610,Donkey Kong Jr.,"[""NES""]","[""Piattaforma""]","Donkey Kong Jr. è un videogioco arcade pubblicato da Nintendo nel 1982. È il sequel diretto di Donkey Kong, in cui il protagonista è il figlio di Donkey Kong, che deve salvare suo padre dalle grinfie di Mario (conosciuto all'epoca come Jumpman).",[],1,"[""USA""]",1982,,Nintendo
2611,Donkey Kong,"[""NES""]","[""Piattaforma""]",Donkey Kong è un classico gioco arcade del 1981 sviluppato da Nintendo. Il giocatore controlla Mario (all'epoca noto come 'Jumpman') che deve scalare una serie di piattaforme per salvare la sua amata Pauline dalle grinfie del gorilla Donkey Kong.,[],1,"[""USA""]",1981,Nintendo,
2612,Donkey Kong Country 3,"[""Game Boy Advance""]","[""Piattaforma""]",Donkey Kong Country 3 è un videogioco di piattaforme sviluppato da Rare e pubblicato da Nintendo per Game Boy Advance nel 2005. È il terzo capitolo della serie Donkey Kong Country.,[],1,"[""Europa""]",2005,Rare,Nintendo
2613,Donkey Kong Country 2,"[""Game Boy Advance""]","[""Piattaforma""]","Donkey Kong Country 2 è un videogioco platform sviluppato da Rare e pubblicato da Nintendo per Game Boy Advance nel 2004. È il sequel di Donkey Kong Country, uscito originariamente per Super Nintendo Entertainment System nel 1994.",[],1,"[""Europa""]",2004,Rare,Nintendo
2614,Donkey Kong Country,"[""Game Boy Advance""]","[""Piattaforma""]",Donkey Kong Country è un classico gioco di piattaforme in cui il giocatore controlla Donkey Kong e Diddy Kong attraverso vari livelli pieni di nemici e ostacoli. Il gioco è noto per i suoi grafica dettagliata e il suo gameplay coinvolgente.,[],1,"[""Europa""]",2003,,
2615,Golden Sun: L'Era Perduta,"[""Game Boy Advance""]","[""Gioco di ruolo""]","Golden Sun: L'Era Perduta è il sequel diretto di Golden Sun, un acclamato gioco di ruolo per Game Boy Advance. Continua la storia dei protagonisti del primo capitolo, espandendo il mondo di gioco e introducendo nuovi personaggi e meccaniche di gameplay. Il gioco mantiene l'apprezzato sistema di combattimento a turni e l'esplorazione di dungeon e aree aperte, arricchendoli con nuove abilità e poteri psichici da scoprire.","[""Italiano""]",1,"[""Europa""]",2002,,
2616,Golden Sun,"[""Game Boy Advance""]","[""Ruolo""]",Golden Sun è un videogioco di ruolo sviluppato da Camelot Software Planning e pubblicato da Nintendo per Game Boy Advance nel 2001. Il gioco segue le avventure di un gruppo di adepti dell'alchimia che devono impedire che il mondo venga distrutto.,[],1,"[""Europa""]",2001,Camelot Software Planning,Nintendo
2617,3GamePack!,"[""Nintendo DS""]","[""Puzzle""]","Raccolta di tre giochi della serie Cradle of...: Cradle of Rome, Cradle of Athena, e Cradle of Egypt.",[],1,"[""Europa""]",,,
2620,The Simpsons: Road Rage,"[""Game Boy Advance""]","[""Guida""]","The Simpsons: Road Rage è un videogioco di guida basato sulla serie animata I Simpson, sviluppato da Radical Entertainment e pubblicato da Electronic Arts per Game Boy Advance nel 2001.",[],1,"[""Europa""]",2001,Radical Entertainment,Electronic Arts
2621,The Simpsons: Night of the Living Treehouse of Horror,"[""Game Boy Color""]","[""Piattaforma""]","Basato sulla popolare serie televisiva animata, The Simpsons: Night of the Living Treehouse of Horror è un gioco di piattaforme per Game Boy Color. I giocatori dovranno aiutare la famiglia Simpson a sopravvivere a una notte di orrore e caos nella loro casa sull'albero.","[""Inglese""]",0,"[""USA""]",1999,,
2622,The Simpsons: Bart's Nightmare,"[""SNES""]","[""Piattaforma""]",Bart Simpson si ritrova in un incubo dopo aver mangiato troppi dolci. Il giocatore deve aiutarlo a superare vari livelli e ostacoli per riportarlo alla realtà.,[],1,"[""Europa""]",1993,,
2623,The Simpsons: Bart & the Beanstalk,"[""Game Boy""]","[""Avventura""]","In questo gioco per Game Boy, i giocatori vestono i panni di Bart Simpson mentre affronta l'avventura della classica fiaba del Fagiolo Magico. Bart deve scalare il fagiolo gigante, affrontare nemici e risolvere enigmi per raggiungere la cima e sconfiggere il gigante.","[""Inglese""]",0,"[""USA""]",1994,,
2624,The Simpsons: Bart vs. The Juggernauts,"[""Game Boy""]","[""Piattaforma""]","In questo gioco per Game Boy, i giocatori vestono i panni di Bart Simpson mentre affronta una serie di sfide e ostacoli per superare i Juggernauts, potenti nemici che minacciano Springfield.","[""Inglese""]",0,"[""USA""]",1991,,
2625,Bart Simpson's Escape from Camp Deadly,"[""Game Boy""]","[""Avventura""]","In questo gioco per Game Boy, i giocatori devono aiutare Bart Simpson a fuggire dal campo estivo Camp Deadly, dove è stato inviato contro la sua volontà. Dovranno affrontare vari ostacoli e nemici per raggiungere la libertà.","[""Inglese""]",0,"[""Europa""]",1992,,
2626,Tales of Symphonia,"[""GameCube""]","[""Ruolo""]",Tales of Symphonia è un videogioco di ruolo giapponese sviluppato da Namco e pubblicato nel 2003 per GameCube. Il gioco segue le avventure di Lloyd Irving e dei suoi compagni mentre cercano di salvare il mondo di Sylvarant.,[],1,"[""Europa""]",2003,Namco,
2627,Tales of Symphonia: Dawn of the New World,"[""Wii""]","[""Ruolo"", ""Azione""]",Tales of Symphonia: Dawn of the New World è un videogioco di ruolo d'azione sviluppato da Namco Tales Studio e pubblicato da Namco Bandai Games per la console Wii.,[],1,"[""Europa""]",2008,Namco Tales Studio,Bandai Namco
2628,Goof Troop,"[""SNES""]","[""Piattaforma""]",Goof Troop è un videogioco di piattaforme sviluppato e pubblicato da Capcom per Super Nintendo Entertainment System nel 1993. Il gioco è basato sulla serie animata Disney Goof Troop.,"[""Inglese""]",0,"[""USA""]",1993,Capcom,Capcom
2629,Skies of Arcadia Legends,"[""GameCube""]","[""Ruolo"", ""Azione""]","Skies of Arcadia Legends è un gioco di ruolo d'azione ambientato in un mondo fantasy di isole volanti. I giocatori vestono i panni di Vyse, un giovane pirata, e della sua ciurma mentre esplorano il cielo alla ricerca di tesori e avventure.","[""Inglese""]",0,"[""Europa""]",2002,,
2630,Doctor Lautrec and the Forgotten Knights,"[""Nintendo 3DS""]","[""Avventura""]","Doctor Lautrec and the Forgotten Knights è un gioco di avventura per Nintendo 3DS. Il giocatore assume il ruolo del dottor Lautrec, un archeologo e professore di storia dell'arte, che si ritrova coinvolto in un mistero legato a antichi cavalieri dimenticati.",[],1,"[""Europa""]",2011,,
2632,50ClassicGames,"[""Nintendo DS""]","[""Puzzle""]",Raccolta di 50 classici giochi di puzzle per Nintendo DS,[],1,"[""Europa""]",,,
2636,aROMa,"[""Nintendo DS""]","[""Puzzle""]",aROMa è un gioco di puzzle per Nintendo DS in cui il giocatore deve ricomporre immagini a partire da frammenti sparsi sullo schermo.,[],1,"[""Europa""]",2008,,
2637,42 All-timeClassics,"[""Nintendo DS""]","[""Puzzle""]",42 All-timeClassics è una raccolta di classici giochi da tavolo e puzzle per Nintendo DS.,[],1,"[""Europa""]",2008,,
2640,Metal Gear Solid 3D: Snake Eater,"[""Nintendo 3DS""]","[""Sparatutto""]",Metal Gear Solid 3D: Snake Eater è un videogioco d'azione e stealth sviluppato da Konami per la console portatile Nintendo 3DS. È un remake in 3D del classico Metal Gear Solid 3: Snake Eater originariamente pubblicato per PlayStation 2 nel 2004.,[],1,"[""Europa""]",2012,Konami,
2641,MetalGearSolid: The Twin Snakes,"[""GameCube""]","[""Sparatutto""]",Metal Gear Solid: The Twin Snakes è un videogioco d'azione e stealth sviluppato da Silicon Knights e pubblicato da Konami per GameCube nel 2004. È un remake del videogioco Metal Gear Solid originariamente pubblicato per PlayStation nel 1998.,[],1,"[""Europa""]",2004,Silicon Knights,Konami
2644,Franklin The Turtle,"[""Game Boy Advance""]","[""Avventura""]","Franklin the Turtle è un videogioco basato sulla serie animata per bambini Franklin. Il giocatore controlla Franklin, una tartaruga che vive in una comunità di animali antropomorfi, mentre affronta varie avventure e risolve problemi.",[],1,"[""Europa""]",2002,,
2646,Elite Beat Agents,"[""Nintendo DS""]","[""Musicale""]",Elite Beat Agents è un videogioco ritmico sviluppato da iNiS e pubblicato da Nintendo per Nintendo DS nel 2006. Il gioco segue le avventure di un gruppo di agenti segreti che intervengono per aiutare le persone in difficoltà attraverso la forza della musica e della danza.,[],1,"[""Europa""]",2006,iNiS,Nintendo
2647,Jam Session,"[""Nintendo DS""]","[""Musicale""]","Jam Session è un gioco musicale per Nintendo DS che permette ai giocatori di creare e suonare musica insieme. Il gioco offre una varietà di strumenti virtuali, come chitarre, batterie e tastiere, che possono essere utilizzati per improvvisare e comporre brani originali.",[],1,"[""Europa""]",2008,,
2650,Guitar Hero: On Tour Decades,"[""Nintendo DS""]","[""Musicale""]","Guitar Hero: On Tour Decades è un videogioco musicale sviluppato da Vicarious Visions e pubblicato da Activision per Nintendo DS nel 2008. Il gioco fa parte della serie Guitar Hero e permette ai giocatori di suonare canzoni di diversi decenni, dagli anni '60 agli anni 2000, utilizzando il controller a forma di chitarra per Nintendo DS.","[""Inglese""]",1,"[""Europa""]",2008,Vicarious Visions,Activision
2651,Guitar Hero: On Tour: Modern Hits,"[""Nintendo DS""]","[""Musicale""]",Guitar Hero: On Tour: Modern Hits è un videogioco musicale sviluppato da Vicarious Visions e pubblicato da Activision per Nintendo DS nel 2008. Il gioco fa parte della serie Guitar Hero e permette ai giocatori di suonare canzoni moderne utilizzando il controller a forma di chitarra per Nintendo DS.,"[""Inglese""]",1,"[""Europa""]",2008,Vicarious Visions,Activision
2652,Guitar Hero: On Tour,"[""Nintendo DS""]","[""Musicale""]","Guitar Hero: On Tour è un videogioco musicale sviluppato da Vicarious Visions e pubblicato da Activision per Nintendo DS nel 2008. Il gioco permette ai giocatori di suonare canzoni famose utilizzando un accessorio speciale per la console, che include una mini-chitarra con quattro tasti.",[],1,"[""Europa""]",2008,Vicarious Visions,Activision
2653,Fire Emblem Fates: Conquest,"[""Nintendo 3DS""]","[""Ruolo"", ""Azione""]","Fire Emblem Fates: Conquest è un gioco di ruolo tattico sviluppato da Intelligent Systems e pubblicato da Nintendo per Nintendo 3DS. È uno dei tre titoli della serie Fire Emblem Fates, insieme a Birthright e Revelation.","[""Italiano""]",1,"[""Europa""]",2016,Intelligent Systems,Nintendo
2654,Fire Emblem Echoes: Shadows of Valentia,"[""Nintendo 3DS""]","[""Ruolo"", ""Azione""]","Fire Emblem Echoes: Shadows of Valentia è un remake del classico Fire Emblem Gaiden per Famicom, originariamente pubblicato nel 1992. Il gioco segue le avventure di Alm e Celica, due giovani che si trovano coinvolti in una guerra che dividerà il regno di Valentia.","[""Italiano""]",1,"[""Europa""]",2017,,
2655,Fire Emblem Awakening,"[""Nintendo 3DS""]","[""Ruolo"", ""Azione""]",Fire Emblem Awakening è un videogioco di ruolo tattico sviluppato da Intelligent Systems e pubblicato da Nintendo per Nintendo 3DS nel 2012. È il tredicesimo capitolo della serie Fire Emblem.,[],1,"[""Europa""]",2012,Intelligent Systems,Nintendo
2656,Fire Emblem Warriors,"[""Nintendo 3DS""]","[""Ruolo"", ""Azione""]",Fire Emblem Warriors è un videogioco di ruolo e azione sviluppato da Omega Force e pubblicato da Nintendo per Nintendo 3DS. Il gioco combina elementi della serie Fire Emblem con il gameplay tipico dei musou.,[],1,"[""Europa""]",2017,Omega Force,Nintendo
2657,Fire Emblem: New Mystery of the Emblem,"[""Nintendo DS""]","[""Ruolo"", ""Azione""]",Fire Emblem: New Mystery of the Emblem è un videogioco di ruolo e azione sviluppato da Intelligent Systems e pubblicato da Nintendo per Nintendo DS nel 2010 in Giappone.,"[""Giapponese""]",0,"[""Giappone""]",2010,Intelligent Systems,Nintendo
2658,Fire Emblem - Shadow Dragon,"[""Nintendo DS""]","[""Ruolo"", ""Azione""]",Fire Emblem - Shadow Dragon è un gioco di ruolo e azione ambientato in un mondo fantasy. Il giocatore controlla un gruppo di eroi che devono affrontare battaglie strategiche contro nemici.,"[""Italiano""]",1,"[""Europa""]",2008,,
2659,Fire Emblem: Seisen no Keifu,"[""SNES""]","[""Ruolo"", ""Azione""]",Fire Emblem: Seisen no Keifu è un gioco di ruolo e azione sviluppato da Intelligent Systems e pubblicato da Nintendo per Super Nintendo Entertainment System (SNES) nel 1996 in Giappone.,"[""Giapponese""]",0,"[""Giappone""]",1996,Intelligent Systems,Nintendo
2660,Fire Emblem - The Sacred Stones,"[""Game Boy Advance""]","[""Ruolo"", ""Azione""]",Fire Emblem - The Sacred Stones è un gioco di ruolo e azione sviluppato da Intelligent Systems e pubblicato da Nintendo per Game Boy Advance nel 2004.,"[""Italiano""]",1,"[""Europa""]",2004,Intelligent Systems,Nintendo
2662,Fire Emblem: Path of Radiance,"[""GameCube""]","[""Ruolo"", ""Azione""]",Fire Emblem: Path of Radiance è un videogioco di ruolo tattico sviluppato da Intelligent Systems e pubblicato da Nintendo per GameCube nel 2005. È il nono capitolo della serie Fire Emblem e il primo ad essere pubblicato al di fuori del Giappone.,"[""Italiano""]",1,"[""Europa""]",2005,Intelligent Systems,Nintendo
2663,Fire Emblem Warriors,"[""Switch""]","[""Ruolo"", ""Azione""]",Fire Emblem Warriors è un videogioco di ruolo e azione sviluppato da Omega Force e pubblicato da Nintendo e Koei Tecmo per Nintendo Switch nel 2017. Il gioco combina elementi della serie Fire Emblem con il gameplay tipico dei titoli Warriors.,[],1,"[""Europa""]",2017,Omega Force,Nintendo e Koei Tecmo
2664,Fire Emblem: Radiant Dawn,"[""Wii""]","[""Ruolo"", ""Azione""]",Fire Emblem: Radiant Dawn è un videogioco di ruolo tattico sviluppato da Intelligent Systems e pubblicato da Nintendo per la console Wii nel 2007. È il decimo capitolo della serie Fire Emblem e il sequel diretto di Fire Emblem: Path of Radiance.,[],1,"[""Europa""]",2007,Intelligent Systems,Nintendo
2665,Mario Sports Superstars 5 in 1,"[""Nintendo 3DS""]","[""Sport""]","Mario Sports Superstars 5 in 1 è un gioco sportivo per Nintendo 3DS che include cinque discipline diverse: calcio, baseball, tennis, golf e cavalli. I giocatori possono scegliere tra una varietà di personaggi della serie Mario e competere in partite multiplayer locali o online.","[""Italiano""]",1,"[""Europa""]",2017,,
2667,Puzzler World 2013,"[""Nintendo DS""]","[""Puzzle""]",Gioco di puzzle per Nintendo DS,[],1,"[""Europa""]",2013,,
2668,Puzzler World 2012 3D,"[""Nintendo 3DS""]","[""Puzzle""]",Un gioco di puzzle in 3D per Nintendo 3DS.,[],1,"[""Europa""]",2012,,
2670,Mario Tennis,"[""Nintendo 64""]","[""Sport""]",Mario Tennis è un videogioco sportivo sviluppato da Camelot Software Planning e pubblicato da Nintendo per Nintendo 64 nel 2000. Il gioco permette di giocare a tennis con i personaggi della serie di Super Mario.,[],1,"[""Europa""]",2000,Camelot Software Planning,Nintendo
2671,Mario Golf,"[""Nintendo 64""]","[""Sport""]",Mario Golf è un videogioco di golf pubblicato da Nintendo per Nintendo 64 nel 1999. Il gioco presenta personaggi della serie Super Mario che giocano a golf in vari campi da golf.,[],1,"[""Europa""]",1999,,Nintendo
2672,Mario Kart 64,"[""Nintendo 64""]","[""Guida""]",Mario Kart 64 è un videogioco di corse kart sviluppato e pubblicato da Nintendo per Nintendo 64 nel 1997. È il secondo capitolo della serie Mario Kart ed è il primo ad essere realizzato in 3D.,[],1,"[""Europa""]",1997,Nintendo,Nintendo
2673,Mario Party 3,"[""Nintendo 64""]","[""Avventura"", ""Party""]",Mario Party 3 è un gioco party per Nintendo 64 in cui i giocatori si sfidano in vari minigiochi e attività di gruppo. Il gioco offre modalità multiplayer per fino a 4 giocatori.,"[""Inglese""]",1,"[""Europa""]",2000,,
2674,Mario Party 2,"[""Nintendo 64""]","[""Avventura"", ""Party""]",Mario Party 2 è un videogioco party sviluppato da Hudson Soft e pubblicato da Nintendo per Nintendo 64 nel 1999. È il secondo capitolo della serie Mario Party e offre modalità di gioco multiplayer competitive e cooperative su vari tabelloni a tema.,[],1,"[""Europa""]",1999,Hudson Soft,Nintendo
2675,Mario Party,"[""Nintendo 64""]","[""Avventura"", ""Party""]",Mario Party è un gioco di party game sviluppato da Hudson Soft e pubblicato da Nintendo per Nintendo 64 nel 1998. Il gioco è incentrato su minigiochi e sfide multiplayer tra i personaggi della serie di Super Mario.,"[""Inglese""]",0,"[""Europa""]",1998,Hudson Soft,Nintendo
2676,Paper Mario,"[""Nintendo 64""]","[""Avventura""]","Paper Mario è un gioco di ruolo d'azione sviluppato da Intelligent Systems e pubblicato da Nintendo per Nintendo 64 nel 2000. Il gioco segue le avventure di Mario in un mondo bidimensionale di carta e cartone, dove deve salvare la Principessa Peach dal malvagio Bowser.","[""Inglese""]",1,"[""Europa""]",2000,Intelligent Systems,Nintendo
2677,Super Mario 64,"[""Nintendo 64""]","[""Avventura""]",Super Mario 64 è un videogioco di avventura e piattaforme sviluppato e pubblicato da Nintendo per la console Nintendo 64 nel 1996. È il primo gioco della serie Super Mario ad essere in 3D e ha introdotto molte innovazioni nel genere dei giochi di piattaforme.,"[""Inglese""]",1,"[""Europa""]",1996,Nintendo,Nintendo
2678,Mario & Luigi - SuperStar Saga,"[""Game Boy Advance""]","[""Avventura""]",Mario & Luigi: Superstar Saga è un videogioco di ruolo sviluppato da AlphaDream e pubblicato da Nintendo per Game Boy Advance nel 2003. È il primo capitolo della serie Mario & Luigi.,[],1,"[""Europa""]",2003,AlphaDream,Nintendo
2679,New Super Mario Bros,"[""Nintendo DS""]","[""Piattaforma""]",New Super Mario Bros. è un videogioco di piattaforme sviluppato e pubblicato da Nintendo per Nintendo DS nel 2006. È il primo titolo della serie Super Mario a essere pubblicato per una console portatile.,[],1,"[""Europa""]",2006,Nintendo,Nintendo
2680,Super Mario 64 DS,"[""Nintendo DS""]","[""Avventura""]","Super Mario 64 DS è un remake del classico Super Mario 64 per Nintendo 64, sviluppato e pubblicato da Nintendo per Nintendo DS nel 2004. Il gioco mantiene la stessa struttura e gameplay del titolo originale, con l'aggiunta di nuove funzionalità e modalità multiplayer sfruttando le caratteristiche della console portatile.",[],1,"[""Europa""]",2004,Nintendo,Nintendo
2681,Mario vs. Donkey Kong 2: March of the Minis,"[""Nintendo DS""]","[""Piattaforma"", ""Avventura""]","Mario vs. Donkey Kong 2: March of the Minis è un videogioco di genere piattaforma e avventura sviluppato e pubblicato da Nintendo per Nintendo DS nel 2006. È il sequel di Mario vs. Donkey Kong, uscito nel 2004 per Game Boy Advance.",[],1,"[""Europa""]",2006,Nintendo,Nintendo
2682,Mario vs. Donkey Kong: Mini-Land Mayhem!,"[""Nintendo DS""]","[""Piattaforma"", ""Avventura""]",Mario vs. Donkey Kong: Mini-Land Mayhem! è un videogioco di piattaforme sviluppato e pubblicato da Nintendo per Nintendo DS nel 2010. Il gioco fa parte della serie Mario vs. Donkey Kong e vede protagonisti Mario e Donkey Kong in una nuova avventura.,[],1,"[""Europa""]",2010,Nintendo,Nintendo
2683,Mario Hoops 3on3,"[""Nintendo DS""]","[""Sport""]",Mario Hoops 3on3 è un videogioco di basket sviluppato da Square Enix e pubblicato da Nintendo per Nintendo DS nel 2006. Il gioco presenta personaggi e ambientazioni tratti dalla serie di Super Mario.,[],1,"[""USA""]",2006,Square Enix,Nintendo
2684,Mario Slam Basketball,"[""Nintendo DS""]","[""Sport""]",Mario Slam Basketball è un videogioco sportivo sviluppato da Namco Bandai Games e pubblicato da Nintendo per Nintendo DS nel 2006. Il gioco vede i personaggi della serie Super Mario impegnati in partite di basket.,[],1,"[""Europa""]",2006,Bandai Namco,Nintendo
2685,Mario Party DS,"[""Nintendo DS""]","[""Party"", ""Avventura""]","Mario Party DS è un gioco party per Nintendo DS che permette ai giocatori di divertirsi insieme in vari minigiochi e modalità di gioco. Il gioco offre un'esperienza di gioco cooperativa e competitiva, con tanti personaggi e ambientazioni tratti dal mondo di Super Mario.","[""Italiano""]",1,"[""Europa""]",2007,,
2686,Mario Kart DS,"[""Nintendo DS""]","[""Guida""]","Mario Kart DS è un videogioco di corse kart sviluppato e pubblicato da Nintendo per Nintendo DS nel 2005. È il quinto capitolo della serie Mario Kart e il primo per una console portatile. Il gioco offre modalità single player e multiplayer, con la possibilità di giocare in locale o online.",[],1,"[""Europa""]",2005,Nintendo,Nintendo
2687,Mario & Sonic at the Olympic Winter Games,"[""Nintendo DS""]","[""Sport""]",Mario & Sonic at the Olympic Winter Games è un videogioco sportivo crossover sviluppato e pubblicato da Sega per Nintendo DS nel 2009. Il gioco è ambientato durante i Giochi Olimpici Invernali e vede i personaggi di Super Mario e Sonic the Hedgehog competere in varie discipline sportive invernali.,[],1,"[""Europa""]",2009,Sega,Sega
2688,Mario & Sonic at the Olympic Games,"[""Nintendo DS""]","[""Sport""]",Mario & Sonic at the Olympic Games è un videogioco sportivo crossover sviluppato da Sega e Nintendo per Nintendo DS. Il gioco permette ai giocatori di competere in vari eventi olimpici utilizzando i personaggi della serie Mario e Sonic.,[],1,"[""Europa""]",2007,Sega e Nintendo,
2689,Mario & Luigi - Partners in Time,"[""Nintendo DS""]","[""Avventura""]","Mario & Luigi: Partners in Time è un gioco di ruolo d'azione sviluppato da AlphaDream e pubblicato da Nintendo per Nintendo DS nel 2005. Il gioco segue le avventure di Mario e Luigi, che viaggiano nel tempo per salvare la Principessa Peach e il Mushroom Kingdom da un'invasione aliena.","[""Italiano""]",1,"[""Europa""]",2005,AlphaDream,Nintendo
2690,Mario & Luigi - Bowser's Inside Story,"[""Nintendo DS""]","[""Avventura""]","In questo gioco, Mario e Luigi si ritrovano all'interno del corpo di Bowser, dovendo collaborare con lui per sconfiggere una minaccia che mette in pericolo il Regno dei Funghi.",[],1,"[""Europa""]",2009,,
2691,Mario Golf: Toadstool Tour,"[""GameCube""]","[""Sport""]",Ritorna il golf con i personaggi di Super Mario in questo titolo per GameCube.,[],1,"[""USA""]",2003,,
2692,Mario Tennis Aces,"[""Switch""]","[""Sport""]",Mario Tennis Aces è un videogioco sportivo sviluppato e pubblicato da Nintendo per Nintendo Switch. È il sesto capitolo della serie Mario Tennis e il primo per la console ibrida di Nintendo.,[],1,"[""Europa""]",2018,Nintendo,Nintendo
2693,Super Mario Party,"[""Switch""]","[""Avventura""]",Super Mario Party è un gioco party per Nintendo Switch che offre una varietà di minigiochi e modalità di gioco divertenti e coinvolgenti per tutta la famiglia. I giocatori possono competere in modalità classiche come Giro in Tavola o sfidarsi in nuove modalità come Sfida Alleati.,[],1,"[""Europa""]",2018,,
2694,Super Mario Odyssey,"[""Switch""]","[""Avventura""]","Super Mario Odyssey è un gioco di avventura e piattaforme sviluppato e pubblicato da Nintendo per Nintendo Switch. Il gioco segue Mario mentre viaggia attraverso diversi regni utilizzando il suo nuovo cappello magico, Cappy, per possedere e controllare una varietà di nemici e oggetti.",[],1,"[""Europa""]",2017,Nintendo,Nintendo
2695,Mario & Sonic at the Olympic Games: Tokyo 2020,"[""Switch""]","[""Sport""]",Mario & Sonic at the Olympic Games: Tokyo 2020 è un videogioco sportivo sviluppato e pubblicato da Sega. Il gioco fa parte della serie di videogiochi Mario & Sonic e si svolge durante le Olimpiadi di Tokyo 2020.,[],1,"[""Europa""]",2019,Sega,Sega
2696,Mario + Rabbids: Kingdom Battle,"[""Switch""]","[""Avventura""]","Mario + Rabbids: Kingdom Battle è un gioco di strategia a turni che vede protagonisti i personaggi di Super Mario e i Rabbids. I giocatori dovranno esplorare un vasto mondo open world, affrontare nemici e risolvere enigmi in una storia originale e coinvolgente.",[],1,"[""Europa""]",2017,,
2697,MarioKart 8 Deluxe,"[""Switch""]","[""Guida""]","Mario Kart 8 Deluxe è un videogioco di corse kart sviluppato e pubblicato da Nintendo per Nintendo Switch. È un'edizione ampliata e migliorata di Mario Kart 8 per Wii U, con nuovi personaggi, modalità e contenuti aggiuntivi.",[],1,"[""Europa""]",2017,Nintendo,Nintendo
2698,Super Smash Bros. Brawl,"[""Wii""]","[""Avventura"", ""Piattaforma""]",Super Smash Bros. Brawl è un picchiaduro a incontri sviluppato da Sora Ltd. e Namco Bandai Games e pubblicato da Nintendo per la console Wii. È il terzo capitolo della serie Super Smash Bros. e il seguito di Super Smash Bros. Melee.,[],1,"[""Europa""]",2008,Sora e Namco Bandai Games,Nintendo
2699,Wario Land: The Shake Dimension,"[""Wii""]","[""Avventura""]","Wario Land: The Shake Dimension è un videogioco di piattaforme e avventura sviluppato da Nintendo per la console Wii. Il gioco segue le avventure di Wario, il rivale di Mario, mentre esplora un nuovo mondo chiamato Shake Dimension.",[],1,"[""Europa""]",2008,Nintendo,
2700,Mario Strikers Charged Football,"[""Wii""]","[""Sport""]","Mario Strikers Charged Football è un videogioco sportivo sviluppato da Next Level Games e pubblicato da Nintendo per la console Wii nel 2007. Il gioco fa parte della serie Mario Strikers, che combina il calcio con i personaggi e l'ambientazione del franchise di Super Mario.",[],1,"[""Europa""]",2007,Next Level Games,Nintendo
2701,Super Paper Mario,"[""Wii""]","[""Piattaforma""]",Super Paper Mario è un videogioco di ruolo e piattaforma sviluppato da Intelligent Systems e pubblicato da Nintendo per la console Wii nel 2007. Il gioco fa parte della serie Paper Mario ed è il quarto capitolo della serie.,[],1,"[""Europa""]",2007,Intelligent Systems,Nintendo
2702,Super Mario Galaxy 2,"[""Wii""]","[""Avventura""]","Super Mario Galaxy 2 è un videogioco platform sviluppato e pubblicato da Nintendo per la console Wii. È il sequel di Super Mario Galaxy, uscito nel 2007. Il gioco riprende il gameplay del predecessore, con Mario che deve esplorare diversi pianeti e mondi per raccogliere le stelle per salvare la Principessa Peach.",[],1,"[""Europa""]",2010,Nintendo,Nintendo
2703,Super Mario Galaxy,"[""Wii""]","[""Avventura""]","Super Mario Galaxy è un videogioco platform sviluppato e pubblicato da Nintendo per la console Wii. Il gioco è ambientato in un vasto universo di pianeti e galassie, dove Mario deve affrontare nuove sfide e raccogliere le stelle per salvare la Principessa Peach.",[],1,"[""Europa""]",2007,Nintendo,Nintendo
2704,Mario Sports Mix,"[""Wii""]","[""Sport""]","Mario Sports Mix è un videogioco di sport multiplayer sviluppato da Square Enix e pubblicato da Nintendo per la console Wii nel 2010. Il gioco presenta diversi sport come basket, hockey su ghiaccio, pallavolo e dodgeball, con i personaggi della serie Super Mario.",[],1,"[""Europa""]",2010,Square Enix,Nintendo
2705,Mario Tennis,"[""Wii""]","[""Sport""]","Mario Tennis è un videogioco sportivo della serie Mario, sviluppato da Camelot Software Planning e pubblicato da Nintendo per la console Wii.",[],1,"[""Europa""]",2009,Camelot Software Planning,Nintendo
2706,Mario Party 8,"[""Wii""]","[""Party""]","Mario Party 8 è un gioco party per la console Wii, sviluppato da Hudson Soft e pubblicato da Nintendo nel 2007. Il gioco fa parte della popolare serie Mario Party e offre un'esperienza di gioco multiplayer divertente e coinvolgente.",[],1,"[""Europa""]",2007,Hudson Soft,Nintendo
2707,New Super Mario Bros.Wii,"[""Wii""]","[""Piattaforma""]",New Super Mario Bros. Wii è un videogioco di piattaforme sviluppato e pubblicato da Nintendo per la console Wii. È il quinto capitolo principale della serie Super Mario Bros. e il primo per la console Wii.,[],1,"[""Europa""]",2009,Nintendo,Nintendo
2708,Mario Kart Wii,"[""Wii""]","[""Guida""]",Mario Kart Wii è un videogioco di corse kart sviluppato e pubblicato da Nintendo per la console Wii. È il sesto capitolo della serie Mario Kart e il primo ad essere pubblicato per la console Wii.,[],1,"[""Europa""]",2008,Nintendo,Nintendo
2709,Jonny Moseley Mad Trix,"[""Game Boy Advance""]","[""Sport""]","Jonny Moseley Mad Trix è un videogioco di sport invernali sviluppato per Game Boy Advance. Il gioco permette di partecipare a diverse discipline come lo sci freestyle, lo snowboard e il salto con gli sci.",[],1,"[""Europa""]",2002,,
2711,Battle of Giants: Mutant Insects,"[""Nintendo DS""]","[""Picchiaduro"", ""Avventura""]","Battle of Giants: Mutant Insects è un videogioco di combattimento e avventura ambientato in un mondo infestato da insetti mutanti. I giocatori dovranno affrontare battaglie intense contro questi nemici mostruosi, utilizzando una varietà di mosse e abilità per sconfiggerli.",[],1,"[""USA""]",2008,,
2712,Battle of Giants: Dragons,"[""Nintendo DS""]","[""Picchiaduro"", ""Avventura""]","Battle of Giants: Dragons è un videogioco di combattimento e avventura ambientato in un mondo fantasy popolato da draghi. I giocatori possono scegliere tra diversi personaggi e draghi da controllare, impegnandosi in battaglie epiche e in un'avventura che li porterà a esplorare un vasto mondo.",[],1,"[""USA""]",2008,,
2713,Battle of Giants: Dinosaurs,"[""Nintendo DS""]","[""Picchiaduro"", ""Avventura""]",Battle of Giants: Dinosaurs è un videogioco di combattimento e avventura ambientato nell'era dei dinosauri. I giocatori possono scegliere tra diversi tipi di dinosauri e combattere contro altri giocatori o contro l'intelligenza artificiale.,[],1,"[""USA""]",2008,,
2714,Battle of Giants: Dinosaurs Strike,"[""Wii""]","[""Picchiaduro""]",Battle of Giants: Dinosaurs Strike è un videogioco di combattimento in cui i giocatori possono controllare diversi tipi di dinosauri e combattere l'uno contro l'altro.,[],1,"[""USA""]",2009,,
2715,Captain Toad: Treasure Tracker,"[""Switch"", ""Nintendo 3DS""]","[""Rompicapo""]","Captain Toad: Treasure Tracker è un videogioco di rompicapo sviluppato e pubblicato da Nintendo. Il giocatore controlla il Capitano Toad, un personaggio apparso per la prima volta in Super Mario 3D World, mentre esplora livelli tridimensionali alla ricerca di tesori.",[],1,"[""Europa""]",2014,Nintendo,Nintendo
2716,Captain Toad: Treasure Tracker,"[""Switch""]","[""Rompicapo""]","Captain Toad: Treasure Tracker è un gioco di rompicapo in cui il giocatore controlla il Capitano Toad, un personaggio apparso per la prima volta in Super Mario 3D World. Il giocatore deve guidare il Capitano Toad attraverso livelli tridimensionali pieni di enigmi e ostacoli per raccogliere gemme e altri oggetti preziosi.",[],1,"[""Europa""]",2018,,
2718,TimBurton's Nightmare Before Christmas The Pumpkin King,"[""Game Boy Advance""]","[""Avventura""]","Gioco di avventura basato sul film di Tim Burton 'The Nightmare Before Christmas'. Il giocatore assume il ruolo di Jack Skellington, il Re Zucca, e deve esplorare il mondo di Halloween Town per salvare la città e i suoi abitanti.",[],1,"[""Europa""]",2005,,
2719,007 GoldenEye,"[""Nintendo 64""]","[""Azione""]",GoldenEye 007 è un videogioco di spionaggio e azione sviluppato da Rare e pubblicato da Nintendo per Nintendo 64 nel 1997. È basato sull'omonimo film del 1995 con protagonista James Bond.,"[""Inglese""]",0,"[""USA""]",1997,Rare,Nintendo
2720,Dragon Ball: Revenge of King Piccolo,"[""Wii""]","[""Picchiaduro""]",Dragon Ball: Revenge of King Piccolo è un videogioco di combattimento basato sulla serie anime e manga Dragon Ball. Il giocatore può impersonare diversi personaggi della serie e affrontare battaglie contro gli antagonisti.,[],1,"[""Europa""]",2009,,
2721,Crash of the Titans,"[""Wii""]","[""Avventura""]",Crash of the Titans è un videogioco di avventura sviluppato da Radical Entertainment e pubblicato da Vivendi Games per Wii.,"[""Inglese""]",0,"[""USA""]",2007,Radical Entertainment,Vivendi Games
2722,Crash Boom Bang!,"[""Nintendo DS""]","[""Puzzle""]","Crash Boom Bang! è un videogioco della serie Crash Bandicoot, sviluppato da Dimps e pubblicato da Vivendi Games per Nintendo DS nel 2006.",[],1,"[""Europa""]",2006,Dimps,Vivendi Games
2723,Crash Mind Over Mutant,"[""Nintendo DS""]","[""Piattaforma""]",Crash Mind Over Mutant è un videogioco di genere piattaforma sviluppato da Radical Entertainment e pubblicato da Activision per Nintendo DS nel 2008.,[],1,"[""Europa""]",2008,Radical Entertainment,Activision
2724,Crash of the Titans,"[""Nintendo DS""]","[""Piattaforma""]","Crash of the Titans è un videogioco di piattaforme sviluppato da Radical Entertainment e pubblicato da Vivendi Games per Nintendo DS, PlayStation 2, PlayStation Portable, Wii e Xbox 360 nel 2007.",[],1,"[""Europa""]",2007,Radical Entertainment,Vivendi Games
2725,Crash Bandicoot: N. Sane Trilogy,"[""Switch""]","[""Avventura""]","Crash Bandicoot: N. Sane Trilogy è una raccolta di remastered dei primi tre giochi della serie Crash Bandicoot, originariamente pubblicati per PlayStation negli anni '90. La trilogia include Crash Bandicoot, Crash Bandicoot 2: Cortex Strikes Back e Crash Bandicoot: Warped, tutti rimasterizzati con grafica migliorata e nuove funzionalità.",[],1,"[""Europa""]",2018,,
2726,Crash Team Racing Nitro-Fueled,"[""Switch""]","[""Guida""]","Crash Team Racing Nitro-Fueled è un gioco di corse kart sviluppato da Beenox e pubblicato da Activision. È un remake del classico Crash Team Racing del 1999, con grafica aggiornata e contenuti aggiuntivi.",[],1,"[""Europa""]",2019,Beenox,Activision
2727,Crash of the Titans,"[""Game Boy Advance""]","[""Piattaforma""]",Crash of the Titans è un videogioco di piattaforma sviluppato da Radical Entertainment e pubblicato da Vivendi Games per Game Boy Advance nel 2007.,[],1,"[""Europa""]",2007,Radical Entertainment,Vivendi Games
2728,Crash Bandicoot Fusion,"[""Game Boy Advance""]","[""Piattaforma""]",Crash Bandicoot Fusion è un videogioco di piattaforme sviluppato da Vicarious Visions e pubblicato da Universal Interactive Studios per Game Boy Advance nel 2004. Il gioco fa parte della serie Crash Bandicoot.,[],1,"[""Europa""]",2004,Vicarious Visions,Universal Interactive Studios
2729,Crash Bandicoot 2: N-Tranced,"[""Game Boy Advance""]","[""Piattaforma""]",Crash Bandicoot 2: N-Tranced è un videogioco di piattaforme sviluppato da Vicarious Visions e pubblicato da Vivendi Universal Games per Game Boy Advance nel 2003. È uno spin-off della serie Crash Bandicoot e il sequel di Crash Bandicoot: The Huge Adventure.,[],1,"[""Europa""]",2003,Vicarious Visions,Vivendi Universal Games
2730,Crash Bandicoot XS,"[""Game Boy Advance""]","[""Piattaforma""]",Crash Bandicoot XS è un videogioco di piattaforme sviluppato da Vicarious Visions e pubblicato da Universal Interactive Studios per Game Boy Advance nel 2003.,[],1,"[""Europa""]",2003,Vicarious Visions,Universal Interactive Studios
2731,Crash Nitro Kart,"[""Game Boy Advance""]","[""Guida""]",Crash Nitro Kart è un videogioco di corse kart sviluppato da Vicarious Visions e pubblicato da Universal Interactive per Game Boy Advance nel 2003. È uno spin-off della serie Crash Bandicoot.,[],1,"[""Europa""]",2003,Vicarious Visions,Universal Interactive
2732,The Legend of Zelda: Majora's Mask,"[""Nintendo 64""]","[""Avventura"", ""Ruolo""]",The Legend of Zelda: Majora's Mask è un videogioco di ruolo e avventura sviluppato da Nintendo per la console Nintendo 64. È il sesto capitolo della serie The Legend of Zelda ed è ambientato in un mondo alternativo rispetto agli altri giochi della serie.,"[""Inglese""]",0,"[""USA""]",2000,Nintendo,
2733,The Legend of Zelda: The Minish Cap,"[""Game Boy Advance""]","[""Ruolo""]",The Legend of Zelda: The Minish Cap è un videogioco di ruolo d'azione sviluppato da Capcom e pubblicato da Nintendo per Game Boy Advance nel 2004. È il dodicesimo capitolo della serie The Legend of Zelda.,[],1,"[""Europa""]",2004,Capcom,Nintendo
2734,The Legend of Zelda - Il Risveglio Di Link,"[""Game Boy Color""]","[""Ruolo""]","Avventura fantasy in cui il giocatore impersona Link, il protagonista della serie The Legend of Zelda, in una nuova avventura per salvare il regno di Hyrule.",[],1,"[""Europa""]",2001,,
2735,The Legend of Zelda: Ocarina of Time,"[""Nintendo 64""]","[""Avventura"", ""Ruolo""]",The Legend of Zelda: Ocarina of Time è un videogioco di avventura e ruolo sviluppato da Nintendo per Nintendo 64. È il quinto capitolo della serie The Legend of Zelda ed è considerato uno dei migliori e più influenti videogiochi di tutti i tempi.,"[""Inglese""]",0,"[""USA""]",1998,Nintendo,
2736,The Legend of Zelda 2: The Adventure of Link,"[""NES""]","[""Ruolo""]",The Legend of Zelda 2: The Adventure of Link è un videogioco di ruolo pubblicato da Nintendo per Nintendo Entertainment System nel 1987. È il secondo capitolo della serie The Legend of Zelda.,"[""Inglese""]",0,"[""USA""]",1987,,Nintendo
2737,The Legend of Zelda,"[""NES""]","[""Ruolo""]",The Legend of Zelda è un videogioco di ruolo d'azione sviluppato e pubblicato da Nintendo per Nintendo Entertainment System nel 1986. È il primo capitolo della celebre serie The Legend of Zelda.,"[""Inglese""]",0,"[""USA""]",1986,Nintendo,Nintendo
2738,The Legend of Zelda: Four Swords Adventures,"[""GameCube""]","[""Ruolo""]",The Legend of Zelda: Four Swords Adventures è un videogioco d'azione-avventura sviluppato da Nintendo per GameCube. È uno spin-off della serie The Legend of Zelda e segue le avventure di Link e dei suoi cloni.,[],1,"[""Europa""]",2004,Nintendo,
2739,The Legend of Zelda: Twilight Princess,"[""GameCube""]","[""Ruolo""]",The Legend of Zelda: Twilight Princess è un videogioco di ruolo d'azione sviluppato da Nintendo per GameCube e Wii. È il tredicesimo capitolo principale della serie The Legend of Zelda.,[],1,"[""Europa""]",2006,Nintendo,
2740,The Legend of Zelda: Phantom Hourglass,"[""Nintendo DS""]","[""Avventura""]",The Legend of Zelda: Phantom Hourglass è un videogioco di avventura sviluppato da Nintendo per la console portatile Nintendo DS. È il quattordicesimo capitolo della serie The Legend of Zelda ed è il sequel diretto di The Legend of Zelda: The Wind Waker.,[],1,"[""Europa""]",2007,Nintendo,
2741,The Legend of Zelda: Spirit Tracks,"[""Nintendo DS""]","[""Avventura""]","The Legend of Zelda: Spirit Tracks è un videogioco di avventura sviluppato e pubblicato da Nintendo per Nintendo DS nel 2009. Il gioco è ambientato nel regno di Hyrule, dove il protagonista Link deve fermare il malvagio Cancelliere Daltus e salvare la Principessa Zelda.","[""Italiano""]",1,"[""Europa""]",2009,Nintendo,Nintendo
2742,The Legend of Zelda: Oracle of Seasons,"[""Game Boy Color""]","[""Ruolo""]","The Legend of Zelda: Oracle of Seasons è un videogioco di ruolo d'azione sviluppato da Flagship e pubblicato da Nintendo per Game Boy Color nel 2001. È uno dei due giochi della serie Oracle, l'altro essendo The Legend of Zelda: Oracle of Ages.","[""Italiano""]",1,"[""Europa""]",2001,Flagship,Nintendo
2743,The Legend of Zelda: Oracle of Ages,"[""Game Boy Color""]","[""Ruolo""]","The Legend of Zelda: Oracle of Ages è un videogioco di ruolo d'azione sviluppato da Flagship e pubblicato da Nintendo per Game Boy Color nel 2001. È uno dei due giochi della serie Oracle, l'altro essendo The Legend of Zelda: Oracle of Seasons.",[],1,"[""Europa""]",2001,Flagship,Nintendo
2744,The Legend of Zelda: Skyward Sword,"[""Wii""]","[""Avventura"", ""Azione"", ""Ruolo""]","The Legend of Zelda: Skyward Sword è un videogioco di avventura e azione sviluppato e pubblicato da Nintendo per la console Wii. È il sedicesimo capitolo della serie The Legend of Zelda e il primo ad essere stato sviluppato specificamente per la Wii, sfruttando i controlli di movimento del controller Wii Remote.",[],1,"[""Europa""]",2011,Nintendo,Nintendo
2746,The Legend of Zelda: Link's Awakening,"[""Switch""]","[""Avventura"", ""Azione"", ""Ruolo""]","The Legend of Zelda: Link's Awakening è un remake del classico gioco per Game Boy del 1993. Il giocatore controlla Link, il protagonista della serie The Legend of Zelda, in un'avventura ambientata sull'isola di Koholint. Link deve esplorare l'isola, risolvere enigmi e sconfiggere nemici per risvegliare il Pesce Vento e poter tornare a casa.",[],1,"[""Internazionale""]",2019,,
2748,The Legend of Zelda: Breath of the Wild,"[""Switch""]","[""Ruolo""]",The Legend of Zelda: Breath of the Wild è un videogioco d'azione e avventura open world sviluppato e pubblicato da Nintendo per Nintendo Switch e Wii U nel 2017. È il diciannovesimo capitolo principale della serie The Legend of Zelda.,[],1,"[""Europa""]",2017,Nintendo,Nintendo
2749,Cadence of Hyrule - Crypt of the NecroDancer featuring The Legend of Zelda,"[""Switch""]","[""Ruolo""]","Cadence of Hyrule è un gioco di ruolo ritmico che combina il gameplay di Crypt of the NecroDancer con l'universo di The Legend of Zelda. Esplora il regno di Hyrule, combatti contro nemici e boss al ritmo della musica, e scopri nuovi segreti e tesori.",[],1,"[""USA""]",2019,,
2750,Dragon Ball Z: Budokai Tenkaichi 3,"[""Wii""]","[""Picchiaduro""]","Dragon Ball Z: Budokai Tenkaichi 3 è un videogioco di combattimento basato sulla popolare serie anime e manga Dragon Ball Z. Il gioco offre un'ampia selezione di personaggi giocabili, ognuno con le proprie abilità e mosse speciali, e permette ai giocatori di rivivere le battaglie più iconiche della serie.",[],1,"[""Europa""]",2007,,
2751,Jump Ultimate stars,"[""Nintendo DS""]","[""Picchiaduro""]",Videogioco picchiaduro che vede protagonisti numerosi personaggi provenienti da famose serie manga e anime giapponesi.,[],1,"[""Europa""]",2008,,
2753,Dragonball Z Attack Of The Saiyans,"[""Nintendo DS""]","[""Picchiaduro""]",Dragonball Z Attack Of The Saiyans è un videogioco di genere picchiaduro ambientato nell'universo di Dragon Ball Z. Il gioco permette ai giocatori di rivivere le principali battaglie della saga dei Saiyan.,[],1,"[""Europa""]",2009,,
2754,Dragon Ball Origins 2,"[""Nintendo DS""]","[""Picchiaduro""]",Dragon Ball Origins 2 è un videogioco di genere picchiaduro basato sulla serie anime e manga Dragon Ball. Il gioco permette ai giocatori di rivivere le avventure di Goku e dei suoi amici attraverso una serie di battaglie e missioni.,[],1,"[""Europa""]",2010,,
2755,Dragonball Origins,"[""Nintendo DS""]","[""Picchiaduro""]",Dragonball Origins è un videogioco di combattimento basato sulla popolare serie anime e manga Dragonball.,[],1,"[""Europa""]",,,
2758,Dragonball GT Transformation,"[""Game Boy Advance""]","[""Picchiaduro""]",Dragonball GT Transformation è un videogioco di genere picchiaduro ambientato nell'universo di Dragon Ball GT.,"[""Inglese""]",0,"[""USA""]",,,
2759,Dragon Ball Z: Buu's Fury,"[""Game Boy Advance""]","[""Picchiaduro""]","Dragon Ball Z: Buu's Fury è un videogioco di combattimento basato sulla serie anime Dragon Ball Z. Il gioco segue gli eventi della saga di Majin Bu, in cui i protagonisti devono affrontare la minaccia di Majin Bu, un potente essere malvagio.","[""Inglese""]",0,"[""USA""]",2004,,
2760,Dragonball Advanced Adventure,"[""Game Boy Advance""]","[""Picchiaduro""]","Dragonball Advanced Adventure è un videogioco di genere picchiaduro ambientato nell'universo di Dragon Ball, sviluppato e pubblicato per Game Boy Advance.",[],1,"[""Europa""]",2003,,
2762,Dragonball Z Supersonic Warriors,"[""Game Boy Advance""]","[""Picchiaduro""]",Dragonball Z Supersonic Warriors è un videogioco di combattimento basato sulla popolare serie anime e manga Dragonball Z. Il gioco permette ai giocatori di scegliere tra diversi personaggi iconici della serie e di affrontarsi in battaglie intense e spettacolari.,[],1,"[""Europa""]",2004,,
2764,Dragon Ball FighterZ,"[""Switch""]","[""Picchiaduro""]",Dragon Ball FighterZ è un picchiaduro in 2D sviluppato da Arc System Works e pubblicato da Bandai Namco Entertainment. Il gioco si basa sull'universo di Dragon Ball e presenta un roster di personaggi tratti dalla serie anime e manga.,[],1,"[""Europa""]",2018,Arc System Works,Bandai Namco
2765,Dragonball Z Legendary Superwarriors,"[""Game Boy Color""]","[""Picchiaduro""]","Dragonball Z Legendary Superwarriors è un videogioco di genere picchiaduro ambientato nell'universo di Dragon Ball Z, sviluppato e pubblicato per Game Boy Color.",[],1,"[""Europa""]",2000,,
2766,Dragonball Z Collectible Card Game,"[""Game Boy Advance""]","[""Picchiaduro""]","Dragonball Z Collectible Card Game è un gioco di carte collezionabili basato sull'universo di Dragon Ball Z. I giocatori possono costruire mazzi personalizzati con carte raffiguranti personaggi, abilità e oggetti del franchise.","[""Inglese""]",0,"[""USA""]",,,
2767,Dragonball Z Taiketsu,"[""Game Boy Advance""]","[""Picchiaduro""]",Dragonball Z Taiketsu è un videogioco di combattimento basato sulla popolare serie anime e manga Dragonball Z. Il gioco permette ai giocatori di scegliere tra diversi personaggi iconici della serie e di affrontarli in battaglie one-on-one.,[],1,"[""Europa""]",2003,,
2768,Dragonball Z: The Legacy of Goku 2,"[""Game Boy Advance""]","[""Picchiaduro""]","Dragonball Z: The Legacy of Goku 2 è un videogioco di genere picchiaduro ambientato nell'universo di Dragon Ball Z. Il gioco segue gli eventi della serie animata, permettendo ai giocatori di rivivere le battaglie più iconiche.",[],1,"[""Europa""]",2003,,
2769,Dragon Ball Z: Legacy of Goku,"[""Game Boy Advance""]","[""Picchiaduro""]","Dragon Ball Z: Legacy of Goku è un videogioco di combattimento basato sulla popolare serie anime Dragon Ball Z. Il gioco segue la trama della serie, permettendo ai giocatori di impersonare diversi personaggi della saga e affrontare i nemici iconici della serie.",[],1,"[""Europa""]",2002,,
2771,Dragon Ball Z Supersonic Warriors 3,"[""SNES""]","[""Picchiaduro""]",Dragon Ball Z Supersonic Warriors 3 è un videogioco di combattimento basato sulla popolare serie anime Dragon Ball Z. Il gioco permette ai giocatori di scegliere tra una vasta selezione di personaggi iconici della serie e di affrontarli in battaglie intense e spettacolari.,"[""Giapponese""]",0,"[""Giappone""]",,,
2772,Dragon Ball Z Supersonic Warriors 2,"[""Nintendo DS""]","[""Picchiaduro""]",Dragon Ball Z Supersonic Warriors 2 è un videogioco di combattimento basato sulla serie anime Dragon Ball Z. Il gioco permette ai giocatori di scegliere tra una vasta selezione di personaggi della serie e di combattere in battaglie one-on-one.,"[""Giapponese""]",0,"[""Giappone""]",2005,,
2774,Dragon Warrior Monsters,"[""Game Boy Color""]","[""Ruolo""]",Dragon Warrior Monsters è un gioco di ruolo per Game Boy Color sviluppato da Chunsoft e pubblicato da Enix nel 1998. Il gioco segue le avventure di un giovane protagonista che deve catturare e addestrare mostri per affrontare sfide e sconfiggere nemici.,[],1,"[""Europa""]",1998,Chunsoft,Enix
2775,Dragon Quest Swords: The Masked Queen and the Tower of Mirrors,"[""Wii""]","[""Ruolo""]","Dragon Quest Swords: The Masked Queen and the Tower of Mirrors è un gioco di ruolo per la console Wii, sviluppato da Square Enix e pubblicato nel 2007. Il gioco è ambientato nell'universo di Dragon Quest e segue le avventure di un eroe che deve affrontare una regina mascherata e la Torre degli Specchi.",[],1,"[""Europa""]",2007,Square Enix,
2776,Dragon Quest Builders 2,"[""Switch""]","[""Ruolo""]","Dragon Quest Builders 2 è un gioco di ruolo e costruzione che combina elementi di Dragon Quest e Minecraft. I giocatori possono esplorare un vasto mondo, raccogliere risorse, costruire strutture e combattere mostri per aiutare a ricostruire un mondo devastato.",[],1,"[""USA""]",2019,,
2777,Dragon Quest IX: Le Sentinelle del Cielo,"[""Nintendo DS""]","[""Ruolo""]",Dragon Quest IX: Le Sentinelle del Cielo è un gioco di ruolo sviluppato da Level-5 e pubblicato da Square Enix per Nintendo DS. Il gioco è ambientato in un mondo fantasy e segue le avventure di un angelo custode che deve aiutare gli umani sulla Terra.,"[""Italiano""]",1,"[""Europa""]",2010,Level-5,Square Enix
2778,Dragon Quest VI: Nel Regno Dei Sogni,"[""Nintendo DS""]","[""Ruolo""]",Dragon Quest VI: Nel Regno Dei Sogni è un gioco di ruolo sviluppato da Square Enix e pubblicato per Nintendo DS nel 2010. Il gioco è il sesto capitolo della serie Dragon Quest ed è ambientato in un mondo diviso tra il regno dei sogni e il mondo reale.,"[""Italiano""]",1,"[""Europa""]",2010,Square Enix,
2779,Dragon Quest V - La sposa del destino,"[""Nintendo DS""]","[""Ruolo""]","Dragon Quest V è un gioco di ruolo giapponese sviluppato da Square Enix per Nintendo DS. È il quinto capitolo della serie Dragon Quest ed è considerato uno dei migliori giochi della saga. Il gioco segue le avventure di un protagonista che attraversa diverse fasi della sua vita, dalla nascita all'età adulta, affrontando numerose sfide e incontrando personaggi memorabili.","[""Italiano""]",1,"[""Europa""]",2009,Square Enix,
2780,Dragon Quest IV - Le Cronache dei Prescelti,"[""Nintendo DS""]","[""Ruolo""]","Dragon Quest IV - Le Cronache dei Prescelti è un gioco di ruolo sviluppato da Square Enix e pubblicato per Nintendo DS nel 2008. È il quarto capitolo della serie Dragon Quest, originariamente pubblicato per Famicom nel 1990 in Giappone.",[],1,"[""Europa""]",2008,Square Enix,
2781,Dragon Quest 3 - Into the Legend,"[""SNES""]","[""Ruolo""]","Dragon Quest 3 - Into the Legend è un gioco di ruolo classico sviluppato da Square Enix per il Super Nintendo Entertainment System (SNES). È il terzo capitolo della popolare serie Dragon Quest, noto anche come Dragon Warrior in Nord America.","[""Inglese""]",0,"[""USA""]",1992,Square Enix,
2782,Dragon Quest I-II,"[""SNES""]","[""Ruolo""]","Dragon Quest I-II è una raccolta di due classici giochi di ruolo della serie Dragon Quest, originariamente pubblicati per Nintendo Entertainment System. Il primo gioco, Dragon Quest I, è il gioco che ha dato vita alla popolare serie di JRPG, mentre il secondo gioco, Dragon Quest II, ha ampliato e migliorato il gameplay del primo capitolo.","[""Inglese""]",0,"[""USA""]",1993,,
2783,Animal Crossing: New Horizons,"[""Switch""]","[""Avventura"", ""Simulazione""]",Animal Crossing: New Horizons è un videogioco di simulazione di vita e avventura sviluppato e pubblicato da Nintendo per Nintendo Switch. È il quinto capitolo principale della serie Animal Crossing.,"[""Italiano""]",1,"[""Europa""]",2020,Nintendo,Nintendo
2784,Animal Crossing: City Folk,"[""Wii""]","[""Avventura"", ""Simulazione""]",Animal Crossing: City Folk è un videogioco di simulazione di vita e avventura sviluppato e pubblicato da Nintendo per la console Wii. Il gioco fa parte della serie Animal Crossing e rappresenta il terzo capitolo principale della serie.,[],1,"[""Europa""]",2008,Nintendo,Nintendo
2785,Animal Crossing,"[""GameCube""]","[""Avventura"", ""Simulazione""]","Animal Crossing è un videogioco di simulazione di vita in cui il giocatore controlla un personaggio che si trasferisce in un villaggio abitato da animali antropomorfi. Il giocatore può interagire con i residenti, raccogliere risorse, personalizzare la propria casa e partecipare a varie attività quotidiane.",[],1,"[""Europa""]",2001,,
2786,Animal Crossing: Wild World,"[""Nintendo DS""]","[""Avventura"", ""Simulazione""]","Animal Crossing: Wild World è un videogioco di simulazione di vita e avventura sviluppato e pubblicato da Nintendo per Nintendo DS nel 2005. Il gioco permette ai giocatori di creare e personalizzare il proprio villaggio, interagire con gli abitanti, raccogliere risorse e partecipare a varie attività quotidiane.","[""Inglese""]",1,"[""Europa""]",2005,Nintendo,Nintendo
2787,World Racing 2: Champion Edition,"[""PC""]","[""Simulazione"", ""Guida""]",Gioco di simulazione di guida ambientato in Europa.,[],1,"[""Europa""]",,,
2788,Surgeon Simulator 2,"[""PC""]","[""Simulazione""]","Surgeon Simulator 2 è un gioco di simulazione medica in cui il giocatore assume il ruolo di un chirurgo alle prese con interventi chirurgici impegnativi e spesso esilaranti. Il gioco offre una vasta gamma di strumenti e procedure mediche da utilizzare durante le operazioni, con un'enfasi sulla fisica realistica e sul controllo manuale degli strumenti.",[],1,"[""Europa""]",2020,,
2789,Overpass,"[""PC""]","[""Guida""]",Overpass è un gioco di guida off-road che ti sfida a navigare attraverso terreni accidentati e ostacoli naturali. Esplora ambienti diversi e affronta sfide impegnative per dimostrare le tue abilità di guida.,[],1,"[""Europa""]",2020,,
2791,Super Mario 64 HD Fan Remake,"[""PC""]","[""Avventura""]","Versione per Windows, Mac e Linux. Scegli la versione che vuoi, imposta i settaggi grafici nel launcher, avvia il gioco e vai su Controller per impostare i comandi da tastiera o controller. Clicca sulla Stella per iniziare subito a giocare.","[""Inglese""]",0,"[""Europa""]",,,
2792,Shaolin vs Wutang 2,"[""PC""]","[""Picchiaduro""]","Sequel del popolare gioco di arti marziali Shaolin vs Wutang, ambientato nell'antica Cina e incentrato sullo scontro tra le scuole di Shaolin e Wu Tang.","[""Italiano""]",1,"[""Europa""]",,,
2793,Ghost Master,"[""PC""]","[""Strategia""]","Ghost Master è un gioco di strategia in cui il giocatore assume il ruolo di un fantasma maestro, con l'obiettivo di spaventare e terrorizzare gli umani in vari scenari. Il giocatore può controllare e coordinare un gruppo di fantasmi con abilità uniche per creare situazioni di panico e caos.",[],1,"[""Europa""]",2003,,
2794,Need for Speed: Underground 2,"[""PC""]","[""Guida""]",Need for Speed: Underground 2 è un videogioco di corse automobilistiche sviluppato da EA Black Box e pubblicato da Electronic Arts nel 2004. Il gioco è ambientato in una città fittizia chiamata Bayview e permette ai giocatori di personalizzare e potenziare le proprie auto per competere in gare clandestine.,[],1,"[""Europa""]",2004,EA Black Box,Electronic Arts
2797,Blasphemous Digital Deluxe Edition,"[""PC""]","[""Azione""]","Blasphemous è un gioco di azione-avventura con elementi di metroidvania ambientato in un mondo oscuro e distorto, ispirato alla cultura spagnola e al cattolicesimo. Questa edizione digitale deluxe include il gioco base e i seguenti DLC: Blasphemous - Libro d'arte digitale, Blasphemous - Fumetto digitale, Blasphemous - OST, Blasphemous - Pelle del personaggio Alloy of Sin, Blasphemous - Skin per il Kickstarter Golden Burden.",[],1,"[""Europa""]",2019,,
2798,DuckTales Remastered,"[""PC""]","[""Piattaforma""]",DuckTales Remastered è un videogioco di piattaforme sviluppato da WayForward Technologies e pubblicato da Capcom nel 2013. È un remake del classico DuckTales del 1989 per Nintendo Entertainment System.,"[""Inglese""]",1,"[""Europa""]",2013,WayForward Technologies,Capcom
2803,City Car Driving,"[""PC""]","[""Guida"", ""Simulazione""]","City Car Driving è un simulatore di guida realistico che ti permette di sperimentare la guida di diverse auto in un ambiente urbano dettagliato. Esplora la città, affronta il traffico e metti alla prova le tue abilità di guida.",[],1,"[""Europa""]",2016,,
2804,Power Rangers: Battle for the Grid,"[""PC""]","[""Picchiaduro""]",Power Rangers: Battle for the Grid è un picchiaduro che permette ai giocatori di scontrarsi con i loro personaggi preferiti della serie TV Power Rangers.,"[""Italiano"", ""Inglese""]",0,"[""Europa""]",2019,,
2809,Automatic the Car Company Tycoon,"[""PC""]","[""Simulazione""]","Diventa il re delle automobili! Crea, gestisci e fai crescere la tua casa automobilistica in questo appassionante gioco di simulazione.",[],1,"[""Europa""]",,,
2810,Outlast 2,"[""PC""]","[""Simulazione"", ""Horror""]","Outlast 2 è un gioco di sopravvivenza horror in prima persona ambientato in un remoto villaggio rurale. Il giocatore assume il ruolo di Blake Langermann, un cameraman che insieme alla moglie Lynn indaga su un misterioso omicidio. La coppia si ritrova presto intrappolata in una comunità isolata e sinistra, dove dovranno lottare per la sopravvivenza.","[""Italiano""]",1,"[""Europa""]",2017,,
2812,Football Manager 2020,"[""PC""]","[""Sport""]","Football Manager 2020 è il gioco di gestione calcistica più realistico e completo sul mercato. Mettiti alla guida della tua squadra del cuore e portala al successo, gestendo ogni aspetto della vita del club, dal mercato ai rapporti con i giocatori e la tifoseria.",[],1,"[""Europa""]",2020,,
2813,Ryse: Son of Rome,"[""PC""]","[""Azione""]","Ryse: Son of Rome è un videogioco d'azione ambientato nell'Impero Romano. Il giocatore impersona Marius Titus, un comandante romano che combatte per vendicare l'uccisione della sua famiglia. Il gioco offre combattimenti in stile hack and slash, con l'utilizzo di armi e abilità speciali.",[],1,"[""Europa""]",2013,,
2814,Goat Simulator,"[""PC""]","[""Simulazione""]","Goat Simulator è un gioco di simulazione in cui il giocatore controlla una capra e può compiere azioni assurde e divertenti, come distruggere l'ambiente circostante, saltare da grandi altezze o causare caos generale.",[],1,"[""Europa""]",2014,,
2815,Call of Duty Gold Edition,"[""PC""]","[""Sparatutto""]",Call of Duty Gold Edition è un'edizione speciale del celebre sparatutto in prima persona ambientato durante la Seconda Guerra Mondiale.,[],1,"[""Europa""]",,,
2817,Minecraft Dungeons,"[""PC""]","[""Avventura"", ""Ruolo""]","Minecraft Dungeons è un gioco di ruolo e avventura ambientato nell'universo di Minecraft. I giocatori esplorano dungeon proceduralmente generati, combattono nemici e raccolgono bottino.","[""Italiano"", ""Inglese""]",0,"[""Europa""]",2020,,
2818,Toy Story 2: Buzz Lightyear to the Rescue,"[""PC""]","[""Avventura"", ""Azione"", ""Guida"", ""Sparatutto""]","Basato sul film Toy Story 2, il gioco segue le avventure di Buzz Lightyear mentre cerca di salvare Woody dalle grinfie del collezionista Al McWhiggin.",[],1,"[""Europa""]",1999,,
2821,Mortal Kombat 9 2D MUGEN ver. 2020,"[""PC""]","[""Picchiaduro""]","Mortal Kombat 9 2D MUGEN ver. 2020 è una versione fan-made del celebre picchiaduro Mortal Kombat 9, realizzata utilizzando il motore di gioco MUGEN e adattata per il PC.",[],1,"[""USA""]",2020,,
2822,Tomb Raider - Legend,"[""PC""]","[""Avventura"", ""Azione""]",Tomb Raider - Legend è un videogioco di avventura e azione sviluppato da Crystal Dynamics e pubblicato da Eidos Interactive nel 2006.,[],1,"[""Europa""]",2006,Crystal Dynamics,Eidos Interactive
2824,Pro Evolution Soccer 2006,"[""PC""]","[""Sport""]",Pro Evolution Soccer 2006 è un videogioco di calcio sviluppato e pubblicato da Konami. È il sesto capitolo della serie Pro Evolution Soccer ed è stato rilasciato nel 2005.,[],1,"[""Europa""]",2005,Konami,Konami
2825,Fable Anniversary,"[""PC""]","[""Avventura"", ""Azione""]","Fable Anniversary è una riedizione rimasterizzata del classico gioco di ruolo d'azione Fable, originariamente pubblicato nel 2004 per Xbox. Il gioco offre una grafica aggiornata, nuovi contenuti e miglioramenti al gameplay, mantenendo intatta l'esperienza di gioco originale.",[],1,"[""Europa""]",2014,,
2826,Grand Theft Auto: San Andreas,"[""PC""]","[""Azione"", ""Guida"", ""Simulazione""]","Grand Theft Auto: San Andreas è un videogioco d'azione e avventura open world sviluppato da Rockstar North e pubblicato da Rockstar Games. È la settima iterazione della serie Grand Theft Auto ed è ambientato nel 1992 nello stato fittizio di San Andreas, ispirato alla California meridionale. Il gioco segue le vicende di Carl 'CJ' Johnson, che torna nella sua città natale di Los Santos dopo cinque anni di assenza, per scoprire che la sua famiglia e il suo quartiere sono caduti in rovina. Dovrà quindi affrontare una serie di missioni per ricostruire il suo impero criminale e riconquistare il controllo delle strade.","[""Inglese""]",0,"[""Europa""]",2004,Rockstar North,Rockstar Games
2827,"Koda, fratello orso","[""PC""]","[""Avventura""]","Koda, fratello orso è un videogioco d'avventura basato sul film Disney del 2003 con lo stesso titolo. Il giocatore assume il ruolo di Koda, un giovane orso che deve affrontare diverse sfide e pericoli nella foresta per ritrovare sua madre.",[],1,"[""Europa""]",2003,,
2830,Crash Bandicoot 4 it's about time,"[""PC""]","[""Avventura"", ""Piattaforma""]",Dimensione 345.09 MB,[],1,"[""Europa""]",2020,,
2831,Crash Bandicoot 4: It's About Time,"[""PC""]","[""Avventura"", ""Piattaforma""]","Crash Bandicoot 4: It's About Time è un videogioco di avventura e piattaforma sviluppato da Toys for Bob e pubblicato da Activision. È il quarto capitolo principale della serie Crash Bandicoot, ambientato dopo gli eventi di Crash Bandicoot 3: Warped.",[],1,"[""Europa""]",2020,Toys for Bob,Activision
2834,Dragon Quest Builders 2,"[""PC""]","[""Ruolo""]","Dragon Quest Builders 2 è un gioco di ruolo e costruzione che combina elementi di Dragon Quest e Minecraft. I giocatori possono esplorare un vasto mondo, raccogliere risorse, costruire strutture e combattere mostri per aiutare a ricostruire il mondo.",[],1,"[""Europa""]",2019,,
2835,Dragon Ball Xenoverse 2,"[""PC""]","[""Azione"", ""Picchiaduro"", ""Avventura""]","Dragon Ball Xenoverse 2 è un videogioco di combattimento e avventura ambientato nell'universo di Dragon Ball. Il giocatore può creare il proprio personaggio personalizzandone l'aspetto e le abilità, e partecipare a battaglie contro altri giocatori o contro i personaggi della serie.",[],1,"[""Europa""]",2016,,
2837,Mortal Kombat 11 (Tutti DLC),"[""PC""]","[""Picchiaduro""]",Mortal Kombat 11 è un videogioco picchiaduro sviluppato da NetherRealm Studios e pubblicato da Warner Bros. Interactive Entertainment. È l'undicesimo capitolo principale della serie Mortal Kombat.,[],1,"[""Europa""]",2019,NetherRealm Studios,Warner Bros
2838,Mortal Kombat XL,"[""PC""]","[""Picchiaduro""]","Mortal Kombat XL è un videogioco di combattimento sviluppato e pubblicato da Warner Bros. Interactive Entertainment. È un'edizione ampliata di Mortal Kombat X, che include tutti i contenuti scaricabili (DLC) rilasciati fino a quel momento.",[],1,"[""Europa""]",2016,Warner Bros,Warner Bros
2839,Mortal Kombat Komplete Edition,"[""PC""]","[""Picchiaduro""]","Mortal Kombat Komplete Edition è la versione definitiva del celebre picchiaduro Mortal Kombat, che include tutti i contenuti aggiuntivi e i personaggi sbloccabili. Offre un'esperienza di gioco completa e coinvolgente per gli appassionati della serie.",[],1,"[""Europa""]",2012,,
2840,Mortal Kombat Trilogy,"[""PC""]","[""Picchiaduro""]",Mortal Kombat Trilogy è un videogioco picchiaduro sviluppato e pubblicato da Midway nel 1996. È una raccolta che include personaggi e livelli dai primi tre capitoli della serie Mortal Kombat.,"[""Inglese""]",0,"[""Europa""]",1996,Midway,Midway
2841,Mortal Kombat 4,"[""PC""]","[""Picchiaduro""]",Mortal Kombat 4 è un videogioco picchiaduro sviluppato e pubblicato da Midway Games nel 1997. È il quarto capitolo della serie Mortal Kombat ed è il primo ad essere realizzato in grafica tridimensionale.,[],1,"[""Europa""]",1997,Midway Games,Midway Games
2842,The Elder Scrolls V: Skyrim - Legendary Edition,"[""PC""]","[""Azione"", ""Avventura"", ""Strategia""]","The Elder Scrolls V: Skyrim è un gioco di ruolo open world ambientato nell'universo fantasy di The Elder Scrolls. Il giocatore assume il ruolo dell'Ultimo Dragonborn, un eroe destinato a salvare Skyrim e il mondo da un'antica minaccia.",[],1,"[""Europa""]",2011,,
2843,The Elder Scrolls V: Skyrim - Special Edition,"[""PC""]","[""Azione"", ""Avventura"", ""Strategia""]","The Elder Scrolls V: Skyrim - Special Edition è un gioco di ruolo open world ambientato nell'universo fantasy di The Elder Scrolls. Il giocatore assume il ruolo dell'Ultimo Dragonborn, un eroe destinato a salvare Skyrim e il mondo da un'antica minaccia.",[],1,"[""Europa""]",2016,,
2844,Kane & Lynch 2: Dog days - Complete,"[""PC""]","[""Azione"", ""Sparatutto""]",Kane & Lynch 2: Dog Days è un videogioco d'azione e sparatutto in terza persona sviluppato da IO Interactive e pubblicato da Square Enix nel 2010.,[],1,"[""Europa""]",2010,IO Interactive,Square Enix
2845,Planet Alpha,"[""PC""]","[""Avventura""]","Planet Alpha è un gioco di avventura in cui il giocatore esplora un pianeta alieno e si immerge in un'atmosfera mistica e affascinante. Il gioco offre un'esperienza di gioco immersiva e coinvolgente, con una trama intrigante e paesaggi mozzafiato.",[],1,"[""Europa""]",2018,,
2846,Kkrieger,"[""PC""]","[""Sparatutto""]","Kkrieger è un videogioco sparatutto in prima persona sviluppato da Farbrausch e pubblicato nel 2004. È noto per essere stato creato con una dimensione del file estremamente ridotta, di soli 96 kilobyte.",[],1,"[""Europa""]",2004,Farbrausch,
2847,Prince of Persia: Le sabbie del tempo,"[""PC""]","[""Azione"", ""Simulazione"", ""Avventura""]","Prince of Persia: Le sabbie del tempo è un videogioco di azione-avventura sviluppato da Ubisoft Montreal e pubblicato da Ubisoft nel 2003. Il gioco è ambientato nell'antica Persia e segue le avventure del Principe, che si ritrova in possesso di un pugnale magico in grado di manipolare il tempo.",[],1,"[""Europa""]",2003,Ubisoft Montreal,Ubisoft
2848,Pitfall: Mayan Adventure,"[""PC""]","[""Piattaforma""]",Pitfall: Mayan Adventure è un videogioco di piattaforme sviluppato e pubblicato da Activision nel 1994. È il sequel del classico Pitfall! del 1982 e segue le avventure di Pitfall Harry mentre esplora le rovine maya alla ricerca di tesori.,[],1,"[""Europa""]",1994,Activision,Activision
2850,Assassin's Creed: Odyssey Ultimate Edition,"[""PC""]","[""Azione"", ""Avventura""]","Ambientato nell'antica Grecia, Assassin's Creed: Odyssey ti immerge in un'epica avventura in un mondo aperto ricco di scelte e conseguenze. Scegli tra Alexios o Kassandra, due mercenari spartani, e parti alla scoperta di un mondo in guerra, dove dovrai affrontare nemici potenti e prendere decisioni che avranno un impatto sulla tua storia e sul destino dell'antica Grecia.",[],1,"[""Europa""]",2018,,
2851,Assassin's Creed: Origins,"[""PC""]","[""Azione"", ""Avventura""]","Ambientato nell'antico Egitto, Assassin's Creed: Origins racconta la storia delle origini dell'Ordine degli Assassini. Il giocatore impersona Bayek, una guida protettrice del deserto, che cerca vendetta per la morte di suo figlio e si ritrova a essere il fondatore della Confraternita degli Assassini.",[],1,"[""Europa""]",2017,,
2852,Assassin's Creed Syndicate,"[""PC""]","[""Azione"", ""Avventura""]","Ambientato nella Londra vittoriana del 1868, Assassin's Creed Syndicate segue le vicende dei gemelli Jacob e Evie Frye, due Assassini che lottano per liberare la città dal dominio dei Templari.",[],1,"[""Europa""]",2015,,
2853,Assassin's Creed: Unity,"[""PC""]","[""Azione"", ""Avventura""]","Assassin's Creed: Unity è un videogioco d'azione e avventura sviluppato da Ubisoft Montréal e pubblicato da Ubisoft per Microsoft Windows, PlayStation 4 e Xbox One nel 2014.","[""Italiano""]",0,"[""Europa""]",2014,Ubisoft Montréal,Ubisoft
2854,Assassin's Creed Rogue,"[""PC""]","[""Azione"", ""Avventura""]",Assassin's Creed Rogue è un videogioco d'azione e avventura sviluppato da Ubisoft Sofia e pubblicato da Ubisoft. È il settimo capitolo principale della serie Assassin's Creed.,[],1,"[""Europa""]",2014,Ubisoft Sofia,Ubisoft
2855,Assassin's Creed IV: Black Flag,"[""PC""]","[""Azione"", ""Avventura""]",Assassin's Creed IV: Black Flag - Jackdaw Edition v1.07 + Tutti i DLCs,[],1,"[""Europa""]",2013,,
2856,Assassin's Creed III Remastered,"[""PC""]","[""Azione"", ""Avventura""]",Assassin's Creed III Remastered + Day 1 Patch + Tutti i DLCs + AC Liberation,[],1,"[""Europa""]",2019,,
2857,Assassin's Creed: Revelations,"[""PC""]","[""Azione"", ""Avventura""]",Assassin's Creed: Revelations è un videogioco d'azione e avventura sviluppato da Ubisoft Montreal e pubblicato da Ubisoft. È il quarto capitolo principale della serie Assassin's Creed.,[],1,"[""Europa""]",2011,Ubisoft Montreal,Ubisoft
2858,Assassin's Creed Brotherhood,"[""PC""]","[""Azione"", ""Avventura""]","Assassin's Creed Brotherhood è un videogioco d'azione e avventura sviluppato da Ubisoft Montreal e pubblicato da Ubisoft. È il terzo capitolo principale della serie Assassin's Creed, nonché il seguito diretto di Assassin's Creed II.",[],1,"[""Europa""]",2010,Ubisoft Montreal,Ubisoft
2859,Assassin's Creed II,"[""PC""]","[""Azione"", ""Avventura""]",Assassin's Creed II è un videogioco d'azione e avventura sviluppato da Ubisoft Montreal e pubblicato da Ubisoft. È il secondo capitolo della serie Assassin's Creed.,[],1,"[""Europa""]",2009,Ubisoft Montreal,Ubisoft
2860,Assassin's Creed,"[""PC""]","[""Azione"", ""Avventura""]","Assassin's Creed è un videogioco di azione-avventura sviluppato da Ubisoft Montreal e pubblicato da Ubisoft nel 2007. Il gioco è ambientato durante il Terzo Crociate e segue le vicende di Altaïr Ibn-La'Ahad, un assassino membro dell'Ordine degli Assassini.",[],1,"[""Europa""]",2007,Ubisoft Montreal,Ubisoft
2861,Marvel's Avengers,"[""PC""]","[""Avventura"", ""Azione"", ""Ruolo""]",Marvel's Avengers è un videogioco di azione e avventura ambientato nell'universo Marvel. I giocatori possono vestire i panni di diversi supereroi degli Avengers e affrontare missioni cooperative o in singolo giocatore.,"[""Italiano""]",1,"[""Europa""]",2020,,
2862,Cuphead,"[""PC""]","[""Sparatutto"", ""Arcade""]","Cuphead è un gioco di azione a scorrimento laterale con uno stile visivo ispirato agli anni '30. Il giocatore controlla Cuphead o Mugman, due fratelli tazze che devono affrontare una serie di boss per ripagare un debito con il diavolo.",[],1,"[""Europa""]",2017,,
2863,Final Fantasy VII,"[""PC""]","[""Ruolo"", ""Avventura"", ""Azione""]",Final Fantasy VII è un videogioco di ruolo sviluppato e pubblicato da Square per PlayStation nel 1997. È il settimo capitolo della serie Final Fantasy ed è considerato uno dei videogiochi più influenti e acclamati di tutti i tempi.,[],1,"[""Europa""]",1997,Square,Square
2864,Psi-Ops: The Mindgate Conspiracy,"[""PC""]","[""Azione"", ""Sparatutto"", ""Avventura""]","Psi-Ops: The Mindgate Conspiracy è un videogioco di azione e avventura sviluppato da Midway Games e pubblicato nel 2004. Il giocatore assume il ruolo di Nick Scryer, un agente con abilità psichiche che deve affrontare una cospirazione globale.",[],1,"[""Europa""]",2004,Midway Games,
2865,Devil May Cry 4,"[""PC""]","[""Azione""]",Devil May Cry 4 è un videogioco d'azione sviluppato e pubblicato da Capcom. È il quarto capitolo della serie Devil May Cry.,[],1,"[""Europa""]",2008,Capcom,Capcom
2866,Devil May Cry 4 Special Edition,"[""PC""]","[""Azione"", ""Avventura"", ""Strategia""]","Devil May Cry 4 Special Edition è un videogioco d'azione e avventura sviluppato e pubblicato da Capcom. È una versione migliorata e ampliata di Devil May Cry 4, originariamente rilasciato nel 2008.",[],1,"[""Europa""]",2015,Capcom,Capcom
2867,Devil May Cry 3,"[""PC""]","[""Azione""]",Devil May Cry 3 è un videogioco d'azione sviluppato e pubblicato da Capcom nel 2005. È il terzo capitolo della serie Devil May Cry e funge da prequel dei primi due episodi.,[],1,"[""Europa""]",2005,Capcom,Capcom
2868,Dark Souls Remastered,"[""PC""]","[""Ruolo"", ""Avventura"", ""Azione""]","Dark Souls Remastered è un videogioco action RPG sviluppato da FromSoftware e pubblicato da Bandai Namco Entertainment. È una versione rimasterizzata del gioco originale Dark Souls, uscito nel 2011.",[],1,"[""Europa""]",2018,FromSoftware,Bandai Namco
2869,"Sacred, Millemiun Edition 2016 - edizione oro","[""PC""]","[""Ruolo""]","Il pacchetto offerto da aROMa contiene patch e guida installazione. Il gioco è suddiviso in 2 parti ciascuna delle quali contiene 2 parti del gioco. Pertanto bisogna estrarre parte1e2.rar e parte3e4.rar, successivamente estrarre parte1e2 e parte3e4 per ottenere 4 parti di gioco da 700MB da estrarre in una sola cartella.",[],1,"[""Europa""]",2016,,
2871,Tom Clancy's Splinter Cell: Conviction,"[""PC""]","[""Azione"", ""Sparatutto"", ""Avventura"", ""Strategia""]","Tom Clancy's Splinter Cell: Conviction è un videogioco di azione e stealth sviluppato da Ubisoft Montreal e pubblicato da Ubisoft nel 2010. Il gioco fa parte della serie Splinter Cell e segue le vicende di Sam Fisher, un agente segreto della Terza Echelon.",[],1,"[""Europa""]",2010,Ubisoft Montreal,Ubisoft
2872,Tom Clancy's Splinter Cell: Double Agent,"[""PC""]","[""Azione"", ""Sparatutto"", ""Avventura"", ""Strategia""]","Tom Clancy's Splinter Cell: Double Agent è un videogioco di spionaggio e azione sviluppato da Ubisoft Montreal e pubblicato da Ubisoft nel 2006. Il giocatore interpreta il ruolo di Sam Fisher, un agente segreto della Terza Echelon, che deve infiltrarsi in un gruppo terroristico per sventare i loro piani.",[],1,"[""Europa""]",2006,Ubisoft Montreal,Ubisoft
2873,Tom Clancy's Splinter Cell: Chaos Theory,"[""PC""]","[""Azione"", ""Sparatutto"", ""Avventura"", ""Strategia""]",Tom Clancy's Splinter Cell: Chaos Theory è un videogioco di spionaggio e azione sviluppato da Ubisoft Montreal e pubblicato da Ubisoft nel 2005. Il gioco è il terzo capitolo della serie Splinter Cell e segue le avventure dell'agente segreto Sam Fisher mentre indaga su una serie di attacchi informatici che minacciano la stabilità globale.,[],1,"[""Europa""]",2005,Ubisoft Montreal,Ubisoft
2874,Tom Clancy's Splinter Cell: Pandora Tomorrow,"[""PC""]","[""Azione"", ""Sparatutto"", ""Avventura"", ""Strategia""]",Tom Clancy's Splinter Cell: Pandora Tomorrow è un videogioco di spionaggio e azione sviluppato da Ubisoft Montreal e pubblicato da Ubisoft nel 2004. È il secondo capitolo della serie Splinter Cell.,[],1,"[""Europa""]",2004,Ubisoft Montreal,Ubisoft
2875,TomClancy's SplinterCell,"[""PC""]","[""Azione"", ""Sparatutto"", ""Avventura"", ""Strategia""]","Tom Clancy's Splinter Cell è un videogioco di spionaggio e azione sviluppato da Ubisoft Montreal e pubblicato da Ubisoft nel 2002. Il giocatore interpreta Sam Fisher, un agente segreto altamente addestrato che lavora per una divisione top-secret del governo degli Stati Uniti chiamata Third Echelon.","[""Italiano"", ""Inglese""]",0,"[""Europa""]",2002,Ubisoft Montreal,Ubisoft
2877,Sonic Heroes,"[""PC""]","[""Avventura"", ""Piattaforma""]",Sonic Heroes è un videogioco di avventura e piattaforme sviluppato e pubblicato da Sega nel 2003. Il gioco segue le avventure di Sonic the Hedgehog e dei suoi amici mentre affrontano il malvagio Dr. Eggman.,[],1,"[""USA""]",2003,Sega,Sega
2879,Urban Chaos,"[""PC""]","[""Azione"", ""Avventura""]",Urban Chaos è un videogioco di azione e avventura ambientato in una città caotica e violenta. Il giocatore deve affrontare gang criminali e situazioni di emergenza per mantenere l'ordine e la sicurezza.,[],1,"[""Europa""]",,,
2881,Kinder & Ferrero La Montagna misteriosa,"[""PC""]","[""Avventura""]",Pacchetto di 4 giochi delle merendine Kinder - 3di4 Alla ricerca della ricetta rubata,[],1,"[""Europa""]",,,
2883,Kinder & Ferrero La Giungla Tenebrosa,"[""PC""]","[""Avventura""]",Pacchetto di 4 giochi delle merendine Kinder - 1di4 Alla ricerca della ricetta rubata,[],1,"[""Europa""]",,,
2894,Kinder & Ferrero I Magicanti e i 3 elementi,"[""PC""]","[""Avventura"", ""Piattaforma""]",Gioco di avventura e piattaforma ambientato in un mondo magico,[],1,"[""Europa""]",,,
2899,Asterix & Obelix XXL Romastered,"[""PC""]","[""Avventura""]","Asterix & Obelix XXL Romastered è un videogioco di avventura ambientato nell'universo di Asterix e Obelix. I giocatori possono esplorare il mondo di Asterix, affrontando nemici e risolvendo enigmi.",[],1,"[""Europa""]",2022,,
2901,Garfield Kart – Furious Racing,"[""PC""]","[""Guida""]",Garfield Kart - Furious Racing è un gioco di corse kart basato sui personaggi del famoso fumetto Garfield. I giocatori possono gareggiare con i loro personaggi preferiti in una varietà di tracce ambientate nel mondo di Garfield.,[],1,"[""Europa""]",2019,,
2902,Garfield Kart,"[""PC""]","[""Guida""]",Garfield Kart è un gioco di corse kart basato sui personaggi del fumetto Garfield. I giocatori possono gareggiare con i personaggi del franchise in diversi circuiti ambientati nel mondo di Garfield.,[],1,"[""Europa""]",2013,,
2905,3000 Giochi flash,"[""PC""]","[""Altro""]",Raccolta giochi flash da giocare su pc senza installazione. Clicca e divertiti!,[],1,"[""USA""]",2000,,
2907,Harry Potter e il Prigioniero di Azkaban,"[""PC""]","[""Avventura"", ""Strategia""]","Il gioco segue la trama del terzo libro della serie di Harry Potter, in cui Harry deve affrontare il pericoloso evaso di Azkaban, Sirius Black. I giocatori possono esplorare il mondo magico di Hogwarts e utilizzare le abilità di Harry, Ron e Hermione per risolvere enigmi e affrontare sfide.",[],1,"[""Europa""]",2004,,
2908,Harry Potter e i doni della morte parte 2,"[""PC""]","[""Avventura"", ""Strategia""]",Gioco basato sull'omonimo film della saga di Harry Potter,[],1,"[""Europa""]",2011,,
2910,Harry Potter e il principe mezzosangue,"[""PC""]","[""Avventura"", ""Strategia""]","Il gioco segue la trama del sesto libro della serie di Harry Potter, in cui il protagonista scopre l'identità del Principe Mezzosangue e affronta nuove sfide e pericoli nel mondo della magia.",[],1,"[""Europa""]",2009,,
2911,Harry Potter e l'ordine della Fenice,"[""PC""]","[""Avventura"", ""Strategia""]","Il gioco segue la trama del quinto libro della serie di Harry Potter, in cui Harry e i suoi amici devono affrontare le minacce del malvagio Lord Voldemort e dell'Ordine della Fenice.",[],1,"[""Europa""]",2007,,
2912,Harry Potter e il calice di fuoco,"[""PC""]","[""Avventura"", ""Strategia""]","Il quarto capitolo della saga di Harry Potter, in cui il giovane mago si ritrova a partecipare al Torneo Tremaghi, una competizione magica tra le più prestigiose scuole di magia.",[],1,"[""Europa""]",2005,,
2913,Harry Potter e la camera dei segreti,"[""PC""]","[""Avventura"", ""Strategia""]","Basato sul secondo libro della serie di Harry Potter, il gioco segue Harry, Ron e Hermione mentre esplorano Hogwarts e affrontano la minaccia della Camera dei Segreti.",[],1,"[""Europa""]",2002,,
2914,Harry Potter - La coppa del mondo di Quidditch,"[""PC""]","[""Avventura"", ""Strategia""]","Gioco basato sull'universo di Harry Potter, in cui i giocatori possono partecipare alla Coppa del Mondo di Quidditch.",[],1,"[""Europa""]",,,
2915,Harry Potter e la pietra filosofale,"[""PC""]","[""Avventura"", ""Strategia""]","Il gioco segue la trama del primo libro della serie di Harry Potter, in cui il giovane mago deve affrontare varie sfide e misteri per impedire che la Pietra Filosofale cada nelle mani sbagliate. Il gameplay combina elementi di avventura, esplorazione e risoluzione di enigmi.","[""Italiano""]",1,"[""Europa""]",2001,,
2918,Pac-Man: Championship Edition DX Plus,"[""PC""]","[""Avventura"", ""Piattaforma""]","Pac-Man: Championship Edition DX Plus è un videogioco di azione e piattaforme sviluppato e pubblicato da Bandai Namco Entertainment. È un'espansione del gioco Pac-Man: Championship Edition DX, che a sua volta è un remake del classico Pac-Man.",[],1,"[""Europa""]",2013,Bandai Namco,Bandai Namco
2920,PacMan: Adventures in Time,"[""PC""]","[""Avventura"", ""Piattaforma""]",Pac-Man: Adventures in Time è un videogioco di avventura e piattaforma sviluppato e pubblicato da Namco nel 1995 per PC.,"[""Inglese""]",0,"[""Europa""]",1995,Namco,Namco
2922,Disney's Tarzan,"[""PC""]","[""Avventura"", ""Piattaforma""]","Disney's Tarzan è un videogioco di avventura e piattaforma basato sul film d'animazione Disney del 1999 Tarzan. Il giocatore controlla Tarzan mentre esplora la giungla, affronta nemici e risolve enigmi per aiutare i suoi amici animali.","[""Inglese""]",1,"[""Europa""]",1999,,
2923,Metal Gear Rising: Revengeance,"[""PC""]","[""Azione"", ""Avventura"", ""Sparatutto"", ""Simulazione""]","Metal Gear Rising: Revengeance è un videogioco d'azione sviluppato da Platinum Games e pubblicato da Konami. È uno spin-off della serie Metal Gear, ambientato quattro anni dopo gli eventi di Metal Gear Solid 4: Guns of the Patriots.",[],1,"[""Europa""]",2013,Platinum Games,Konami
2924,Metal Gear Solid V: Ground Zeroes,"[""PC""]","[""Azione"", ""Avventura"", ""Sparatutto"", ""Simulazione""]","Metal Gear Solid V: Ground Zeroes è un videogioco d'azione e stealth sviluppato da Kojima Productions e pubblicato da Konami per PlayStation 3, PlayStation 4, Xbox 360 e Xbox One nel 2014. È il quinto capitolo principale della serie Metal Gear Solid.",[],1,"[""Europa""]",2014,Kojima Productions,Konami
2925,Batman: Arkham Asylum - Game of the Year Edition + Joker & Prey in the Darkness DLCs,"[""PC""]","[""Avventura"", ""Azione""]","Batman: Arkham Asylum è un videogioco di genere avventura e azione sviluppato da Rocksteady Studios e pubblicato da Eidos Interactive nel 2009. Il gioco è ambientato nell'Arkham Asylum, un manicomio criminale situato su un'isola al largo di Gotham City, dove il Joker ha preso il controllo della struttura e minaccia di far esplodere l'intera isola. Spetta a Batman, con le sue abilità di combattimento e di furtività, liberare l'Arkham Asylum e sconfiggere il Joker e i suoi alleati.",[],1,"[""Europa""]",2009,Rocksteady Studios,Eidos Interactive
2926,Delta Force: Black Hawk Down - Platinum Pack,"[""PC""]","[""Sparatutto"", ""Azione""]","Delta Force: Black Hawk Down - Platinum Pack è un videogioco sparatutto in prima persona ambientato durante la battaglia di Mogadiscio del 1993, noto anche come Operazione Gothic Serpent.",[],1,"[""Europa""]",2003,,
2928,Rayman Arena,"[""PC""]","[""Piattaforma"", ""Avventura""]",Rayman Arena è un videogioco di piattaforme e avventura sviluppato da Ubisoft e pubblicato nel 2001 per PC.,[],1,"[""Europa""]",2001,Ubisoft,
2929,Rayman Legends,"[""PC""]","[""Piattaforma"", ""Avventura""]",Rayman Legends è un videogioco di piattaforme sviluppato da Ubisoft Montpellier e pubblicato da Ubisoft. È il quinto capitolo della serie Rayman ed è il seguito di Rayman Origins.,[],1,"[""Europa""]",2013,Ubisoft Montpellier,Ubisoft
2930,Rayman 3: Hoodlum Havoc,"[""PC""]","[""Piattaforma"", ""Avventura""]",Rayman 3: Hoodlum Havoc è un videogioco di piattaforme e avventura sviluppato da Ubisoft Montpellier e pubblicato da Ubisoft nel 2003. È il terzo capitolo della serie Rayman.,[],1,"[""Europa""]",2003,Ubisoft Montpellier,Ubisoft
2931,Rayman 2: The Great Escape,"[""PC""]","[""Piattaforma"", ""Avventura""]",Rayman 2: The Great Escape è un videogioco di piattaforme e avventura sviluppato da Ubisoft e pubblicato nel 1999 per PC. È il sequel del popolare titolo Rayman del 1995.,"[""Italiano""]",1,"[""Europa""]",1999,Ubisoft,
2932,Rayman Origins,"[""PC""]","[""Piattaforma"", ""Avventura""]",Rayman Origins è un videogioco di piattaforme sviluppato da Ubisoft Montpellier e pubblicato da Ubisoft nel 2011. Il gioco è ambientato nell'universo di Rayman e segue le avventure del protagonista omonimo e dei suoi amici mentre affrontano nuove sfide e nemici.,[],1,"[""Europa""]",2011,Ubisoft Montpellier,Ubisoft
2933,Rayman Raving Rabbids 2,"[""PC""]","[""Piattaforma"", ""Avventura""]",Rayman Raving Rabbids 2 è un videogioco di avventura e piattaforme sviluppato da Ubisoft Montpellier e pubblicato da Ubisoft nel 2007. È il sequel di Rayman Raving Rabbids.,[],1,"[""Europa""]",2007,Ubisoft Montpellier,Ubisoft
2934,Rayman Raving Rabbids,"[""PC""]","[""Piattaforma"", ""Avventura""]","Rayman Raving Rabbids è un videogioco di avventura e piattaforme sviluppato da Ubisoft Montpellier e pubblicato da Ubisoft nel 2006. Il gioco segna l'inizio della serie Raving Rabbids, uno spin-off della serie Rayman.",[],1,"[""Europa""]",2006,Ubisoft Montpellier,Ubisoft
2935,Hacknet,"[""PC""]","[""Simulazione""]","Hacknet è un gioco di hacking in cui il giocatore deve risolvere enigmi e penetrare in sistemi informatici per completare missioni. Il gioco offre un'esperienza realistica e immersiva, con una grafica in stile retrò e un'interfaccia di hacking intuitiva.","[""Inglese""]",0,"[""Europa""]",2015,,
2938,Croc 2,"[""PC""]","[""Avventura"", ""Piattaforma""]","Croc 2 è il seguito del popolare gioco di piattaforme Croc: Legend of the Gobbos. Il giocatore controlla nuovamente Croc, un coccodrillo antropomorfo, mentre esplora un mondo fantastico e affronta nuove avventure.",[],1,"[""Europa""]",2000,,
2939,MDK2,"[""PC""]","[""Sparatutto"", ""Azione""]",MDK2 è un videogioco sparatutto in terza persona sviluppato da BioWare e pubblicato da Interplay Entertainment nel 2000.,[],1,"[""Europa""]",2000,BioWare,Interplay Entertainment
2940,MDK,"[""PC""]","[""Sparatutto"", ""Azione""]",Gioco di azione e sparatutto in prima persona ambientato in un futuro distopico.,"[""Inglese""]",0,"[""Europa""]",1997,,
2942,Spore Collection,"[""PC""]","[""Gestionale""]","Spore è un videogioco di simulazione e gestionale sviluppato da Maxis e pubblicato da Electronic Arts nel 2008. Il gioco permette al giocatore di creare e far evolvere una specie, partendo dalla fase cellulare fino a diventare una civiltà interstellare.",[],1,"[""Europa""]",2008,Maxis,Electronic Arts
2943,MotoGP 20 + DLC,"[""PC""]","[""Guida""]","MotoGP 20 è il videogioco ufficiale del Campionato Mondiale MotoGP 2020. Offre un'esperienza di guida realistica e coinvolgente, con una modalità carriera approfondita e numerose opzioni di personalizzazione.",[],1,"[""Europa""]",2020,,
2944,Prototype2,"[""PC""]","[""Azione"", ""Avventura"", ""Sparatutto""]","Prototype 2 è un videogioco d'azione e avventura sviluppato da Radical Entertainment e pubblicato da Activision. Il gioco è ambientato in una città devastata da un virus che trasforma gli esseri umani in mostri mutanti, e il protagonista deve utilizzare i suoi poteri sovrumani per combattere contro questi nemici e scoprire la verità dietro la diffusione del virus.",[],1,"[""Europa""]",2012,Radical Entertainment,Activision
2945,Prototype,"[""PC""]","[""Azione"", ""Avventura"", ""Sparatutto""]","In Prototype, il giocatore assume il ruolo di Alex Mercer, un uomo che si risveglia in un ospedale senza ricordi del suo passato. Scopre di avere abilità sovrumane, come la capacità di trasformare il suo corpo in armi e di assorbire la biomassa di altri esseri umani. Dovrà utilizzare queste abilità per indagare sul suo passato e fermare una minaccia che incombe sulla città di New York.",[],1,"[""Europa""]",2009,,
2946,Fallout: New Vegas - Ultimate Edition,"[""PC""]","[""Azione"", ""Avventura"", ""Sparatutto"", ""Simulazione""]","Fallout: New Vegas - Ultimate Edition è un videogioco di ruolo open world ambientato in un mondo post-apocalittico. Il giocatore esplora il Mojave Wasteland, una vasta area desertica, e si trova coinvolto in una guerra per il controllo della Nuova Vegas.",[],1,"[""Europa""]",2010,,
2949,Fallout 2,"[""PC""]","[""Azione"", ""Avventura"", ""Sparatutto"", ""Simulazione""]","Fallout 2 è un videogioco di ruolo post-apocalittico sviluppato da Black Isle Studios e pubblicato da Interplay Entertainment nel 1998. Il gioco è ambientato in un mondo devastato da una guerra nucleare, dove i giocatori devono esplorare un vasto mondo aperto, interagire con personaggi non giocanti, completare missioni e affrontare nemici in combattimenti a turni.",[],1,"[""Europa""]",1998,Black Isle Studios,Interplay Entertainment
2950,Fallout,"[""PC""]","[""Azione"", ""Avventura"", ""Sparatutto"", ""Simulazione""]","Fallout è un videogioco di ruolo post-apocalittico sviluppato da Interplay Productions e pubblicato nel 1997 per PC. Ambientato in un futuro alternativo in cui la Guerra Fredda non è mai terminata, il gioco segue le vicende di un sopravvissuto di un vault sotterraneo alla ricerca di un dispositivo per purificare l'acqua della sua comunità.",[],1,"[""Europa""]",1997,Interplay Productions,
2951,LEGO Marvel Avengers,"[""PC""]","[""Azione""]","Unisciti agli Avengers in un'avventura LEGO piena di azione e divertimento. Esplora il mondo Marvel, affronta i cattivi e salva il mondo con i tuoi eroi preferiti.",[],1,"[""Europa""]",2016,,
2953,The Simpsons - Hit & Run,"[""PC""]","[""Guida"", ""Azione"", ""Avventura""]",The Simpsons - Hit & Run è un videogioco d'azione e avventura ambientato nel mondo de I Simpson. Il giocatore può esplorare liberamente la città di Springfield e completare missioni e attività secondarie.,"[""Inglese""]",0,"[""Europa""]",2003,,
2954,WRC9,"[""PC""]","[""Guida""]",Simulatore di rally ufficiale del Campionato del Mondo Rally (WRC),[],1,"[""Europa""]",2020,,
2955,Xpand Rally Xtreme,"[""PC""]","[""Guida""]","Xpand Rally Xtreme è un videogioco di corse automobilistiche off-road sviluppato da Techland e pubblicato da Ubisoft nel 2005. Il gioco offre diverse modalità di gioco, tra cui campionato, gare singole e modalità multiplayer.",[],1,"[""Europa""]",2005,Techland,Ubisoft
2956,Jazz Jackrabbit - Holiday Hare,"[""PC""]","[""Piattaforma""]",Jazz Jackrabbit - Holiday Hare è un gioco di piattaforme sviluppato da Epic MegaGames e pubblicato nel 1994 per PC.,"[""Inglese""]",0,"[""Europa""]",1994,Epic MegaGames,
2959,Jazz Jackrabbit 2: The Secret Files (2-in-1),"[""PC""]","[""Piattaforma""]","Jazz Jackrabbit 2: The Secret Files è una raccolta di due giochi della serie Jazz Jackrabbit, che include Jazz Jackrabbit 2 e un'espansione aggiuntiva.",[],1,"[""Europa""]",1998,,
2960,Jazz Jackrabbit,"[""PC""]","[""Piattaforma""]","Jazz Jackrabbit è un videogioco a piattaforme sviluppato da Epic MegaGames e pubblicato nel 1994 per Microsoft Windows. Il protagonista del gioco è Jazz, un coniglio antropomorfo che deve affrontare l'antagonista Devan Shell, un coniglio malvagio che vuole conquistare il mondo.","[""Inglese""]",0,"[""USA""]",1994,Epic MegaGames,
2961,World Racing 2,"[""PC""]","[""Guida""]",World Racing 2 è un videogioco di corse automobilistiche sviluppato e pubblicato da Koch Media nel 2005. Il gioco offre una vasta selezione di veicoli e circuiti da corsa ambientati in diverse regioni del mondo.,[],1,"[""Europa""]",2005,Koch Media,Koch Media
2964,Monster Jam: Steel Titans,"[""PC""]","[""Guida""]",Monster Jam: Steel Titans è un videogioco di guida che permette ai giocatori di pilotare veicoli Monster Truck in diverse arene e competizioni.,[],1,"[""Internazionale""]",2019,,
2965,Grid 2,"[""PC""]","[""Guida""]","Grid 2 è un videogioco di corse automobilistiche sviluppato da Codemasters e pubblicato nel 2013. Il gioco offre una vasta gamma di veicoli e circuiti da corsa, con una particolare attenzione alla fisica realistica delle auto e all'esperienza di guida.",[],1,"[""Europa""]",2013,Codemasters,
2968,Richard Burns Rally,"[""PC""]","[""Guida""]",Richard Burns Rally è un videogioco di simulazione di guida rally sviluppato da Warthog e pubblicato da Koch Media nel 2004. Il gioco è considerato uno dei migliori titoli di rally di sempre per la sua fedeltà alla realtà e la sua profondità di gameplay.,[],1,"[""Internazionale""]",2004,Warthog,Koch Media
2969,Team Sonic Racing,"[""PC""]","[""Gioco di guida""]",Team Sonic Racing è un gioco di corse kart sviluppato da Sumo Digital e pubblicato da Sega. Il gioco fa parte della serie Sonic the Hedgehog e vede i personaggi della serie cimentarsi in gare di kart.,[],1,"[""Europa""]",2019,Sumo Digital,Sega
2971,Surgeon Simulator,"[""PC""]","[""Simulazione""]","Surgeon Simulator è un gioco di simulazione medica in cui il giocatore assume il ruolo di un chirurgo alle prese con interventi chirurgici impegnativi e spesso esilaranti. Il gioco offre un'esperienza di gioco unica e divertente, con controlli intuitivi ma sfidanti che rendono ogni operazione un'avventura a sé stante.","[""Inglese""]",0,"[""USA""]",2013,,
2972,911 operator,"[""PC""]","[""Simulazione""]","In 911 operator, il giocatore assume il ruolo di un operatore del numero di emergenza 911, gestendo le chiamate e coordinando le risposte di polizia, vigili del fuoco e ambulanze. Il gioco richiede di prendere decisioni rapide e appropriate per affrontare una vasta gamma di situazioni di emergenza, dalla segnalazione di incidenti stradali a rapine in corso.",[],1,"[""Europa""]",2017,,
2975,The Long Drive,"[""PC""]","[""Guida""]",The Long Drive è un gioco di guida open world in cui il giocatore deve affrontare un lungo viaggio attraverso un paesaggio desolato e post-apocalittico. Il gioco offre una vasta gamma di veicoli da guidare e un ambiente dinamico che cambia in base alle condizioni meteorologiche e alle scelte del giocatore.,"[""Inglese""]",0,"[""Europa""]",2021,,
2981,Car Mechanic Simulator 2018,"[""PC""]","[""Simulazione""]","Car Mechanic Simulator 2018 è un gioco di simulazione in cui i giocatori possono gestire e far funzionare la propria officina meccanica. I giocatori possono acquistare, riparare e personalizzare una vasta gamma di veicoli, oltre a gestire l'attività commerciale della loro officina.","[""Italiano""]",1,"[""Europa""]",2018,,
2983,Sega Rally,"[""PC""]","[""Guida""]",Sega Rally è un videogioco di corse automobilistiche sviluppato e pubblicato da Sega nel 1995. Il gioco è ambientato in diverse località realistiche e offre una simulazione di guida impegnativa e coinvolgente.,[],1,"[""Europa""]",1995,Sega,Sega
2985,Kingdom Come: Deliverance Royal Edition + 10 DLCs + OST,"[""PC""]","[""Azione"", ""Strategia""]","Kingdom Come: Deliverance è un gioco di ruolo open world ambientato nell'Europa medievale. Il giocatore veste i panni di Henry, un giovane fabbro che si ritrova coinvolto in un conflitto dopo che il suo villaggio viene distrutto. Il gioco offre un'esperienza di gioco realistica e immersiva, con un sistema di combattimento impegnativo e una trama coinvolgente.",[],1,"[""Europa""]",2018,,
2986,Prison Break: The Conspiracy,"[""PC""]","[""Azione""]",Prison Break: The Conspiracy è un videogioco d'azione basato sulla serie televisiva Prison Break. Il giocatore assume il ruolo di un agente della CIA che deve infiltrarsi nella prigione di Fox River per indagare su una cospirazione.,[],1,"[""Europa""]",2010,,
2987,Super Mario 64,"[""PC""]","[""Arcade""]","Super Mario 64 è un classico gioco di piattaforme in 3D sviluppato e pubblicato da Nintendo per la console Nintendo 64 nel 1996. Il gioco segna il debutto di Mario in un ambiente tridimensionale e introduce molte innovazioni nel genere, diventando uno dei titoli più influenti e acclamati della storia dei videogiochi.",[],1,"[""Europa""]",1996,Nintendo,Nintendo
2988,Haunted Halloween 86,"[""PC""]","[""Arcade""]",Un gioco arcade a tema Halloween ambientato nel 1986.,"[""Inglese""]",0,"[""USA""]",1986,,
2989,Scarface,"[""PC""]","[""Azione"", ""Sparatutto""]","Basato sull'omonimo film del 1983, Scarface è un videogioco d'azione e sparatutto ambientato nell'universo del film. Il giocatore assume il ruolo di Tony Montana, un immigrato cubano che si fa strada nel mondo della criminalità organizzata di Miami negli anni '80.",[],1,"[""Europa""]",2006,,
2991,Far Cry: New Dawn,"[""PC""]","[""Azione"", ""Avventura"", ""Sparatutto""]","Far Cry: New Dawn è un videogioco d'azione-avventura sviluppato da Ubisoft Montreal e pubblicato da Ubisoft. È uno spin-off della serie Far Cry, ambientato 17 anni dopo gli eventi di Far Cry 5.",[],1,"[""Europa""]",2019,Ubisoft Montreal,Ubisoft
2992,Far Cry Primal,"[""PC""]","[""Azione"", ""Avventura"", ""Sparatutto""]","Far Cry Primal è un videogioco d'azione-avventura sviluppato da Ubisoft Montreal e pubblicato da Ubisoft. Ambientato nell'era preistorica, il giocatore impersona Takkar, un cacciatore-raccoglitore che deve sopravvivere in un mondo selvaggio e pericoloso.",[],1,"[""Europa""]",2016,Ubisoft Montreal,Ubisoft
2993,Far Cry 5,"[""PC""]","[""Azione"", ""Avventura"", ""Sparatutto""]","Far Cry 5 è un videogioco di azione-avventura e sparatutto in prima persona sviluppato da Ubisoft Montreal e pubblicato da Ubisoft. Il gioco è ambientato nella fittizia contea di Hope, nel Montana, e segue le vicende di un agente dell'FBI che deve affrontare una setta religiosa estremista.",[],0,"[""Europa""]",2018,Ubisoft Montreal,Ubisoft
2994,Far Cry 4 Gold Edition,"[""PC""]","[""Azione"", ""Avventura"", ""Sparatutto""]","Far Cry 4 è un videogioco di genere sparatutto in prima persona con elementi di azione e avventura, sviluppato da Ubisoft Montreal e pubblicato da Ubisoft. È il quinto capitolo della serie Far Cry.",[],1,"[""Europa""]",2014,Ubisoft Montreal,Ubisoft
2995,Far Cry 3,"[""PC""]","[""Azione"", ""Avventura"", ""Sparatutto""]","Far Cry 3 è un videogioco di azione-avventura e sparatutto in prima persona sviluppato da Ubisoft Montreal e pubblicato da Ubisoft. Il gioco è ambientato in un arcipelago tropicale e segue la storia di Jason Brody, un turista americano che viene catturato e tenuto in ostaggio da un gruppo di pirati.",[],1,"[""Europa""]",2012,Ubisoft Montreal,Ubisoft
2996,Far Cry 2: Fortune's Edition,"[""PC""]","[""Azione"", ""Avventura"", ""Sparatutto""]",Far Cry 2: Fortune's Edition è un videogioco di azione-avventura e sparatutto in prima persona sviluppato da Ubisoft Montreal e pubblicato da Ubisoft nel 2008. Il gioco è ambientato in un'Africa fittizia e offre un vasto mondo aperto da esplorare.,[],1,"[""Europa""]",2008,Ubisoft Montreal,Ubisoft
2997,Far Cry 2,"[""PC""]","[""Azione"", ""Avventura"", ""Sparatutto""]","Far Cry 2 è un videogioco di genere sparatutto in prima persona sviluppato da Ubisoft Montreal e pubblicato da Ubisoft nel 2008. Il gioco è ambientato in un'Africa fittizia, dove il giocatore impersona un mercenario che deve affrontare una guerra civile.",[],1,"[""Europa""]",2008,Ubisoft Montreal,Ubisoft
2998,Far Cry,"[""PC""]","[""Azione"", ""Avventura"", ""Sparatutto""]","Far Cry è un videogioco di genere sparatutto in prima persona sviluppato da Crytek e pubblicato da Ubisoft nel 2004. Il gioco è ambientato in un'isola tropicale e mette il giocatore nei panni di Jack Carver, un ex militare che si ritrova coinvolto in una pericolosa avventura.",[],1,"[""Europa""]",2004,Crytek,Ubisoft
2999,Gang Beasts,"[""PC""]","[""Picchiaduro""]","Gang Beasts è un gioco di combattimento multiplayer caricaturale e caotico ambientato in una città immaginaria. I giocatori controllano buffi personaggi gommosi che si affrontano in arene pericolose e bizzarre, cercando di sopraffare gli avversari.","[""Inglese""]",0,"[""Europa""]",2014,,
3000,Faraon e Cleopatra La regina del Nilo,"[""PC""]","[""Strategia""]","Faraon e Cleopatra La regina del Nilo è un gioco di strategia ambientato nell'antico Egitto. Il giocatore assume il ruolo di un faraone e deve costruire e gestire una città, sviluppare l'economia, affrontare sfide politiche e militari, e interagire con personaggi storici come Cleopatra.","[""Italiano""]",0,"[""Europa""]",,,
3002,TheRedLantern,"[""PC""]","[""Avventura""]",aROMa,[],1,"[""Europa""]",2022,,
3003,Rogue Trooper,"[""PC""]","[""Azione"", ""Sparatutto""]","Rogue Trooper è un videogioco di azione e sparatutto ambientato in un futuro distopico. Il giocatore impersona Rogue, un soldato geneticamente modificato, che deve sopravvivere in un ambiente ostile e vendicare la morte dei suoi commilitoni.",[],1,"[""Europa""]",2006,,
3004,Metal Gear Solid: The Legacy Collection,"[""PC""]","[""Azione""]","Metal Gear Solid: The Legacy Collection è una raccolta di giochi della serie Metal Gear Solid, che include i seguenti titoli: Metal Gear Solid 1, Metal Gear Solid 2: Sons of Liberty, Metal Gear Solid 3: Snake Eater, Metal Gear Solid 4: Guns of the Patriots, Metal Gear Solid: Peace Walker e Metal Gear Solid: VR Missions.",[],1,"[""Europa""]",2013,,
3005,Hitman: Codename 47,"[""PC""]","[""Azione""]","Hitman: Codename 47 è il primo capitolo della serie Hitman, sviluppato da IO Interactive e pubblicato da Eidos Interactive nel 2000. Il gioco segue le avventure di un agente segreto senza nome, noto come 47, che lavora per una misteriosa organizzazione chiamata 'L'Agenzia'. Il giocatore deve completare una serie di missioni assassine in diverse ambientazioni in tutto il mondo.",[],1,"[""Europa""]",2000,IO Interactive,Eidos Interactive
3006,Hitman: Blood Money,"[""PC""]","[""Azione""]","Hitman: Blood Money è un videogioco di azione e stealth sviluppato da IO Interactive e pubblicato da Eidos Interactive nel 2006. Il gioco è il quarto capitolo della serie Hitman e segue le vicende dell'agente 47, un assassino professionista, mentre affronta una serie di incarichi per conto di un'organizzazione segreta.",[],1,"[""Europa""]",2006,IO Interactive,Eidos Interactive
3007,WWE Raw 2,"[""PC""]","[""Wrestling""]",WWE Raw 2 è un videogioco di wrestling sviluppato e pubblicato nel 2007. Il gioco include una patch con tutti i personaggi e contenuti extra.,[],1,"[""USA""]",2007,,
3008,WWE Raw,"[""PC""]","[""Wrestling""]",WWE Raw è un videogioco di wrestling basato sulla serie televisiva WWE Raw. Il gioco permette ai giocatori di partecipare a match di wrestling con i personaggi della WWE.,[],1,"[""USA""]",,,
3009,Among Us,"[""PC""]","[""Arcade""]",Among Us è un gioco multiplayer online in cui i giocatori devono collaborare per individuare gli impostori tra loro.,[],1,"[""Europa""]",2018,,
3012,Grand Theft Auto IV & Episodes from Liberty City,"[""PC""]","[""Azione"", ""Guida"", ""Simulazione""]","Grand Theft Auto IV è un videogioco d'azione e avventura open world sviluppato da Rockstar North e pubblicato da Rockstar Games. È il decimo capitolo della serie Grand Theft Auto e il primo ad essere ambientato in una città fittizia ispirata a New York City. Il gioco è uscito per PlayStation 3 e Xbox 360 nel 2008, mentre la versione per PC è stata pubblicata nel 2008.",[],1,"[""Europa""]",2008,Rockstar North,Rockstar Games
3013,Grand Theft Auto 2,"[""PC""]","[""Avventura""]","Grand Theft Auto 2 è un videogioco di azione-avventura open world sviluppato da DMA Design e pubblicato da Rockstar Games nel 1999. È il sequel di Grand Theft Auto ed è ambientato in una città fittizia chiamata Anywhere City, suddivisa in tre distretti. Il giocatore assume il ruolo di un criminale che deve compiere missioni per diverse gang criminali per salire di grado nella gerarchia del crimine organizzato.",[],1,"[""Europa""]",1999,DMA Design,Rockstar Games
3014,Grand Theft Auto,"[""PC""]","[""Avventura""]",Grand Theft Auto è una serie di videogiochi di genere action-adventure sviluppata da Rockstar North e pubblicata da Rockstar Games. La serie è caratterizzata da un'ambientazione open world e da una forte componente di critica sociale.,[],1,"[""Europa""]",1997,Rockstar North,Rockstar Games
3015,Virtua Tennis 3,"[""PC""]","[""Sport""]","Virtua Tennis 3 è un videogioco di tennis sviluppato da SEGA e pubblicato nel 2007. Il gioco offre un'esperienza di gioco realistica e coinvolgente, con una vasta gamma di modalità e opzioni di personalizzazione per i giocatori.",[],1,"[""Europa""]",2007,SEGA,
3016,AO Tennis 2,"[""PC""]","[""Sport""]","AO Tennis 2 è un videogioco di tennis che permette di giocare i tornei degli Australian Open. Offre una modalità carriera, la possibilità di creare il proprio giocatore personalizzato e diverse opzioni di gioco online e offline.",[],1,"[""Europa""]",2020,,
3018,Capcom Sports Club 3in1,"[""PC""]","[""Sport""]",Capcom Sports Club 3in1 è una raccolta di tre giochi sportivi sviluppata e pubblicata da Capcom.,[],1,"[""Europa""]",,Capcom,Capcom
3019,Desperados 3,"[""PC""]","[""Strategia""]",Desperados 3 è un gioco di strategia in tempo reale ambientato nel selvaggio West. Il giocatore controlla un gruppo di cacciatori di taglie e deve utilizzare le loro abilità uniche per completare missioni e sconfiggere i nemici.,[],1,"[""Europa""]",2020,,
3020,Helldorado,"[""PC""]","[""Strategia""]","Ambientato nel selvaggio West, Helldorado è un gioco di strategia in cui i giocatori devono costruire e gestire una città in un ambiente ostile e pericoloso. Dovranno affrontare sfide come banditi, fuorilegge e fenomeni naturali per far prosperare la loro comunità.",[],1,"[""Europa""]",,,
3021,Desperados 2: Cooper's Revenge,"[""PC""]","[""Strategia""]",Desperados 2: Cooper's Revenge è un videogioco di strategia in tempo reale ambientato nel vecchio West. Il giocatore controlla un gruppo di personaggi con abilità uniche e deve utilizzarle in modo strategico per completare le missioni.,[],1,"[""Europa""]",2006,,
3022,Desperados: Wanted Dead or Alive,"[""PC""]","[""Strategia""]",Desperados: Wanted Dead or Alive è un videogioco di strategia in tempo reale ambientato nel vecchio West. Il giocatore controlla un gruppo di cacciatori di taglie e deve utilizzare le loro abilità uniche per completare missioni e sconfiggere i nemici.,[],1,"[""Europa""]",2001,,
3023,FallGuys: Ultimate Knockout,"[""PC""]","[""Arcade""]",Fall Guys: Ultimate Knockout è un gioco battle royale multiplayer online in cui fino a 60 giocatori competono in una serie di sfide a ostacoli divertenti e caotiche per essere l'ultimo sopravvissuto.,[],1,"[""USA""]",2020,,
3024,Naruto to Boruto Shinobi Striker,"[""PC""]","[""Picchiaduro""]",Naruto to Boruto Shinobi Striker è un videogioco di combattimento multiplayer online ambientato nell'universo di Naruto. I giocatori possono creare il proprio ninja personalizzato e unirsi a squadre per affrontare battaglie online contro altri giocatori.,[],1,"[""USA""]",2018,,
3025,Ultimate Marvel vs. Capcom 3,"[""PC""]","[""Picchiaduro""]","Ultimate Marvel vs. Capcom 3 è un videogioco picchiaduro sviluppato e pubblicato da Capcom. È un sequel di Marvel vs. Capcom 3: Fate of Two Worlds, che a sua volta è un seguito della serie Marvel vs. Capcom.",[],1,"[""Europa""]",2011,Capcom,Capcom
3026,Limbo,"[""PC""]","[""Horror"", ""Puzzle""]","Limbo è un gioco di avventura e puzzle platform in bianco e nero, sviluppato dalla società danese Playdead. Il giocatore controlla un bambino che si sveglia in un mondo oscuro e misterioso, e deve affrontare vari pericoli e risolvere enigmi per proseguire nel suo viaggio.",[],1,"[""Europa""]",2010,società danese Playdead,
3027,Bud Spencer & Terence Hill - Slaps and Beans,"[""PC""]","[""Picchiaduro""]",Bud Spencer & Terence Hill - Slaps and Beans è un videogioco picchiaduro che permette ai giocatori di rivivere le avventure dei due celebri attori italiani Bud Spencer e Terence Hill.,[],1,"[""Europa""]",2018,,
3028,Internet Cafe Simulator,"[""PC""]","[""Simulazione""]","In Internet Cafe Simulator, il giocatore gestisce e sviluppa il proprio Internet Cafe. Dovrai acquistare e aggiornare computer, assumere e gestire il personale, soddisfare i clienti e molto altro ancora per far crescere il tuo business.",[],1,"[""USA""]",2019,,
3029,Smallgamecollection,"[""PC""]","[""Altro""]",aROMa,"[""Inglese""]",0,"[""Europa""]",2014,,
3030,Praetorians,"[""PC""]","[""Strategia""]","Praetorians è un videogioco di strategia in tempo reale ambientato nell'antica Roma. Il giocatore deve guidare le legioni romane alla conquista di nuovi territori, affrontando nemici come i Cartaginesi, gli Egiziani e i Barbari. Il gioco offre una campagna storica e diverse modalità di gioco, permettendo ai giocatori di sperimentare diverse strategie e tattiche militari.","[""Inglese""]",0,"[""Europa""]",2003,,
3031,Age of Empires Definitive Edition,"[""PC""]","[""Strategia""]","Age of Empires Definitive Edition è una versione rimasterizzata del classico gioco di strategia in tempo reale Age of Empires, originariamente rilasciato nel 1997. Questa edizione definitiva offre grafica aggiornata, nuove funzionalità e miglioramenti per offrire un'esperienza di gioco più moderna e coinvolgente.","[""Inglese""]",0,"[""Europa""]",2017,,
3032,Age of Empires II: Definitive Edition,"[""PC""]","[""Strategia""]","Age of Empires II: Definitive Edition è una versione rimasterizzata del classico gioco di strategia in tempo reale Age of Empires II, originariamente rilasciato nel 1999. Questa edizione definitiva include tutti i contenuti delle espansioni originali, oltre a nuovi contenuti e miglioramenti grafici per offrire un'esperienza di gioco aggiornata e coinvolgente.","[""Inglese""]",0,"[""Europa""]",2019,,
3033,Age of Empires,"[""PC""]","[""Strategia""]","Age of Empires è un videogioco di strategia in tempo reale sviluppato da Ensemble Studios e pubblicato da Microsoft nel 1997. Il gioco permette ai giocatori di guidare una delle 12 civiltà dell'antichità attraverso diverse epoche storiche, dalla preistoria all'età del ferro.","[""Inglese""]",0,"[""Europa""]",1997,Ensemble Studios,Microsoft
3034,Pinball 3D SpaceCadet,"[""PC""]","[""Pinball"", ""Arcade""]",Pinball 3D SpaceCadet è un gioco di pinball in 3D ambientato nello spazio.,[],1,"[""USA""]",,,
3038,Spyro: Reignited Trilogy,"[""PC""]","[""Avventura""]",Spyro: Reignited Trilogy è una raccolta di tre classici giochi di Spyro il Drago rimasterizzati in HD. Esplora mondi colorati e affronta nemici mentre guidi Spyro in questa trilogia rimasterizzata.,[],1,"[""Europa""]",2018,,
3039,Crash Bandicoot - N Sane Trilogy,"[""PC""]","[""Avventura""]",Gioco in fase di test. Prossimo nuovo caricamento!,[],1,"[""Europa""]",2022,,
3040,TheAmazing Spiderman,"[""Nintendo 3DS""]","[""Avventura"", ""Azione""]",Aroma,"[""Italiano""]",0,"[""Europa""]",,,
3042,Shenmue I & II,"[""PC""]","[""Picchiaduro"", ""Avventura"", ""Strategia"", ""Azione""]","Shenmue I & II è una raccolta che include i primi due capitoli della serie Shenmue, entrambi rimasterizzati per offrire un'esperienza di gioco migliorata.","[""Italiano"", ""Inglese""]",0,"[""Europa""]",,,
3044,Castlevania Pack,"[""PC""]","[""Piattaforma"", ""Arcade""]","Pacchetto con la compilazione di 27 rom dei giochi classici di Castlevania da diversi sistemi, in versione originale, tradotti in spagnolo dai fan e hack con miglioramenti grafici e giocabili. Le rom includono un emulatore corrispondente a ciascun sistema per giocare direttamente su PC Windows, oppure possono essere utilizzate per altri sistemi.","[""Spagnolo""]",0,"[""Europa""]",,,
3045,Hellish Quart,"[""PC""]","[""Picchiaduro""]",aROMa,"[""Inglese""]",0,"[""Europa""]",,,
3046,La gang del bosco,"[""PC""]","[""Avventura"", ""Azione"", ""Guida"", ""Strategia""]",Per montare il gioco usate deamon tools o qualsiasi programma per montare le iso installate il gioco tramite l'autorun e applicate la crack. Nella cartella crack ci sono 3 file copiate tutti e 3 file per far funzionare il gioco correttamente a se volete potete cambiare anche la risoluzione del gioco basta scegliere nella cartella patch resolution la risoluzione desiderata. Per i sottotitoli sincronizzati (video-sottotitoli) dovete entrare nella cartella patch movies e copiare e incollare la cartella italian nella directory del gioco.,"[""Italiano""]",0,"[""Europa""]",,,
3047,Backtothe Future The game,"[""PC""]","[""Avventura"", ""Azione"", ""Guida""]",Ritorna nel tempo con questo emozionante gioco di avventura e azione!,"[""Inglese""]",0,"[""Europa""]",,,
3048,Larry's Wacky Tic-Tac-Toe,"[""PC""]","[""Puzzle"", ""Strategia""]",Un gioco di Tic-Tac-Toe (Tris) con un tocco di follia e umorismo.,"[""Inglese""]",0,"[""Europa""]",,,
3049,Escape from Paradise,"[""PC""]","[""Avventura"", ""Strategia""]","Escape from Paradise è un gioco di avventura e strategia ambientato in un paradiso tropicale. Il giocatore deve esplorare l'isola, risolvere enigmi e prendere decisioni strategiche per fuggire dal paradiso.","[""Inglese""]",0,"[""Europa""]",,,
3050,Zum,"[""PC""]","[""Arcade"", ""Puzzle""]",Zum è un videogioco di raccolta e razzo-pinguino ambientato in un mondo arcade e puzzle.,"[""Inglese""]",0,"[""Europa""]",,,
3051,Toy Story 3,"[""PC""]","[""Avventura"", ""Arcade""]",Aroma,"[""Inglese""]",0,"[""Europa""]",,,
3052,Gun Girl 2,"[""PC""]","[""Azione"", ""Arcade""]",Gun Girl 2 è un gioco d'azione e arcade in cui il giocatore controlla una coraggiosa guerriera armata di pistole che affronta orde di nemici.,"[""Inglese""]",0,"[""Europa""]",,,
3053,GunGirl,"[""PC""]","[""Azione"", ""Arcade""]",Gioco di azione e arcade ambientato in un mondo fantasy dove il giocatore controlla una guerriera armata di pistole.,"[""Inglese""]",0,"[""Europa""]",,,
3054,Grand Theft Auto: The Trilogy,"[""PC""]","[""Azione"", ""Guida"", ""Simulazione""]","Rockstar Games è orgogliosa di presentare Grand Theft Auto: The Trilogy per PC. Tutti e tre i giochi dell'epica saga sono qui: Grand Theft Auto III, Grand Theft Auto: Vice City e Grand Theft Auto: San Andreas.","[""Italiano""]",0,"[""Europa""]",,,
3055,Mario Kart 8,"[""PC""]","[""Guida""]",Mario Kart 8 è un gioco di corse kart sviluppato e pubblicato da Nintendo. È l'ottavo capitolo principale della serie Mario Kart ed è stato originariamente pubblicato per Nintendo Wii U nel 2014. Il gioco è stato successivamente portato su PC nel 2022.,[],1,"[""Europa""]",2022,Nintendo,Nintendo
3056,Miami Vice,"[""PS2""]","[""Sparatutto""]","Miami Vice è un videogioco d'azione e sparatutto ambientato nella città di Miami, basato sull'omonima serie televisiva degli anni '80. Il giocatore assume il ruolo di un agente della polizia che deve combattere contro il crimine organizzato nella città.",[],1,"[""Europa""]",2006,,
3057,The Mummy Returns,"[""PS2""]","[""Azione"", ""Avventura""]","The Mummy Returns è un videogioco d'azione e avventura basato sull'omonimo film del 2001. Il giocatore assume il ruolo di Rick O'Connell, Evelyn Carnahan e Alex O'Connell, impegnati in una nuova avventura per fermare il ritorno dell'antico faraone Imhotep.",[],1,"[""Europa""]",2001,,
3058,MTV Music Generator 3,"[""PS2""]","[""Simulazione"", ""Musica"", ""Remix""]",MTV Music Generator 3 è un gioco di simulazione musicale che permette ai giocatori di creare e mixare la propria musica.,[],1,"[""Europa""]",2003,,
3059,Bionicle Heroes,"[""PS2""]","[""Azione"", ""Avventura""]","Bionicle Heroes è un videogioco di azione e avventura ambientato nell'universo di Bionicle. Il giocatore controlla uno dei sei eroi Toa, ognuno con abilità uniche, per affrontare nemici e risolvere enigmi in vari livelli.",[],1,"[""Europa""]",2006,,
3060,LSD: Dream Emulator,"[""PS1""]","[""Avventura"", ""Simulazione""]","LSD: Dream Emulator - Genere: Avventura , simulazione virtuale. Come in un sogno senza tempo , LSD: Dream Emulator rappresenta un' insieme di forme , pensieri , oggetti e luoghi comuni, che rendono omaggio al mondo dell' arte . Un' esplorazione senza una meta , vi porterà alla scoperta di innumerevoli dimensioni , a volte concrete , a volte astratte","[""Inglese""]",0,"[""Europa""]",,,
3061,Kuon,"[""PS2""]","[""Horror"", ""Avventura""]","Kuon racconta la storia di un vecchio maniero, infestato da una spaventosa maledizione. Ambientato nel Giappone feudale.","[""Inglese"", ""Francese"", ""Tedesco""]",0,"[""Europa""]",,,
3062,Devotion,"[""PC""]","[""Horror""]","Devotion è un gioco di avventura e horror psicologico ambientato in un appartamento degli anni '80 a Taiwan. Il giocatore veste i panni di Reymond Teng, un padre di famiglia che deve affrontare eventi soprannaturali e oscuri segreti della sua famiglia.","[""Italiano""]",1,"[""Europa""]",2019,,
3063,The Curse of Monkey Island,"[""PC"", ""PC (DOS)""]","[""Avventura grafica""]","Questo episodio, ambientato attorno al 1687 (come scritto sul doblone che fa da icona di comando), inizia con Guybrush Threepwood che vaga sperduto nell'oceano, all'interno di una macchinina dell'autoscontro, scrivendo una pagina del suo diario. Egli giunge a Plunder Island, dove è in corso una battaglia fra la ciurma di LeChuck e il fortino dell'isola, governata da Elaine Marley. Guybrush, dall'interno della nave di LeChuck, riesce a sventare l'attacco, e a distruggere lo zombie, colpito dalla sua stessa palla di cannone maledetta. Sbarcato sulla costa, Guybrush offre a Elaine un anello preso nella nave, ignorando che questo è maledetto. La donna viene quindi tramutata in una statua d'oro dalla maledizione voodoo e Guybrush comincia la sua avventura.",[],1,"[""Europa""]",1997,,
3064,Broken Sword II,"[""PC"", ""PC (DOS)""]","[""Avventura grafica""]","Ancora una volta George Stobbart, in Francia, è testimone di un evento spiacevole, il rapimento della sua (ex- o quasi ex-, la questione appare confusa) fidanzata, mentre lui viene legato ad una sedia dentro una casa in fiamme, con un ragno dotato di un veleno mortale pronto a colpirlo. È di nuovo Nico che introduce George in una vicenda ispirata ad un'antica leggenda, che ruota attorno ad una malvagia divinità Maya ed un gruppo di persone senza scrupolo, il tutto legato ad un'eclissi nell'America Centrale.",[],1,"[""Europa""]",1997,,
3065,Broken Sword: The Shadow of the Templars,"[""PC"", ""PC (DOS)""]","[""Avventura grafica""]","Il gioco inizia con George Stobbart, un turista statunitense in vacanza a Parigi, diretto testimone dell'esplosione di una bomba, in un bar, lasciata da un uomo vestito da clown. Decisamente contrariato dell'attentato (indiretto) alla sua vita, George inizia ad investigare e con l'avanzare della storia, grazie anche all'aiuto della giornalista Nicole ""Nico"" Collard, segue per il mondo lo sviluppo di una cospirazione, scoprendo antiche storie e scontrandosi con Khan, uno spietato assassino moderno.",[],1,"[""Europa""]",1996,,
3066,Crashed,"[""PS2""]","[""Guida""]","Si tratta di un simulatore di guida arcade basato sullo sport chiamato demolition derby, in cui si devono distruggere le auto avversarie. Inizialmente il nome del videogioco era Crash, ma è stato successivamente intitolato Totaled! negli Stati Uniti e Crashed in Europa.",[],1,"[""Europa""]",,,
3067,Grim Fandango,"[""PC"", ""PC (DOS)""]","[""Avventura grafica""]","Grim Fandango è un videogioco d'avventura grafica del 1998, sviluppato e pubblicato da LucasArts. Il mondo di Grim Fandango è basato sulla concezione azteca dell'aldilà. Secondo questa tradizione, le anime devono attraversare la Terra dei Morti prima di raggiungere la loro vera destinazione, il Nono Aldilà.","[""Italiano""]",1,"[""Europa""]",1998,LucasArts,LucasArts
3068,God of War Ragnarok,"[""PC""]","[""Azione"", ""Avventura"", ""Ruolo""]","God of War Ragnarök è un videogioco d'avventura e azione sviluppato da Santa Monica Studio e pubblicato da Sony Interactive Entertainment. Liberamente ispirato alla mitologia norrena, il gioco è ambientato nell'antica Scandinavia e vede il protagonista Kratos e suo figlio adolescente Atreus. Finale dell'era norrena della serie, il gioco percorre il Ragnarök, una serie di eventi che portarono alla fine dei giorni, e rappresenta la morte di diversi dei norreni, il quale è stato predetto nel precedente gioco dopo che Kratos ha ucciso il dio Æsir Baldur.",[],1,"[""Europa""]",2024,Santa Monica Studio,Sony Interactive Entertainment
3069,The Legend of Zelda: Echoes of Wisdom,"[""Switch""]","[""Ruolo""]","Ultimo capitolo della saga, ambientato nel regno di Hyrule, questa volta da salvare con la saggezza della principessa Zelda, in The Legend of Zelda: Echoes of Wisdom.",[],1,"[""Europa""]",2024,,
3070,MotocrossMania 3,"[""PS2""]","[""Guida""]",MotocrossMania 3 è un videogioco di corse di motocross per PlayStation 2.,[],1,"[""Europa""]",,,
3073,MARVEL vs. CAPCOM Fighting Collection: Arcade Classics,"[""Switch""]","[""Picchiaduro""]","In totale abbiamo sette giochi che hanno fatto la storia dei genere. Ricapitolando, questi sono: X-Men: Children of the Atom (1994), Marvel Super Heroes (1995), X-Men vs. Street Fighter (1996), Marvel Super Heroes vs. Street Fighter (1997), Marvel vs. Capcom: Clash of Super Heroes (1998), Marvel vs. Capcom 2: New Age of Heroes (2000), The Punisher (1993).",[],1,"[""Europa""]",2024,,
3074,Smash Cars,"[""PS2""]","[""Guida""]","Smash Cars porta il mondo delle macchine radiocomandate a un nuovo livello! Sfreccia sulla strada del successo attraverso i 3 entusiasmanti ambienti 3D, progettati per spingere la tua abilità al limite: hai la stoffa per vincere in questa gara radiocomandata? Esegui acrobazie stupefacenti e raccogli i punti necessari per costruire la macchina radiocomandata perfetta. Questo mondo a tutto gas fatto di testacoda, derapate, salti, acrobazie e combo rende il gioco uno dei più veloci titoli di corse radiocomandate di tutti i tempi!",[],1,"[""Europa""]",,,
3075,The Flintstones in Viva Rock Vegas,"[""PS2""]","[""Azione""]",The Flintstones in Viva Rock Vegas è un videogioco del genere Action pubblicato nel 2002 da Zombie basato sull'omonimo film commedia del 2000. Il gioco è stato rilasciato solo in Europa.,[],1,"[""Europa""]",2002,,
3076,Twisted Metal: Black,"[""PS2""]","[""Simulazione"", ""Guida"", ""Sparatutto""]",Twisted Metal: Black è un videogioco di combattimento automobilistico sviluppato da Incognito Entertainment e pubblicato da Sony Computer Entertainment per PlayStation 2 nel 2001. È il quinto capitolo della serie Twisted Metal.,[],1,"[""Europa""]",2001,Incognito Entertainment,Sony Computer Entertainment
3078,Mx Rider,"[""PS2""]","[""Simulazione"", ""Guida""]",Mx Rider è un gioco di simulazione di guida su motocross per PlayStation 2.,[],1,"[""Europa""]",2000,,
3079,Tactics Ogre: Let Us Cling Together,"[""PSP""]","[""Ruolo"", ""Avventura"", ""Strategia""]","Tactics Ogre: Let Us Cling Together è un gioco Fantasy strategico, ricco di classi, magie, abilità in stile grafico 2D retrò. Gameplay a turni, estremamente tattico.","[""Inglese""]",0,"[""USA""]",,,
3080,RoborWars Arena of Destruction,"[""PS2""]","[""Azione"", ""Combattimento""]","RoborWars Arena of Destruction è un videogioco di azione e combattimento ambientato in un'arena futuristica, dove i giocatori controllano robot armati e si affrontano in battaglie intense.","[""Italiano""]",1,"[""Europa""]",2003,,
3081,Sly Raccoon,"[""PS2""]","[""Azione"", ""Avventura""]",Sly Raccoon è un videogioco di azione e avventura sviluppato da Sucker Punch Productions e pubblicato da Sony Computer Entertainment per PlayStation 2 nel 2002.,"[""Italiano""]",1,"[""Europa""]",2002,Sucker Punch Productions,Sony Computer Entertainment
3082,International Superstar Soccer 3,"[""PS2""]","[""Calcio""]",Videogioco di calcio,[],1,"[""Europa""]",2001,,
3083,Futurama,"[""PS2""]","[""Avventura"", ""Azione""]",aROMa,[],0,"[""Europa""]",,,
3084,Soulcalibur 2,"[""PS2""]","[""Picchiaduro""]",Soulcalibur 2 è un videogioco picchiaduro sviluppato e pubblicato da Namco nel 2002. È il terzo capitolo della serie Soulcalibur.,[],1,"[""Europa""]",2002,Namco,Namco
3085,PES 6,"[""PS2""]","[""Calcio""]",aROMa,[],0,"[""Europa""]",,,
3086,Midnight Club 2,"[""PS2""]","[""Guida""]",Midnight Club 2 è un videogioco di corse automobilistiche open world sviluppato da Rockstar San Diego e pubblicato da Rockstar Games nel 2003 per PlayStation 2.,"[""Italiano""]",1,"[""Europa""]",2003,Rockstar San Diego,Rockstar Games
3087,PDF Extra,"[""PC""]","[""Strumento di conversione pdf""]","PDF Extra consente di convertire i file PDF in vari formati come Word, Excel, PowerPoint o immagini. Riordinare le pagine e organizzarle con facilità Inserite ed eliminate pagine, ruotatele, duplicatele e persino estraetele senza problemi grazie all'interfaccia drag & drop veloce e intuitiva.",[],1,"[""Internazionale""]",2023,,
3088,Epic Mickey: Rebrushed,"[""Switch""]","[""Piattaforma"", ""Azione"", ""Avventura""]","Disney Epic Mickey: Rebrushed porta la magia Disney in un vivace mondo platform 3D. In questo splendido remake, Topolino dovrà affrontare un viaggio epico attraverso Rifiutolandia, una terra popolata da personaggi Disney ormai dimenticati. Calandoti nei suoi panni, ti ritroverai in un mondo fantastico in cui brandirai pittura e solvente, due strumenti che ti permetteranno di plasmare il corso della tua avventura e il fato di questo universo alternativo.","[""Italiano""]",1,"[""Europa""]",2024,,
