id,source
1,
2,
3,
4,
5,
6,
7,
8,
9,
10,
12,
13,
18,
19,
20,
21,
22,
23,Sony - PlayStation 2/Named_Boxarts/Mountain Bike Adrenaline (USA).png
24,
25,"Nintendo - Game Boy Advance/Named_Boxarts/Sword of Mana (Europe) (Es,It).png"
26,"Nintendo - Game Boy Advance/Named_Boxarts/Godzilla - Domination! (Europe) (En,Fr,De,Es,It).png"
27,"Nintendo - Game Boy Advance/Named_Boxarts/Medal of Honor - Underground (Europe) (En,Fr,Es,It) (Ubi Soft).png"
28,"Nintendo - Game Boy Advance/Named_Boxarts/Top Gun - Firestorm Advance (USA, Europe) (En,Fr,De,Es,It).png"
29,"Nintendo - Game Boy Advance/Named_Boxarts/Driven (Europe) (En,Fr,De,Es,It).png"
30,"Sony - PlayStation 2/Named_Boxarts/Commandos - Strike Force (Europe) (En,Fr,De,Es,It).png"
31,"Sony - PlayStation 2/Named_Boxarts/Frequency (Europe) (En,Fr,De,Es,It).png"
32,"Nintendo - Game Boy Advance/Named_Boxarts/Broken Sword - The Shadow of the Templars (Europe) (En,Fr,De,Es,It).png"
33,"Nintendo - Game Boy Advance/Named_Boxarts/Tom Clancy's Rainbow Six - Rogue Spear (Europe) (En,Fr,De,Es,It).png"
34,
35,"Sony - PlayStation 2/Named_Boxarts/Soldier of Fortune - Gold Edition (Europe) (En,Fr,De,Es,It) (v1.01).png"
36,
37,
38,
39,
40,
41,
42,
43,"Sony - PlayStation 2/Named_Boxarts/State of Emergency (Europe) (En,Fr,Es,It) (v3.00).png"
44,"Sony - PlayStation 2/Named_Boxarts/Bionicle (Europe) (En,Fr,De,Es,It,Da).png"
45,
46,
47,
48,Sony - PlayStation 2/Named_Boxarts/Unlimited Saga (Europe).png
49,Sony - PlayStation/Named_Boxarts/Arc the Lad (Japan) (Rev 1).png
50,
51,
52,
53,"Sony - PlayStation/Named_Boxarts/Wacky Races (Europe) (En,Fr,De,Es,It,Nl).png"
54,
55,
56,
57,
58,"Sony - PlayStation 2/Named_Boxarts/Sengoku Anthology (Europe) (En,Fr,De,Es,It).png"
59,"Sony - PlayStation 2/Named_Boxarts/Scooby-Doo! Unmasked (Europe) (En,Fr,Es,It).png"
60,"Sony - PlayStation 2/Named_Boxarts/Agent Hugo - Hula Holiday (Europe) (En,Fr,De,Es,It,Nl,Pt).png"
61,"Sony - PlayStation 2/Named_Boxarts/Naruto - Ultimate Ninja 2 (Europe) (En,Fr,De,Es,It).png"
62,"Sony - PlayStation 2/Named_Boxarts/BloodRayne (Europe) (En,Fr,Es,It).png"
63,"Sony - PlayStation 2/Named_Boxarts/Tekken 4 (Europe) (En,Fr,De,Es,It) (v1.00).png"
64,"Sony - PlayStation 2/Named_Boxarts/Final Fantasy XII (Europe, Australia).png"
65,"Sony - PlayStation 2/Named_Boxarts/King's Field IV (Europe) (En,Fr,De,Es,It).png"
66,"Sony - PlayStation 2/Named_Boxarts/Diabolik - The Original Sin (Europe) (En,Fr,De,Es,It,Nl).png"
67,Sony - PlayStation 2/Named_Boxarts/Friends - The One with All the Trivia (Europe).png
68,"Sony - PlayStation 2/Named_Boxarts/Tekken Tag Tournament (Europe) (En,Fr,De,Es,It) (v1.00).png"
69,"Sony - PlayStation 2/Named_Boxarts/Spider-Man 2 (Europe) (En,Fr,De,Es,It).png"
70,"Sony - PlayStation 2/Named_Boxarts/Action Man A.T.O.M. - Alpha Teens on Machines (Europe) (En,Fr,De,Es,It,Nl,Sv,No,Da,Fi).png"
71,"Sony - PlayStation 2/Named_Boxarts/Sims 2, The - Castaway (Europe, Australia) (En,Fr,De,Es,It,Nl,Pt,Sv,No,Da,Fi,Pl,El).png"
72,"Sony - PlayStation 2/Named_Boxarts/Agent Hugo - Lemoon Twist (Europe) (En,Fr,De,Es,It,Nl,Pt).png"
73,Sony - PlayStation 2/Named_Boxarts/Virtua Cop - Elite Edition (Europe).png
74,"Sony - PlayStation 2/Named_Boxarts/Tekken 5 (Europe, Australia) (En,Fr,De,Es,It).png"
75,"Sony - PlayStation 2/Named_Boxarts/Underworld - The Eternal War (Europe) (En,Fr,De,Es,It).png"
76,
77,"Sony - PlayStation 2/Named_Boxarts/Mortal Kombat - Armageddon (Europe) (En,Fr,De,Es,It).png"
78,"Sony - PlayStation 2/Named_Boxarts/Mortal Kombat - Shaolin Monks (Europe) (En,Fr,De,Es,It).png"
79,"Sony - PlayStation 2/Named_Boxarts/Wild Arms 5 (Europe) (En,Fr,It).png"
80,"Sony - PlayStation 2/Named_Boxarts/Mortal Kombat - Deadly Alliance (Europe, Australia) (En,Fr,De,Es,It).png"
81,"Sony - PlayStation 2/Named_Boxarts/Mortal Kombat - Deception (Europe, Australia) (En,Fr,De,Es,It).png"
82,"Sony - PlayStation 2/Named_Boxarts/God of War II (Europe, Australia) (En,Fr,De,Es,It,Ru).png"
83,"Sony - PlayStation 2/Named_Boxarts/God of War (Europe, Australia) (En,Fr,De,Es,It).png"
84,
85,
86,
87,
88,"Sony - PlayStation 2/Named_Boxarts/WWE SmackDown! vs. Raw 2006 (Europe, Australia).png"
89,
90,
91,
92,
93,"Sony - PlayStation 2/Named_Boxarts/Toy Golf Extreme (Europe) (En,Fr,De,Es,It).png"
94,
95,
96,"Sony - PlayStation 2/Named_Boxarts/Family Guy - Video Game! (Europe) (En,Fr,De,Es,It).png"
97,"Nintendo - Nintendo 3DS/Named_Boxarts/Paper Mario - Sticker Star (Europe) (En,Fr,De,Es,It).png"
98,
99,
100,
101,
102,"Nintendo - Wii/Named_Boxarts/101-in-1 Sports Party Megamix (Europe) (En,Fr,De,Es,It,Nl).png"
103,
104,Sony - PlayStation 2/Named_Boxarts/Pink Pong (Europe).png
105,"Sony - PlayStation 2/Named_Boxarts/SpinDrive Ping Pong (Europe) (En,Fr,De).png"
106,
107,
108,
109,
110,
111,
112,
113,
114,
115,
116,
117,
118,
119,
120,
121,
122,
123,
124,
125,
126,
127,
128,
129,
130,
131,
132,
133,
134,
135,"Sony - PlayStation 2/Named_Boxarts/Spiderwick Chronicles, The (Europe) (En,Fr,De,Es,It).png"
136,"Sony - PlayStation 2/Named_Boxarts/Red Star, The (Europe, Australia) (En,Fr,De,Es,It).png"
137,"Sony - PlayStation 2/Named_Boxarts/Sky Odyssey (Europe) (En,Fr,De,Es,It).png"
138,
139,
140,
141,
142,
143,
144,
145,
146,
147,"Sony - PlayStation 2/Named_Boxarts/Def Jam - Fight for NY (Europe, Australia) (En,Fr).png"
148,"Sony - PlayStation 2/Named_Boxarts/Altered Beast (Europe) (En,Fr,De,Es,It).png"
149,"Sony - PlayStation 2/Named_Boxarts/Just Cause (Europe) (En,Es,It).png"
150,"Sony - PlayStation 2/Named_Boxarts/Mr. Bean (Europe) (En,Fr,De,Es,It,Nl,Pt,Sv,No,Da,Fi).png"
151,"Sony - PlayStation 2/Named_Boxarts/Agent Hugo - RoboRumble (Europe) (En,Fr,De,Es,It,Nl,Pt,Sv,No,Da,Fi).png"
152,
153,
154,
155,
156,"Sony - PlayStation 2/Named_Boxarts/Legacy of Kain - Soul Reaver 2 (Europe) (En,Fr,De,Es,It).png"
157,"Sony - PlayStation 2/Named_Boxarts/Scooby-Doo! and the Spooky Swamp (Europe) (En,Fr,De,Es,It).png"
158,"Sony - PlayStation 2/Named_Boxarts/Van Helsing (Europe, Australia) (En,Fr,De,Es,It).png"
159,"Sony - PlayStation 2/Named_Boxarts/Eragon (Europe, Australia) (En,Fr,De,Es,It).png"
160,
161,"Sony - PlayStation 2/Named_Boxarts/Shinobi (Europe) (En,Fr,De,Es,It).png"
162,
163,
164,"Sony - PlayStation 2/Named_Boxarts/War Chess (Europe) (En,Fr,De,Es,It).png"
165,
166,"Sony - PlayStation 2/Named_Boxarts/Agent Hugo (Europe) (En,Fr,De,Es,It,Nl,Pt,Sv,No,Da,Fi).png"
167,"Sony - PlayStation 2/Named_Boxarts/Dragon's Lair 3D - Special Edition (Europe) (En,Fr,De,Es,It).png"
168,Sony - PlayStation 2/Named_Boxarts/Racing Battle - C1 Grand Prix (Japan) (Taikenban).png
169,"Sony - PlayStation 2/Named_Boxarts/Alias (Europe) (En,Fr,De,Es).png"
170,"Sony - PlayStation 2/Named_Boxarts/Hugo - CannonCruise (Europe) (En,Es,Pt,Pl).png"
171,"Sony - PlayStation 2/Named_Boxarts/Hugo - Magic in the Trollwoods (Europe) (En,De,Es,Pt).png"
172,"Sony - PlayStation 2/Named_Boxarts/Hugo - Bukkazoom! (Europe) (En,Fr,De,Es,It,Nl,Pt,Sv,No,Da,Fi,Pl).png"
173,
174,"Sony - PlayStation 2/Named_Boxarts/Evil Twin - Cyprien's Chronicles (Europe) (En,Fr,De,Es,It).png"
175,
176,
177,
179,
180,
181,
182,
183,
184,
186,
187,
188,
189,
190,
191,
192,
194,
195,
196,
197,
198,
199,
200,
201,
202,
203,
204,
205,
206,
208,
209,
210,
211,
212,
213,
214,
215,
216,
217,
218,Sony - PlayStation/Named_Boxarts/Space Hulk - Vengeance of the Blood Angels (Europe).png
219,Sony - PlayStation 2/Named_Boxarts/Ghost Vibration (Europe).png
220,
221,
222,
223,"Sony - PlayStation 2/Named_Boxarts/Thing, The (Europe) (En,Fr,Es,It).png"
224,"Sony - PlayStation/Named_Boxarts/Note, The (Europe) (En,Fr,De,Es,It).png"
225,"Sony - PlayStation 2/Named_Boxarts/Darkwatch (Europe, Australia) (En,Fr,De,Es,It).png"
226,Sony - PlayStation 2/Named_Boxarts/Evil Dead - Regeneration (Europe).png
227,Sony - PlayStation/Named_Boxarts/Evil Dead - Hail to the King (Europe) (Disc 1).png
228,Sony - PlayStation/Named_Boxarts/Dracula 2 - L'Ultimo Santuario (Italy) (Disc 1).png
229,Sony - PlayStation/Named_Boxarts/Dracula - La Risurrezione (Italy) (Disc 1).png
230,
231,
232,
234,
235,Sony - PlayStation 2/Named_Boxarts/Echo Night - Beyond (Europe).png
238,"Sony - PlayStation Portable/Named_Boxarts/Dead Head Fred (Europe) (En,Fr,De,Es,It).png"
239,"Sony - PlayStation Portable/Named_Boxarts/Gripshift (Europe) (En,Fr,De,Es,It).png"
240,"Sony - PlayStation Portable/Named_Boxarts/Asphalt - Urban GT 2 (Europe) (En,Fr,De,Es,It) (v1.01).png"
241,
242,
243,"Sony - PlayStation Portable/Named_Boxarts/Ape Escape P (Europe) (En,Fr,De,Es,It).png"
244,"Sony - PlayStation Portable/Named_Boxarts/Ape Academy 2 (Europe) (En,Fr,De,Es,It,Nl,Pt,Ru).png"
245,"Sony - PlayStation Portable/Named_Boxarts/Ape Academy (Europe) (En,Fr,De,Es,It).png"
246,
247,
248,
249,
250,
251,
252,
253,Sony - PlayStation/Named_Boxarts/Parasite Eve (USA) (Disc 1).png
254,"Sony - PlayStation 2/Named_Boxarts/Legacy of Kain - Defiance (Europe) (En,Fr,De,Es,It).png"
255,"Sony - PlayStation 2/Named_Boxarts/Blood Omen 2 - The Legacy of Kain Series (Europe) (Fr,Es,It).png"
256,"Sony - PlayStation 2/Named_Boxarts/Grand Theft Auto III (Europe) (En,Fr,De,Es,It) (v1.40).png"
257,"Sony - PlayStation 2/Named_Boxarts/Maximo - Ghosts to Glory (Europe) (En,Fr,De,Es,It).png"
258,"Sony - PlayStation 2/Named_Boxarts/Maximo vs Army of Zin (Europe) (En,Fr,De,Es,It).png"
259,"Sony - PlayStation 2/Named_Boxarts/Spy Fiction (Europe) (En,Fr,De,Es,It).png"
260,
261,
262,
263,
264,Sony - PlayStation 2/Named_Boxarts/Blade II (Europe).png
265,"Sony - PlayStation 2/Named_Boxarts/Frank Herbert's Dune (Europe) (En,Fr,De,Es,It).png"
266,Sony - PlayStation 2/Named_Boxarts/Gun Club (Italy).png
267,
268,
269,
270,
271,
272,
273,Sony - PlayStation 2/Named_Boxarts/Harry Potter e la Camera dei Segreti (Italy).png
275,
276,"Sony - PlayStation 2/Named_Boxarts/I-Ninja (Europe) (En,Fr,De,Es,It).png"
277,
278,
279,
280,
281,"Sony - PlayStation 2/Named_Boxarts/Knights of the Temple II (Europe) (En,Fr,De,Es,It).png"
282,"Sony - PlayStation 2/Named_Boxarts/Knights of the Temple - Infernal Crusade (Europe) (En,Fr,De,Es).png"
283,Sony - PlayStation 2/Named_Boxarts/Yourself!Fitness (USA).png
284,Sony - PlayStation 2/Named_Boxarts/Fitness Fun (Europe).png
285,
286,
287,
288,
289,
290,
291,
292,
293,
294,
295,
296,
297,
298,
299,
300,
301,
302,
303,
304,"Nintendo - Nintendo 3DS/Named_Boxarts/Monster Hunter 4 Ultimate (Europe) (En,Fr,De,Es,It).png"
305,
306,
307,Nintendo - Super Nintendo Entertainment System/Named_Boxarts/Chrono Trigger (USA).png
308,
309,
310,
311,
312,
313,
314,
315,
316,
317,
318,
319,
321,
322,
323,
324,
325,
326,
327,
328,
329,
331,
332,
333,
334,
337,"Sony - PlayStation 2/Named_Boxarts/Playboy - The Mansion (Europe) (En,Fr,De,Es,It).png"
338,
339,"Sony - PlayStation 2/Named_Boxarts/Suffering, The - Ties That Bind (Europe) (En,Es,It).png"
340,"Sony - PlayStation 2/Named_Boxarts/Suffering, The (Europe) (En,Es,It).png"
341,
342,Sony - PlayStation 3/Named_Boxarts/Demon's Souls (Europe).png
343,
344,"Sony - PlayStation 2/Named_Boxarts/Haunting Ground (Europe) (En,Fr,De,Es,It).png"
345,
346,"Sony - PlayStation 2/Named_Boxarts/Cold Fear (Europe) (En,Fr,De,Es,It).png"
347,
348,"Sony - PlayStation 2/Named_Boxarts/Buffy the Vampire Slayer - Chaos Bleeds (Europe) (En,Fr,De,Es).png"
349,
351,
352,"Sony - PlayStation Portable/Named_Boxarts/Manhunt 2 (Europe) (En,Fr,De,Es,It) (v1.02).png"
353,Sony - PlayStation/Named_Boxarts/Resident Evil - Survivor (Europe).png
354,Sony - PlayStation/Named_Boxarts/Resident Evil 3 - Nemesis (Europe).png
355,Sony - PlayStation/Named_Boxarts/Resident Evil 2 (Europe) (Disc 1).png
356,Sony - PlayStation/Named_Boxarts/Resident Evil - Director's Cut (Europe).png
357,Sony - PlayStation/Named_Boxarts/Resident Evil (Europe) (EDC).png
358,"Sony - PlayStation 2/Named_Boxarts/Clock Tower 3 (Europe) (En,Fr,De,Es,It).png"
359,Sony - PlayStation/Named_Boxarts/Parasite Eve II (Europe) (Disc 1).png
360,"Sony - PlayStation/Named_Boxarts/Nightmare Creatures II (Europe) (En,Fr,De).png"
361,Sony - PlayStation/Named_Boxarts/Nightmare Creatures (Europe).png
362,
363,
364,Sony - PlayStation/Named_Boxarts/Koudelka (Europe) (Disc 1).png
365,
367,"Sony - PlayStation 2/Named_Boxarts/Vampire Night (Europe, Australia) (En,Fr,De,Es,It).png"
368,Sony - PlayStation/Named_Boxarts/Galerians (Europe) (Disc 1).png
369,
370,
371,Sony - PlayStation/Named_Boxarts/Clock Tower - The First Fear (Japan).png
372,Sony - PlayStation/Named_Boxarts/Clock Tower (Europe).png
373,
374,
375,
376,"Nintendo - GameCube/Named_Boxarts/Eternal Darkness - Sanity's Requiem (Europe) (En,Fr,De,Es,It).png"
377,
378,
379,
380,
381,
382,
383,
386,
387,Sony - PlayStation/Named_Boxarts/Alone in the Dark - The New Nightmare (Europe) (Disc 1).png
388,"Sony - PlayStation/Named_Boxarts/Alone in the Dark - Jack Is Back (Europe) (En,Fr,De,Es,It).png"
390,
391,
392,"Sony - PlayStation 2/Named_Boxarts/Project Zero 3 (Europe) (En,Fr,De,Es,It).png"
393,
394,"Sony - PlayStation 2/Named_Boxarts/Project Zero (Europe) (En,Fr,De,Es,It).png"
395,"Sony - PlayStation 2/Named_Boxarts/Forbidden Siren 2 (Europe) (En,Fr,De,Es,It).png"
396,Sony - PlayStation 2/Named_Boxarts/Forbidden Siren (Europe).png
397,
398,"Sony - PlayStation 2/Named_Boxarts/Rule of Rose (Europe) (En,Fr,De,Es,It).png"
399,
400,"Sony - PlayStation Portable/Named_Boxarts/Silent Hill - Origins (USA) (En,Fr,De,Es,It).png"
401,Sony - PlayStation Portable/Named_Boxarts/Silent Hill - Shattered Memories (USA).png
402,"Sony - PlayStation 2/Named_Boxarts/Silent Hill - Shattered Memories (Europe) (En,Fr,De,Es,It).png"
403,"Sony - PlayStation 2/Named_Boxarts/Silent Hill 4 - The Room (Europe) (En,Fr,De,Es,It).png"
404,"Sony - PlayStation 2/Named_Boxarts/Silent Hill 3 (Europe) (En,Fr,De,Es,It).png"
405,"Sony - PlayStation 2/Named_Boxarts/Silent Hill 2 (Europe) (En,Ja,Fr,De,Es,It).png"
406,"Sony - PlayStation 2/Named_Boxarts/Silent Hill Origins (Europe) (En,Fr,De,Es,It).png"
407,"Sony - PlayStation/Named_Boxarts/Silent Hill (Europe) (En,Fr,De,Es,It).png"
408,"Sony - PlayStation 2/Named_Boxarts/Resident Evil 4 (Europe) (En,Fr,De,Es,It).png"
409,"Sony - PlayStation 2/Named_Boxarts/Resident Evil - Outbreak - File 2 (Europe) (En,Fr,De,Es,It).png"
410,"Sony - PlayStation 2/Named_Boxarts/Resident Evil - Outbreak (Europe, Australia) (En,Fr,De,Es,It).png"
411,"Sony - PlayStation 2/Named_Boxarts/Resident Evil - Dead Aim (Europe) (En,Fr,De,Es,It).png"
412,"Sony - PlayStation 2/Named_Boxarts/Resident Evil - Code - Veronica X (Europe) (En,Fr,De,Es).png"
413,Sony - PlayStation 2/Named_Boxarts/Resident Evil - Survivor 2 - Code - Veronica (Europe).png
414,
416,
418,
419,"Sony - PlayStation Portable/Named_Boxarts/MotorStorm - Arctic Edge (Europe) (En,Fr,De,Es,It,Nl,Pt,Sv,No,Da,Fi,Pl,Ru,El).png"
420,"Sony - PlayStation Portable/Named_Boxarts/Soulcalibur - Broken Destiny (Europe) (En,Fr,De,Es,It,Ru).png"
421,Sony - PlayStation Portable/Named_Boxarts/Syphon Filter - Combat Ops (USA).png
422,Sony - PlayStation Portable/Named_Boxarts/Syphon Filter - Dark Mirror (USA).png
423,"Sony - PlayStation Portable/Named_Boxarts/Syphon Filter - Logan's Shadow (Europe) (En,Fr,De,Es,It,Pl,Ru).png"
424,
425,
426,"Sony - PlayStation Portable/Named_Boxarts/WALL-E (Europe) (En,Sv).png"
427,Sony - PlayStation Portable/Named_Boxarts/Up (Netherlands).png
428,Sony - PlayStation Portable/Named_Boxarts/Ratatouille (Sweden).png
429,"Sony - PlayStation Portable/Named_Boxarts/Cars (Korea) (En,Ko).png"
430,Sony - PlayStation Portable/Named_Boxarts/Crash Tag Team Racing (USA) (v1.01).png
431,Sony - PlayStation Portable/Named_Boxarts/Dante's Inferno (Europe).png
432,
435,
438,
439,Sony - PlayStation Portable/Named_Boxarts/Lemmings (Japan).png
441,
443,Sony - PlayStation Portable/Named_Boxarts/LocoRoco - Midnight Carnival (USA).png
444,"Sony - PlayStation Portable/Named_Boxarts/LocoRoco 2 (Europe) (En,Fr,De,Es,It,Nl,Pt,Sv,No,Da,Fi,Ru).png"
445,"Sony - PlayStation Portable/Named_Boxarts/LocoRoco (Europe) (En,Fr,De,Es,It,Nl,Pt,Sv,No,Da,Fi,Ru).png"
446,"Sony - PlayStation Portable/Named_Boxarts/Ratchet _ Clank - Size Matters (Europe) (En,Fr,De,Es,It,Nl,Pt,Sv,No,Da,Fi).png"
447,"Sony - PlayStation Portable/Named_Boxarts/F1 2009 (Europe) (En,Fr,De,Es,It) (v1.01).png"
448,
449,
451,
452,
453,"Sony - PlayStation Portable/Named_Boxarts/Patapon 3 (Europe) (En,Fr,De,Es,It,Nl,Pt,Pl,Ru).png"
454,"Sony - PlayStation Portable/Named_Boxarts/Patapon 2 (Europe) (En,Fr,De,Es,It).png"
455,"Sony - PlayStation Portable/Named_Boxarts/Patapon (Europe) (En,Fr,De,Es,It).png"
456,"Sony - PlayStation Portable/Named_Boxarts/Killzone - Liberation (USA) (En,Fr,De,Es,It,Nl,Pl,Ru).png"
457,Sony - PlayStation Portable/Named_Boxarts/Race Driver 2006 (USA).png
459,Sony - PlayStation Portable/Named_Boxarts/Tenchu - Shadow Assassins (Europe).png
460,"Sony - PlayStation Portable/Named_Boxarts/Tenchu - Time of the Assassins (Europe) (En,Fr,De,Es,It) (v1.01).png"
461,"Sony - PlayStation Portable/Named_Boxarts/God of War - Chains of Olympus (Europe) (En,Fr,De,Es,It).png"
463,
464,
465,
466,"Sony - PlayStation Portable/Named_Boxarts/Tom Clancy's Ghost Recon - Predator (USA) (En,Fr,Es).png"
467,
468,
469,Sony - PlayStation Portable/Named_Boxarts/Pac-Man Championship Edition (USA) (Minis).png
470,
471,
472,"Sony - PlayStation Portable/Named_Boxarts/Tekken 6 (USA) (En,Fr,De,Es,It,Ru).png"
473,"Sony - PlayStation Portable/Named_Boxarts/Tekken - Dark Resurrection (Europe) (En,Fr,De,Es,It) (v1.00).png"
474,Sony - PlayStation Portable/Named_Boxarts/Metal Gear Solid - Portable Ops (USA) (v1.02).png
475,"Sony - PlayStation Portable/Named_Boxarts/Metal Gear Solid - Peace Walker (Europe) (En,Fr,De,Es,It) (v1.01).png"
476,
477,Sony - PlayStation Portable/Named_Boxarts/Metal Gear Ac!d 2 (USA).png
478,"Sony - PlayStation Portable/Named_Boxarts/Metal Gear Ac!d (Europe) (En,Fr,De,Es,It).png"
481,
482,
483,"Sony - PlayStation Portable/Named_Boxarts/LEGO Indiana Jones - The Original Adventures (USA) (En,Fr,Es) (v1.01).png"
484,"Sony - PlayStation Portable/Named_Boxarts/LEGO Star Wars II - The Original Trilogy (Europe) (En,Fr,De,Es,It,Da) (v1.02).png"
485,"Sony - PlayStation Portable/Named_Boxarts/LEGO Pirates of the Caribbean - The Video Game (USA) (En,Fr,Es).png"
486,
487,"Sony - PlayStation Portable/Named_Boxarts/LEGO Harry Potter - Years 1-4 (Europe) (En,Fr,De,Es,It,Nl) (v1.02).png"
488,
489,
490,
492,
494,"Sony - PlayStation Portable/Named_Boxarts/Peter Jackson's King Kong - The Official Game of the Movie (Europe) (En,Fr,De,Es,It,Nl,Sv,No,Da,Fi).png"
495,"Sony - PlayStation Portable/Named_Boxarts/Exit 2 (Europe) (En,Fr,De,Es,It).png"
497,"Sony - PlayStation Portable/Named_Boxarts/Need for Speed - Underground Rivals (Europe) (En,Fr,De,Es,It).png"
498,"Sony - PlayStation Portable/Named_Boxarts/Need for Speed - Undercover (Europe) (En,Fr,De,Es,It,Nl,Pl,Ru,Cs,Hu).png"
499,
500,
501,"Sony - PlayStation Portable/Named_Boxarts/Need for Speed - Shift (Europe) (En,Fr,De,Es,It).png"
502,"Sony - PlayStation Portable/Named_Boxarts/Mortal Kombat - Unchained (Europe) (En,Fr,De,Es,It) (v1.03).png"
503,
504,
505,Sony - PlayStation Portable/Named_Boxarts/WWE SmackDown vs. Raw 2011 (USA).png
506,
507,
508,
509,Sony - PlayStation Portable/Named_Boxarts/WWE SmackDown! vs. RAW 2007 (Japan) (v1.01).png
510,
511,Sony - PlayStation Portable/Named_Boxarts/WWE All-Stars (USA).png
512,Sony - PlayStation Portable/Named_Boxarts/Kinnikuman - Muscle Generations (Japan) (v1.02).png
513,"Sony - PlayStation Portable/Named_Boxarts/Grand Theft Auto - Vice City Stories (Europe) (En,Fr,De,Es,It) (v1.02).png"
514,"Sony - PlayStation Portable/Named_Boxarts/Grand Theft Auto - Liberty City Stories (Europe) (En,Fr,De,Es,It) (v1.05).png"
515,"Sony - PlayStation Portable/Named_Boxarts/Grand Theft Auto - Chinatown Wars (Europe) (En,Fr,De,Es,It) (v1.01).png"
517,"Sony - PlayStation Portable/Named_Boxarts/3rd Birthday, The (Europe).png"
518,
519,Sony - PlayStation Portable/Named_Boxarts/Fate-Extra (USA).png
520,Sony - PlayStation Portable/Named_Boxarts/Final Fantasy Tactics - The War of the Lions (Europe).png
521,Sony - PlayStation Portable/Named_Boxarts/Crisis Core - Final Fantasy VII (Europe).png
522,"Sony - PlayStation Portable/Named_Boxarts/Dissidia - Final Fantasy (Europe) (En,Fr,De,Es,It).png"
523,
524,Sony - PlayStation Portable/Named_Boxarts/Final Fantasy III (USA).png
525,Sony - PlayStation Portable/Named_Boxarts/Final Fantasy II (Japan) (v1.02).png
526,
527,"Sony - PlayStation Portable/Named_Boxarts/Ultimate Ghosts 'n Goblins (Europe) (En,Fr,De,Es,It).png"
528,
529,"Sony - PlayStation Portable/Named_Boxarts/Castlevania - The Dracula X Chronicles (Europe) (En,Fr,De,Es,It) (v1.03).png"
531,Sony - PlayStation Portable/Named_Boxarts/Tales of Destiny 2 (Japan).png
532,Sony - PlayStation Portable/Named_Boxarts/Tales of Eternia (Europe) (v2.02).png
533,
534,"Sony - PlayStation Portable/Named_Boxarts/Legend of Heroes III, The - Song of the Ocean (USA) (v1.01).png"
535,Sony - PlayStation Portable/Named_Boxarts/Legend of Heroes - Trails in the Sky - Second Chapter (Europe) (PSN) (Disc 1).png
536,"Sony - PlayStation Portable/Named_Boxarts/Legend of Heroes, The - Trails in the Sky (Europe).png"
537,Sony - PlayStation Portable/Named_Boxarts/Untold Legends - The Warrior's Code (Japan) (v1.03).png
538,
542,"Sony - PlayStation Portable/Named_Boxarts/Sonic Rivals 2 (Europe) (En,Fr,De,Es,It) (v1.01).png"
543,"Sony - PlayStation Portable/Named_Boxarts/Sonic Rivals (Europe) (En,Fr,De,Es,It) (v1.01).png"
546,"Sony - PlayStation Portable/Named_Boxarts/Buzz! Brain Bender (Europe) (Sv,No,Da,Fi) (v1.01).png"
547,
548,Sony - PlayStation Portable/Named_Boxarts/Buzz! Il Quizzone Nazionale (Italy) (v1.01).png
549,"Sony - PlayStation Portable/Named_Boxarts/Assassin's Creed - Bloodlines (Europe) (En,Fr,De,Es,It,Ru).png"
550,"Sony - PlayStation Portable/Named_Boxarts/Echochrome (Europe, Australia) (En,Fr,De,Es,It,Nl,Pt,Ru).png"
551,"Sony - PlayStation Portable/Named_Boxarts/Echoshift (Europe) (En,Fr,De,Es,It,Nl,Pt,Ru) (v1.00).png"
553,
554,
556,
557,
558,
559,
560,
561,
562,
563,
565,
566,"Sony - PlayStation Portable/Named_Boxarts/Pro Evolution Soccer 2013 (Europe) (Fr,De).png"
567,
568,
569,
570,
571,
572,
573,
574,
575,
576,
577,Sony - PlayStation Portable/Named_Boxarts/FIFA Street 2 (Japan) (v1.02).png
578,Sony - PlayStation Portable/Named_Boxarts/FIFA World Cup - Germany 2006 (Asia) (En).png
579,Sony - PlayStation Portable/Named_Boxarts/FIFA 14 (Germany).png
580,"Sony - PlayStation Portable/Named_Boxarts/FIFA 13 (Europe) (En,Es).png"
581,Sony - PlayStation Portable/Named_Boxarts/FIFA 12 (Russia).png
582,Sony - PlayStation Portable/Named_Boxarts/FIFA 11 (Russia) (v2.01) (Platinum Edition).png
583,Sony - PlayStation Portable/Named_Boxarts/FIFA 10 (Asia) (En).png
584,
585,
586,Sony - PlayStation Portable/Named_Boxarts/FIFA 07 (Korea) (v1.01).png
587,Sony - PlayStation Portable/Named_Boxarts/FIFA 06 (Korea) (v1.01).png
589,
590,
591,
593,Sony - PlayStation Portable/Named_Boxarts/Michael Jackson - The Experience (USA).png
594,Sony - PlayStation Portable/Named_Boxarts/Spider-Man 3 (USA).png
595,Sony - PlayStation Portable/Named_Boxarts/Spider-Man 2 (USA).png
596,Sony - PlayStation Portable/Named_Boxarts/Spider-Man - Friend or Foe (USA).png
597,
598,"Sony - PlayStation Portable/Named_Boxarts/MediEvil - Resurrection (Europe) (En,Fr,De,Es,It) (v1.03).png"
600,Sony - PlayStation/Named_Boxarts/Twisted Metal - World Tour (Europe).png
601,Sony - PlayStation/Named_Boxarts/Twisted Metal (Europe).png
603,Sony - PlayStation/Named_Boxarts/Turnabout (Europe).png
606,Sony - PlayStation/Named_Boxarts/True Pinball (Europe).png
607,Sony - PlayStation/Named_Boxarts/Truck Racing (Europe).png
608,Sony - PlayStation/Named_Boxarts/Triple Play Baseball 2000 (Europe).png
609,Sony - PlayStation/Named_Boxarts/Trickshot (Europe).png
610,Sony - PlayStation/Named_Boxarts/Trick'n Snowboarder (Europe).png
611,Sony - PlayStation/Named_Boxarts/Treasures of the Deep (Europe).png
614,"Sony - PlayStation/Named_Boxarts/Transport Tycoon (Europe) (En,Fr,De,Es,It).png"
616,Sony - PlayStation/Named_Boxarts/Total NBA 98 (Europe).png
617,Sony - PlayStation/Named_Boxarts/Total NBA '97 (Europe).png
618,Sony - PlayStation/Named_Boxarts/Total NBA '96 (Europe).png
619,Sony - PlayStation/Named_Boxarts/Total Eclipse Turbo (Europe).png
620,"Sony - PlayStation/Named_Boxarts/Total Drivin (Europe) (En,Fr,De,Es,It,Pt).png"
622,Sony - PlayStation/Named_Boxarts/Tony Hawk's Pro Skater 4 (Europe).png
623,Sony - PlayStation/Named_Boxarts/Tony Hawk's Pro Skater 3 (Europe).png
624,"Sony - PlayStation/Named_Boxarts/Tony Hawk's Pro Skater 2 (Europe, Australia).png"
625,Sony - PlayStation/Named_Boxarts/Tony Hawk's Skateboarding (Europe).png
626,"Sony - PlayStation/Named_Boxarts/Tommi Maekinen Rally (Europe) (En,Fr,De,Es,Fi).png"
627,Sony - PlayStation/Named_Boxarts/Tomba! 2 - The Evil Swine Return (USA).png
628,"Sony - PlayStation/Named_Boxarts/Tombi! (Europe) (En,Es,Pt,Sv,Da) (Rev 1).png"
629,Sony - PlayStation/Named_Boxarts/Tomb Raider Chronicles - La Leggenda di Lara Croft (Italy).png
630,"Sony - PlayStation/Named_Boxarts/Tomb Raider - The Last Revelation (Europe, Australia).png"
631,Sony - PlayStation/Named_Boxarts/Tomb Raider III - Adventures of Lara Croft (Europe) (Rev 1) (EDC).png
632,Sony - PlayStation/Named_Boxarts/Tomb Raider II - Starring Lara Croft (Europe) (EDC).png
633,Sony - PlayStation/Named_Boxarts/Tomb Raider (Europe) (EDC).png
634,Sony - PlayStation/Named_Boxarts/Tom Clancy's Rainbow Six - Rogue Spear (USA).png
635,"Sony - PlayStation/Named_Boxarts/Tom Clancy's Rainbow Six - Lone Wolf (Europe) (En,Fr,De,Es,It).png"
636,"Sony - PlayStation/Named_Boxarts/Tom Clancy's Rainbow Six (Europe) (En,Fr,It).png"
639,"Sony - PlayStation/Named_Boxarts/TOCA World Touring Cars (Europe) (En,Fr,De).png"
640,"Sony - PlayStation/Named_Boxarts/TOCA 2 Touring Cars (Europe) (En,Fr,De) (Rev 1).png"
641,"Sony - PlayStation/Named_Boxarts/TOCA Touring Car Championship (Europe) (En,Fr,De,Es,It) (Rev 1).png"
642,Sony - PlayStation/Named_Boxarts/Tobal No. 1 (Europe).png
643,Sony - PlayStation/Named_Boxarts/Tiny Toon Adventures - Toonenstein - Dare to Scare! (Europe).png
644,"Sony - PlayStation/Named_Boxarts/Tiny Toon Adventures - Plucky's Big Adventure (Europe) (En,Fr,De).png"
645,"Sony - PlayStation/Named_Boxarts/Tiny Toon Adventures - Buster and the Beanstalk (Europe) (En,Es,Pt).png"
646,Sony - PlayStation/Named_Boxarts/Tiny Tank (Europe).png
647,"Sony - PlayStation/Named_Boxarts/Tintin - Destination Adventure (Europe) (En,Fr,De,Es,It,Nl,Pt).png"
648,"Sony - PlayStation/Named_Boxarts/Time Crisis - Project Titan (Europe) (En,Fr,De,Es,It).png"
649,"Sony - PlayStation/Named_Boxarts/Time Crisis (Europe) (En,Fr,De).png"
653,Sony - PlayStation/Named_Boxarts/Tigershark (Europe).png
654,"Sony - PlayStation/Named_Boxarts/Tiger Woods PGA Tour 2000 (Europe) (En,Fr,De,Es,Sv).png"
655,
656,"Sony - PlayStation/Named_Boxarts/Tiger Woods 99 PGA Tour Golf (Europe) (En,Fr,De,Es,Sv).png"
657,
659,
660,Sony - PlayStation/Named_Boxarts/This Is Football 2 (Europe).png
662,"Sony - PlayStation/Named_Boxarts/Theme Park World (Europe) (En,Fr,De,Es,It,Nl,Sv).png"
663,"Sony - PlayStation/Named_Boxarts/Theme Park (Europe) (En,Fr,De,Es,Sv).png"
664,"Sony - PlayStation/Named_Boxarts/Theme Hospital (Europe) (En,Fr,De,Es,It,Sv).png"
665,Sony - PlayStation/Named_Boxarts/Tetris Plus (Europe).png
666,Sony - PlayStation/Named_Boxarts/Test Drive Off-Road (Europe).png
667,"Sony - PlayStation/Named_Boxarts/Test Drive 6 (Europe) (En,Fr,De,Es,It).png"
668,"Sony - PlayStation/Named_Boxarts/Test Drive 5 (Europe) (En,Fr,De,Es,It,Nl,Sv).png"
670,"Sony - PlayStation/Named_Boxarts/Test Drive 4 (Europe) (En,Fr,De,It).png"
672,"Sony - PlayStation/Named_Boxarts/Tennis Arena (Europe) (En,Fr,De,Es,It).png"
673,Sony - PlayStation/Named_Boxarts/Tenchu 2 - Birth of the Stealth Assassins (Europe).png
674,"Sony - PlayStation/Named_Boxarts/Tenchu - Stealth Assassins (Europe) (En,Fr,It).png"
675,Sony - PlayStation/Named_Boxarts/Ten Pin Alley (Europe).png
676,Sony - PlayStation/Named_Boxarts/Tempest X3 (Europe).png
678,Sony - PlayStation/Named_Boxarts/Tekken 3 (Europe).png
679,Sony - PlayStation/Named_Boxarts/Tekken 2 (Europe) (EDC).png
680,Sony - PlayStation/Named_Boxarts/Tekken (Europe).png
683,"Sony - PlayStation/Named_Boxarts/Taxi 2 (France) (En,Fr).png"
686,Sony - PlayStation/Named_Boxarts/T'ai Fu - Wrath of the Tiger (Europe).png
687,Sony - PlayStation/Named_Boxarts/Syphon Filter 3 (Europe).png
688,Sony - PlayStation/Named_Boxarts/Syphon Filter 2 (Europe) (Rev 1).png
689,Sony - PlayStation/Named_Boxarts/Syphon Filter (Europe).png
690,"Sony - PlayStation/Named_Boxarts/Syndicate Wars (Europe) (En,Fr,Es,It,Sv).png"
691,Sony - PlayStation/Named_Boxarts/Sydney 2000 (Europe).png
693,"Sony - PlayStation/Named_Boxarts/Swing (Europe) (En,Fr,De).png"
694,"Sony - PlayStation/Named_Boxarts/Swagman (Europe) (En,Fr,De).png"
695,Sony - PlayStation/Named_Boxarts/Sven-Goeran Eriksson's World Manager (Europe).png
696,Sony - PlayStation/Named_Boxarts/Sven-Goeran Eriksson's World Challenge (Europe).png
697,Sony - PlayStation/Named_Boxarts/Suzuki Alstare Challenge (France).png
698,Sony - PlayStation/Named_Boxarts/Surf Riders (Europe).png
701,Sony - PlayStation/Named_Boxarts/Superbike Masters (Europe).png
702,"Sony - PlayStation/Named_Boxarts/EA Sports Supercross 2000 (Europe) (En,Fr,De,Es,It,Nl,Sv).png"
704,
706,Sony - PlayStation/Named_Boxarts/Super Puzzle Fighter II Turbo (Europe).png
707,Sony - PlayStation/Named_Boxarts/Super Pang Collection (Europe).png
708,"Sony - PlayStation/Named_Boxarts/Super Match Soccer (Europe) (En,Fr,De,Es,It).png"
709,Sony - PlayStation/Named_Boxarts/Super Football Champ (Europe).png
711,Sony - PlayStation/Named_Boxarts/Suikoden II (Europe).png
712,Sony - PlayStation/Named_Boxarts/Suikoden (Europe).png
714,Sony - PlayStation/Named_Boxarts/Stuart Little 2 (Europe).png
715,Sony - PlayStation/Named_Boxarts/Strikers 1945 II (Europe).png
716,Sony - PlayStation/Named_Boxarts/Striker 96 (Europe) (Rev 1).png
718,Sony - PlayStation/Named_Boxarts/Strider 2 (Europe).png
719,"Sony - PlayStation/Named_Boxarts/Street Skater 2 (Europe) (En,Fr,De).png"
720,"Sony - PlayStation/Named_Boxarts/Street Skater (Europe) (En,Fr,De).png"
722,Sony - PlayStation/Named_Boxarts/Dragon Ball Z - Idai naru Dragon Ball Densetsu (Japan).png
724,Sony - PlayStation/Named_Boxarts/Street Fighter EX2 Plus (Europe).png
725,Sony - PlayStation/Named_Boxarts/Street Fighter EX Plus Alpha (Europe).png
726,Sony - PlayStation/Named_Boxarts/Street Fighter Collection 2 (Europe).png
727,Sony - PlayStation/Named_Boxarts/Street Fighter Collection (Europe) (Disc 1).png
728,Sony - PlayStation/Named_Boxarts/Street Fighter Alpha 3 (Europe).png
729,Sony - PlayStation/Named_Boxarts/Street Fighter Alpha 2 (Europe).png
730,Sony - PlayStation/Named_Boxarts/Street Fighter Alpha - Warriors' Dreams (Europe).png
731,Sony - PlayStation/Named_Boxarts/Street Fighter - The Movie (Europe).png
736,"Sony - PlayStation/Named_Boxarts/StarFighter 3000 (Europe) (En,Fr,De,Es,It).png"
737,Sony - PlayStation/Named_Boxarts/Starblade Alpha (Europe).png
738,Sony - PlayStation/Named_Boxarts/Star Wars - Rebel Assault II - The Hidden Empire (Europe) (Disc 1).png
739,Sony - PlayStation/Named_Boxarts/Star Wars - Episodio I - La Minaccia Fantasma (Italy).png
740,Sony - PlayStation/Named_Boxarts/Star Wars - Episode I - Jedi Power Battles (Europe).png
741,Sony - PlayStation/Named_Boxarts/Star Wars - Demolition (Europe).png
742,Sony - PlayStation/Named_Boxarts/Star Wars - Dark Forces (Europe).png
743,Sony - PlayStation/Named_Boxarts/Star Trek - Invasion (Europe).png
746,Sony - PlayStation/Named_Boxarts/Star Ocean - The Second Story (Europe) (Disc 1).png
747,
748,"Sony - PlayStation/Named_Boxarts/Spyro - Year of the Dragon (Europe) (En,Fr,De,Es,It) (Rev 1).png"
749,"Sony - PlayStation/Named_Boxarts/Spyro 2 - Gateway to Glimmer (Europe) (En,Fr,De,Es,It).png"
750,"Sony - PlayStation/Named_Boxarts/Spyro the Dragon (Europe) (En,Fr,De,Es,It).png"
751,Sony - PlayStation/Named_Boxarts/Sportweek Player Manager 2001 (Netherlands).png
752,"Sony - PlayStation/Named_Boxarts/Sportweek Player Manager 2000 (Netherlands) (En,Fr).png"
753,
756,
758,Sony - PlayStation/Named_Boxarts/Spider-Man 2 - Enter - Electro (Europe).png
759,Sony - PlayStation/Named_Boxarts/Spider-Man (Europe).png
760,Sony - PlayStation/Named_Boxarts/Spice World (Europe).png
762,"Sony - PlayStation/Named_Boxarts/Speedball 2100 (Europe) (En,Fr,De,Es,It).png"
763,Sony - PlayStation/Named_Boxarts/Speed Freaks (Europe).png
765,"Sony - PlayStation/Named_Boxarts/Spec Ops - Ranger Elite (Europe) (En,Fr,De,Es,It).png"
768,Sony - PlayStation/Named_Boxarts/Spawn - The Eternal (Europe).png
770,Sony - PlayStation/Named_Boxarts/Space Jam (Europe).png
771,Sony - PlayStation/Named_Boxarts/Space Invaders (Europe).png
774,Sony - PlayStation/Named_Boxarts/Soviet Strike (Europe) (EDC).png
775,"Sony - PlayStation/Named_Boxarts/South Park Rally (Europe) (En,Fr,De,Es).png"
776,Sony - PlayStation/Named_Boxarts/South Park - Chef's Luv Shack (Europe).png
777,Sony - PlayStation/Named_Boxarts/South Park (Europe).png
778,Sony - PlayStation/Named_Boxarts/Soul Blade (Europe).png
780,Sony - PlayStation/Named_Boxarts/Sonic Wings Special (Europe).png
782,"Sony - PlayStation/Named_Boxarts/Soccer '97 (Europe) (En,Fr,De,Es,It).png"
784,"Sony - PlayStation/Named_Boxarts/Snow Racer 98 (Europe) (En,Fr,De).png"
785,"Sony - PlayStation/Named_Boxarts/SnoCross Championship Racing (Europe) (En,Fr,De,Es,It).png"
787,
790,Sony - PlayStation/Named_Boxarts/Slam 'n Jam '96 featuring Magic _ Kareem (Europe).png
792,Sony - PlayStation/Named_Boxarts/Skullmonkeys (Europe).png
793,Sony - PlayStation/Named_Boxarts/Ski Air Mix (Europe).png
794,Sony - PlayStation/Named_Boxarts/Skeleton Warriors (Europe).png
796,"Sony - PlayStation/Named_Boxarts/Simpsons Wrestling, The (Europe).png"
797,"Sony - PlayStation/Named_Boxarts/SimCity 2000 (Europe) (En,Fr,De,Es).png"
800,Sony - PlayStation/Named_Boxarts/Silent Bomber (Europe).png
801,"Sony - PlayStation/Named_Boxarts/Shrek Treasure Hunt (Europe) (En,Fr,De,Es).png"
803,Sony - PlayStation/Named_Boxarts/Shockwave Assault (Europe) (Disc 1) (Shockwave - Invasion Earth).png
808,
810,"Sony - PlayStation/Named_Boxarts/Shadow Man (Europe) (En,Fr,Es).png"
811,Sony - PlayStation/Named_Boxarts/Shadow Madness (Europe) (Disc 1).png
814,Sony - PlayStation/Named_Boxarts/Sesame Street - Elmo's Number Journey (Europe).png
816,"Sony - PlayStation/Named_Boxarts/Sentinel Returns (Europe) (En,Fr,De,Es,It).png"
817,"Sony - PlayStation/Named_Boxarts/Sensible Soccer (Europe) (En,Fr,De,Es,It,Nl).png"
820,Sony - PlayStation/Named_Boxarts/Scooby-Doo and the Cyber Chase (Europe).png
823,"Sony - PlayStation/Named_Boxarts/San Francisco Rush - Extreme Racing (Europe) (En,Fr,De,Es,It).png"
824,Sony - PlayStation/Named_Boxarts/Samurai Shodown III (Europe).png
825,"Sony - PlayStation/Named_Boxarts/Sampras Extreme Tennis (Europe) (En,Fr,De,Es,It).png"
827,Sony - PlayStation/Named_Boxarts/SaGa Frontier 2 (Europe).png
830,Sony - PlayStation/Named_Boxarts/Saban's Power Rangers - Time Force (Europe).png
831,"Sony - PlayStation/Named_Boxarts/Saban's Power Rangers - Lightspeed Rescue (Europe) (En,Fr,De).png"
834,Sony - PlayStation/Named_Boxarts/Running Wild (Europe).png
835,Sony - PlayStation/Named_Boxarts/Runabout 2 (Europe).png
836,
837,
838,
839,Sony - PlayStation/Named_Boxarts/R-Types (Europe).png
840,Sony - PlayStation/Named_Boxarts/R-Type Delta (Europe).png
841,
842,Sony - PlayStation/Named_Boxarts/Rox (Europe).png
843,"Sony - PlayStation/Named_Boxarts/Roswell Conspiracies - Aliens, Myths _ Legends (Europe) (En,Fr,De).png"
845,"Sony - PlayStation/Named_Boxarts/Ronaldo V-Football (Europe) (De,Es,It,Pt).png"
846,"Sony - PlayStation/Named_Boxarts/Rollcage Stage II (Europe) (En,Fr,De,Es,It).png"
847,"Sony - PlayStation/Named_Boxarts/Rollcage (Europe) (En,Fr,De,Es,It).png"
848,"Sony - PlayStation/Named_Boxarts/Roland Garros French Open 2001 (Europe) (En,Fr,De,Es,It).png"
849,Sony - PlayStation/Named_Boxarts/Robotron X (Europe).png
851,Sony - PlayStation/Named_Boxarts/Robo Pit (Europe).png
852,"Sony - PlayStation/Named_Boxarts/Robocod - James Pond II (Europe) (En,Fr,De,Es,It).png"
854,"Sony - PlayStation/Named_Boxarts/Roadsters (Europe) (En,Fr,De,Es,It).png"
855,"Sony - PlayStation/Named_Boxarts/Road Rash - Jailbreak (Europe) (En,Fr,De).png"
856,Sony - PlayStation/Named_Boxarts/Road Rash 3D (Europe).png
857,Sony - PlayStation/Named_Boxarts/Road Rash (Europe).png
859,"Sony - PlayStation/Named_Boxarts/Road _ Track Presents - The Need for Speed (Europe) (En,De).png"
860,Sony - PlayStation/Named_Boxarts/Riven - The Sequel to Myst (Europe) (Disc 1).png
861,Sony - PlayStation/Named_Boxarts/Rival Schools - United by Fate (Europe) (Disc 1) (Evolution Disc).png
862,"Sony - PlayStation/Named_Boxarts/Risk (Europe) (En,Fr,De,Es).png"
863,"Sony - PlayStation/Named_Boxarts/Rising Zan - The Samurai Gunman (Europe) (En,Fr,De,Es,It).png"
866,"Sony - PlayStation/Named_Boxarts/Ridge Racer Type 4 (Europe) (En,Fr,De,Es,It).png"
867,Sony - PlayStation/Named_Boxarts/Ridge Racer Revolution (Europe) (EDC).png
868,Sony - PlayStation/Named_Boxarts/Ridge Racer (Europe).png
870,Sony - PlayStation/Named_Boxarts/Revolution X - Music Is the Weapon (Europe).png
871,"Sony - PlayStation/Named_Boxarts/Re-Volt (Europe) (En,Fr,De,Es,It).png"
875,Sony - PlayStation/Named_Boxarts/Renegade Racers (Europe).png
880,Sony - PlayStation/Named_Boxarts/Real Bout Fatal Fury (Europe).png
881,"Sony - PlayStation/Named_Boxarts/Ready 2 Rumble Boxing - Round 2 (Europe) (En,Fr,De).png"
882,"Sony - PlayStation/Named_Boxarts/Ready 2 Rumble Boxing (Europe) (En,Fr,De).png"
886,Sony - PlayStation/Named_Boxarts/RayStorm (Europe).png
887,"Sony - PlayStation/Named_Boxarts/Rayman Rush (Europe) (En,Fr,De,Es,It).png"
888,"Sony - PlayStation/Named_Boxarts/Rayman Junior - Level 3 (Europe) (En,Fr,Es,It).png"
889,"Sony - PlayStation/Named_Boxarts/Rayman Junior - Level 2 (Europe) (En,Fr,De,Es,It).png"
890,"Sony - PlayStation/Named_Boxarts/Rayman Junior - Level 1 (Europe) (En,Fr,De,Es,It).png"
891,"Sony - PlayStation/Named_Boxarts/Rayman 2 - The Great Escape (Europe) (En,Es,It).png"
892,"Sony - PlayStation/Named_Boxarts/Rayman (Europe) (En,Fr,De) (EDC).png"
893,Sony - PlayStation/Named_Boxarts/RayCrisis (Europe).png
900,Sony - PlayStation/Named_Boxarts/Rampage 2 - Universal Tour (Europe).png
901,Sony - PlayStation/Named_Boxarts/Rampage - World Tour (Europe).png
902,"Sony - PlayStation/Named_Boxarts/Rampage - Through Time (Europe) (En,Fr,De).png"
904,Sony - PlayStation/Named_Boxarts/Rally Cross (Europe).png
905,
906,"Sony - PlayStation/Named_Boxarts/Raiden Project, The (Europe).png"
908,Sony - PlayStation/Named_Boxarts/Rageball (Europe).png
909,Sony - PlayStation/Named_Boxarts/Rage Racer (Europe).png
913,Sony - PlayStation/Named_Boxarts/Quake II (Europe).png
914,"Sony - PlayStation/Named_Boxarts/Q-bert (Europe) (En,Fr,De,Es,It).png"
916,Sony - PlayStation/Named_Boxarts/Puzznic (Europe).png
917,"Sony - PlayStation/Named_Boxarts/Puma Street Soccer (Europe) (En,Fr,De,It).png"
918,Sony - PlayStation/Named_Boxarts/Puchi Carat (Europe).png
919,
920,
921,
922,
923,
924,
925,
926,
927,
928,
929,"Sony - PlayStation 2/Named_Boxarts/BMX XXX (Europe) (En,Fr,De,Es).png"
931,
932,
933,
934,
935,
936,
937,
938,Sony - PlayStation 2/Named_Boxarts/Hungry Ghosts (Japan).png
939,Sony - PlayStation 2/Named_Boxarts/Evil Dead - A Fistful of Boomstick (Europe) (Special Movie Edition).png
940,"Sony - PlayStation/Named_Boxarts/Hellnight (Europe) (En,Fr,De).png"
941,
942,Sony - PlayStation/Named_Boxarts/D (Europe) (Disc 1).png
944,"Sony - PlayStation Portable/Named_Boxarts/OutRun 2006 - Coast 2 Coast (Europe) (En,Fr,De,Es,It) (v1.01).png"
945,"Sony - PlayStation Portable/Named_Boxarts/Secret Agent Clank (Europe) (En,Fr,De,Es,It,Nl,Pt,Sv,No,Da,Fi,Pl) (v1.01).png"
946,
947,
948,Sony - PlayStation Portable/Named_Boxarts/Jissen Pachi-Slot Hisshouhou! Hokuto no Ken SE Portable (Japan) (v1.01).png
949,"Sony - PlayStation Portable/Named_Boxarts/Final Fantasy (Japan) (En,Ja) (v1.01).png"
950,
951,
952,"Sony - PlayStation Portable/Named_Boxarts/Legend of Heroes II, The - Prophecy of the Moonlight Witch (USA).png"
953,"Sony - PlayStation Portable/Named_Boxarts/Legend of Heroes, The - A Tear of Vermillion (USA) (v1.01).png"
954,
955,
956,
957,Sony - PlayStation/Named_Boxarts/Truck Rally (Europe).png
958,Sony - PlayStation/Named_Boxarts/Titan Wars (Europe).png
959,Sony - PlayStation/Named_Boxarts/Sub (France).png
960,Sony - PlayStation/Named_Boxarts/Strike Force Hydra (Europe).png
961,Sony - PlayStation/Named_Boxarts/Steel Harbinger (Europe).png
962,Sony - PlayStation/Named_Boxarts/Star Ixiom (Europe).png
963,Sony - PlayStation/Named_Boxarts/Spot Goes to Hollywood (Europe).png
964,Sony - PlayStation/Named_Boxarts/Spider - The Video Game (Europe).png
965,Sony - PlayStation/Named_Boxarts/Speed Machines (Europe).png
966,
967,Sony - PlayStation/Named_Boxarts/Sentient - Explore the Infinite (Europe).png
968,Sony - PlayStation/Named_Boxarts/Sanvein (Europe).png
969,
970,"Sony - PlayStation/Named_Boxarts/Ronin Blade (Europe) (En,Fr,De).png"
971,Sony - PlayStation/Named_Boxarts/Rock _ Roll Racing 2 - Red Asphalt (Europe).png
972,
973,
974,Sony - PlayStation/Named_Boxarts/Rescue Heroes - Molten Menace (Europe).png
975,
976,Sony - PlayStation/Named_Boxarts/Rascal (Europe).png
977,Sony - PlayStation/Named_Boxarts/Rapid Reload (Europe).png
978,Sony - PlayStation/Named_Boxarts/Psychic Force 2 (Europe).png
979,Sony - PlayStation/Named_Boxarts/Psychic Force (Europe).png
980,Sony - PlayStation/Named_Boxarts/Psychic Detective (Europe) (Disc 1).png
981,"Sony - PlayStation/Named_Boxarts/Psybadek (Europe) (En,Fr,De,Es,It).png"
982,"Sony - PlayStation/Named_Boxarts/Pro Pinball - Timeshock! (Europe) (En,Fr,De,Es,It).png"
984,"Sony - PlayStation/Named_Boxarts/Pro Pinball - Fantastic Journey (Europe) (En,Fr,De,Es).png"
985,"Sony - PlayStation/Named_Boxarts/Pro Pinball - Big Race USA (Europe) (En,Fr,De,Es).png"
986,"Sony - PlayStation/Named_Boxarts/Pro Evolution Soccer 2 (Europe) (En,Fr,De).png"
987,"Sony - PlayStation/Named_Boxarts/Pro Evolution Soccer (Europe) (En,Fr,De).png"
991,Sony - PlayStation/Named_Boxarts/Prism Land (Japan).png
992,"Sony - PlayStation/Named_Boxarts/Prince Naseem Boxing (Europe) (En,Fr,De,Es,It).png"
994,"Sony - PlayStation/Named_Boxarts/Primal Rage (Europe) (En,Fr,De,Es,It,Pt).png"
995,Sony - PlayStation/Named_Boxarts/Premier Manager 2000 (Europe).png
996,Sony - PlayStation/Named_Boxarts/Premier Manager Novanta Nove (Italy).png
997,Sony - PlayStation/Named_Boxarts/Premier Manager 98 (Europe).png
998,Sony - PlayStation/Named_Boxarts/Poy Poy 2 (Europe).png
999,Sony - PlayStation/Named_Boxarts/Poy Poy (Europe).png
1000,"Sony - PlayStation/Named_Boxarts/Powerpuff Girls, The - Chemical X-Traction (Europe) (En,Fr,De,Es).png"
1001,Sony - PlayStation/Named_Boxarts/Power Move Pro Wrestling (Europe).png
1002,"Sony - PlayStation/Named_Boxarts/Porsche Challenge (Europe) (En,Fr,De,Es,It).png"
1003,"Sony - PlayStation/Named_Boxarts/Populous - The Beginning (Europe) (En,Fr,De,Es,It,Nl,Sv).png"
1004,Sony - PlayStation/Named_Boxarts/Pop n' Pop (Europe).png
1005,Sony - PlayStation/Named_Boxarts/Pool Shark (Europe).png
1006,Sony - PlayStation/Named_Boxarts/Pool Hustler (Europe).png
1007,"Sony - PlayStation/Named_Boxarts/Pool Academy (Europe) (En,Fr,De).png"
1008,"Sony - PlayStation/Named_Boxarts/Pong (Europe) (En,Fr,De,Es,It,Nl).png"
1009,"Sony - PlayStation/Named_Boxarts/Point Blank 3 (Europe) (En,Fr,De,Es,It).png"
1010,"Sony - PlayStation/Named_Boxarts/Point Blank 2 (Europe, Australia) (En,Fr,De,Es,It).png"
1011,"Sony - PlayStation/Named_Boxarts/Point Blank (Europe) (En,Fr,De) (Rev 1).png"
1013,Sony - PlayStation/Named_Boxarts/Pocket Fighter (Europe).png
1014,Sony - PlayStation/Named_Boxarts/Player Manager Novanta Nove (Italy).png
1016,Sony - PlayStation/Named_Boxarts/Player Manager 2000 (Europe).png
1018,"Sony - PlayStation/Named_Boxarts/Planet of the Apes (Europe) (En,Fr,De,Es,It).png"
1019,
1021,"Sony - PlayStation/Named_Boxarts/Pitball (Europe) (En,Fr,De,Es,It).png"
1022,"Sony - PlayStation/Named_Boxarts/Pipe Mania 3D (Europe) (En,Fr,De,Es,It).png"
1023,"Sony - PlayStation/Named_Boxarts/Pinobee (Europe) (En,Fr,De,Es,It).png"
1024,"Sony - PlayStation/Named_Boxarts/Pink Panther - Pinkadelic Pursuit (Europe) (En,Fr,De,Es,It).png"
1025,Sony - PlayStation/Named_Boxarts/Pinball Power (Europe).png
1026,"Sony - PlayStation/Named_Boxarts/Philosoma (Europe) (En,Fr,De).png"
1028,Sony - PlayStation/Named_Boxarts/PGA Tour 98 (Europe).png
1029,Sony - PlayStation/Named_Boxarts/PGA Tour 97 (Europe).png
1030,Sony - PlayStation/Named_Boxarts/PGA Tour 96 (Europe).png
1034,Sony - PlayStation/Named_Boxarts/Penny Racers (Europe).png
1035,Sony - PlayStation/Named_Boxarts/Peak Performance (Europe).png
1038,Sony - PlayStation/Named_Boxarts/Parodius (Europe).png
1041,"Sony - PlayStation/Named_Boxarts/PaRappa the Rapper (USA) (En,Fr,De,Es,It).png"
1043,Sony - PlayStation/Named_Boxarts/Panzer General (Europe).png
1044,"Sony - PlayStation/Named_Boxarts/Panzer Front (Europe) (En,Fr,De).png"
1045,Sony - PlayStation/Named_Boxarts/Pandemonium 2 (Europe).png
1046,Sony - PlayStation/Named_Boxarts/Pandemonium! (Europe).png
1048,
1050,Sony - PlayStation/Named_Boxarts/OverBlood (Europe).png
1053,
1055,"Sony - PlayStation/Named_Boxarts/Omega Boost (Europe) (En,Fr,De,Es,It).png"
1056,Sony - PlayStation/Named_Boxarts/Omega Assault (Europe).png
1057,
1058,
1059,Sony - PlayStation/Named_Boxarts/Off-World Interceptor Extreme (Europe).png
1061,Sony - PlayStation/Named_Boxarts/Oddworld - Abe's Oddysee (Europe).png
1062,Sony - PlayStation/Named_Boxarts/Oddworld - Abe's Exoddus (Europe) (Disc 1).png
1063,Sony - PlayStation/Named_Boxarts/Nuclear Strike (Europe).png
1064,Sony - PlayStation/Named_Boxarts/Novastorm (Europe) (Disc 1).png
1065,"Sony - PlayStation/Named_Boxarts/Note, The (Europe) (En,Fr,De,Es,It).png"
1069,"Sony - PlayStation/Named_Boxarts/Ninja - Shadow of Darkness (Europe) (Es,It).png"
1072,"Sony - PlayStation/Named_Boxarts/Nicktoons Racing (Europe) (En,Fr,De,Es,It,Pt).png"
1074,Sony - PlayStation/Named_Boxarts/NHL Rock the Rink (Europe).png
1075,"Sony - PlayStation/Named_Boxarts/NHL Powerplay 98 (Europe) (En,Fr,De).png"
1076,Sony - PlayStation/Named_Boxarts/NHL Powerplay (Europe).png
1077,Sony - PlayStation/Named_Boxarts/NHL FaceOff 2000 (Europe).png
1078,Sony - PlayStation/Named_Boxarts/NHL FaceOff 99 (Europe).png
1079,Sony - PlayStation/Named_Boxarts/NHL FaceOff 98 (Europe).png
1080,Sony - PlayStation/Named_Boxarts/NHL Face Off '97 (Europe).png
1081,Sony - PlayStation/Named_Boxarts/NHL Face Off (Europe).png
1082,
1083,Sony - PlayStation/Named_Boxarts/NHL Breakaway 98 (Europe).png
1084,Sony - PlayStation/Named_Boxarts/NHL Blades of Steel 2000 (Europe).png
1085,"Sony - PlayStation/Named_Boxarts/NHL 2001 (Europe) (En,Sv,Fi).png"
1086,"Sony - PlayStation/Named_Boxarts/NHL 2000 (Europe) (En,Sv,Fi).png"
1087,"Sony - PlayStation/Named_Boxarts/NHL 99 (Europe) (En,Fr,Sv,Fi).png"
1088,"Sony - PlayStation/Named_Boxarts/NHL 98 (Europe) (En,Sv,Fi).png"
1089,Sony - PlayStation/Named_Boxarts/NHL 97 (Europe).png
1091,Sony - PlayStation/Named_Boxarts/NFL Quarterback Club 97 (Europe).png
1092,Sony - PlayStation/Named_Boxarts/NFL GameDay (Europe).png
1093,Sony - PlayStation/Named_Boxarts/NFL Blitz 2000 (Europe).png
1094,"Sony - PlayStation/Named_Boxarts/Next Tetris, The (Europe) (En,Fr,De,Es,It,Nl).png"
1095,"Sony - PlayStation/Named_Boxarts/Newman Haas Racing (Europe) (En,Fr,De,It).png"
1096,"Sony - PlayStation/Named_Boxarts/Need for Speed III - Hot Pursuit (Europe) (En,Fr,De,Es,It,Sv).png"
1097,"Sony - PlayStation/Named_Boxarts/Need for Speed II (Europe) (En,Fr,De,Es,It,Sv).png"
1098,"Sony - PlayStation/Named_Boxarts/Need for Speed - Road Challenge (Europe) (En,Es,It).png"
1099,"Sony - PlayStation/Named_Boxarts/Need for Speed - Porsche 2000 (Europe) (En,De,Sv).png"
1100,Sony - PlayStation/Named_Boxarts/Need for Speed - High Stakes (USA).png
1101,
1102,Sony - PlayStation/Named_Boxarts/NBA Live 2003 (Europe).png
1103,Sony - PlayStation/Named_Boxarts/NBA Live 2002 (Europe).png
1104,Sony - PlayStation/Named_Boxarts/NBA Live 2001 (Europe).png
1105,
1106,Sony - PlayStation/Named_Boxarts/NBA Live 99 (Europe).png
1107,"Sony - PlayStation/Named_Boxarts/NBA Live 98 (Europe) (En,Es,It).png"
1108,"Sony - PlayStation/Named_Boxarts/NBA Live 97 (Europe) (En,Fr,De).png"
1109,Sony - PlayStation/Named_Boxarts/NBA Live 96 (Europe).png
1110,Sony - PlayStation/Named_Boxarts/NBA Jam Extreme (Europe).png
1111,Sony - PlayStation/Named_Boxarts/NBA in the Zone 2000 (Europe).png
1112,Sony - PlayStation/Named_Boxarts/NBA in the Zone 2 (Europe).png
1114,"Sony - PlayStation/Named_Boxarts/NBA Hoopz (Europe) (En,Fr,De).png"
1115,Sony - PlayStation/Named_Boxarts/NBA Fastbreak '98 (Europe).png
1116,"Sony - PlayStation/Named_Boxarts/NBA Basketball 2000 (Europe) (En,Fr,De,Es,It).png"
1118,Sony - PlayStation/Named_Boxarts/NASCAR 2000 (Europe).png
1119,Sony - PlayStation/Named_Boxarts/NASCAR 99 (Europe).png
1120,Sony - PlayStation/Named_Boxarts/NASCAR 98 (Europe).png
1121,Sony - PlayStation/Named_Boxarts/NanoTek Warrior (Europe).png
1122,Sony - PlayStation/Named_Boxarts/Namco Tennis Smash Court (Europe).png
1123,Sony - PlayStation/Named_Boxarts/Namco Soccer Prime Goal (Europe).png
1124,Sony - PlayStation/Named_Boxarts/Namco Museum Vol. 5 (Europe).png
1125,Sony - PlayStation/Named_Boxarts/Namco Museum Vol. 4 (Europe).png
1126,Sony - PlayStation/Named_Boxarts/Namco Museum Vol. 3 (Europe).png
1127,Sony - PlayStation/Named_Boxarts/Namco Museum Vol. 2 (Europe).png
1128,Sony - PlayStation/Named_Boxarts/Namco Museum Vol. 1 (Europe).png
1129,Sony - PlayStation/Named_Boxarts/Nagano Winter Olympics '98 (Europe).png
1130,Sony - PlayStation/Named_Boxarts/N2O - Nitrous Oxide (USA).png
1132,"Sony - PlayStation/Named_Boxarts/Myst (Europe) (En,Fr,De,Es,It).png"
1133,"Sony - PlayStation/Named_Boxarts/Music 2000 (Europe) (En,Fr,De,Es,It).png"
1134,"Sony - PlayStation/Named_Boxarts/Music - Music Creation for the PlayStation (Europe) (En,Fr,De,Es,It).png"
1135,Sony - PlayStation/Named_Boxarts/Muppet RaceMania (Europe).png
1136,Sony - PlayStation/Named_Boxarts/Muppet Monster Adventure (Europe).png
1137,"Sony - PlayStation/Named_Boxarts/Mummy, The (Europe) (En,Fr,De,Es,It).png"
1141,"Sony - PlayStation/Named_Boxarts/MTV Sports - Pure Ride (Europe) (En,Fr,De).png"
1142,"Sony - PlayStation/Named_Boxarts/MTV Celebrity Deathmatch (Europe) (En,Fr,De,Es,It).png"
1143,"Sony - PlayStation/Named_Boxarts/Ms. Pac-Man Maze Madness (Europe) (En,Fr,De,Es,It).png"
1144,"Sony - PlayStation/Named_Boxarts/Mr. Driller (Europe) (En,Fr,De,Es,It).png"
1145,Sony - PlayStation/Named_Boxarts/Motorhead (Europe).png
1146,Sony - PlayStation/Named_Boxarts/Motor Toon Grand Prix 2 (Europe) (EDC).png
1148,"Sony - PlayStation/Named_Boxarts/Motocross Mania 2 (Europe) (En,Fr,De,Es,It).png"
1149,"Sony - PlayStation/Named_Boxarts/Motocross Mania (Europe) (En,Fr,De,Es,It).png"
1150,"Sony - PlayStation/Named_Boxarts/Moto Racer World Tour (Europe) (En,Fr,De,Es,It,Sv).png"
1151,"Sony - PlayStation/Named_Boxarts/Moto Racer 2 (Europe) (En,Fr,De,Es,It,Sv).png"
1152,"Sony - PlayStation/Named_Boxarts/Moto Racer (Europe) (En,Fr,De,Es,It,Sv) (EDC).png"
1155,"Sony - PlayStation/Named_Boxarts/Mortal Kombat - Special Forces (Europe) (En,Fr,De).png"
1156,Sony - PlayStation/Named_Boxarts/Mortal Kombat 4 (Europe).png
1157,Sony - PlayStation/Named_Boxarts/Mortal Kombat Mythologies - Sub-Zero (Europe).png
1158,Sony - PlayStation/Named_Boxarts/Mortal Kombat Trilogy (Europe) (Midway Classics).png
1159,Sony - PlayStation/Named_Boxarts/Mortal Kombat 3 (Europe).png
1164,"Sony - PlayStation/Named_Boxarts/MonsterSeed (Europe) (En,Fr,De).png"
1165,Sony - PlayStation/Named_Boxarts/Monster Trucks (Europe).png
1166,Sony - PlayStation/Named_Boxarts/Monster Rancher (Europe).png
1167,"Sony - PlayStation/Named_Boxarts/Monster Racer (Europe) (En,Fr,De,Es,It,Pt).png"
1168,"Sony - PlayStation/Named_Boxarts/Monopoly (Europe) (En,Fr,De,Es,Nl) (Rev 1).png"
1169,"Sony - PlayStation/Named_Boxarts/Monkey Hero (Europe) (En,Fr,De,It).png"
1173,"Sony - PlayStation/Named_Boxarts/Mobil 1 Rally Championship (Europe) (En,Fr,De,Es,It).png"
1175,"Sony - PlayStation/Named_Boxarts/Mission - Impossible (Europe) (En,Fr,De,Es,It).png"
1176,"Sony - PlayStation/Named_Boxarts/Missile Command (Europe) (En,It).png"
1177,"Sony - PlayStation/Named_Boxarts/Misadventures of Tron Bonne, The (Europe).png"
1179,"Sony - PlayStation/Named_Boxarts/Millennium Soldier - Expendable (Europe) (En,Fr,De,Es,It).png"
1184,"Sony - PlayStation/Named_Boxarts/Micro Maniacs (Europe) (En,Fr,De,Es,It).png"
1185,"Sony - PlayStation/Named_Boxarts/Micro Machines V3 (Europe) (En,Fr,De,Es,It) (EDC).png"
1187,
1188,"Sony - PlayStation/Named_Boxarts/Michael Owen's World League Soccer '99 (Europe) (En,Fr,It).png"
1189,Sony - PlayStation/Named_Boxarts/Metal Slug X (Europe).png
1190,"Sony - PlayStation/Named_Boxarts/Metal Gear Solid - Special Missions (Europe) (En,Fr,De,Es,It).png"
1191,Sony - PlayStation/Named_Boxarts/Metal Gear Solid (Europe) (Disc 1).png
1192,Sony - PlayStation/Named_Boxarts/Men in Black - The Series - Crashdown (Europe).png
1193,
1194,Sony - PlayStation/Named_Boxarts/Mega Man X6 (Europe).png
1195,Sony - PlayStation/Named_Boxarts/Mega Man X5 (Europe).png
1196,Sony - PlayStation/Named_Boxarts/Mega Man X4 (Europe).png
1197,Sony - PlayStation/Named_Boxarts/Mega Man X3 (Europe).png
1198,Sony - PlayStation/Named_Boxarts/Mega Man Legends 2 (Europe).png
1199,Sony - PlayStation/Named_Boxarts/Mega Man Legends (Europe).png
1200,Sony - PlayStation/Named_Boxarts/Mega Man - Battle _ Chase (Europe).png
1201,Sony - PlayStation/Named_Boxarts/Mega Man 8 (Europe).png
1202,"Sony - PlayStation/Named_Boxarts/MediEvil 2 (Europe) (En,Fr,De).png"
1203,Sony - PlayStation/Named_Boxarts/MediEvil (Europe).png
1204,Sony - PlayStation/Named_Boxarts/Medal of Honor - Underground (Europe).png
1205,Sony - PlayStation/Named_Boxarts/Medal of Honor (Europe).png
1208,"Sony - PlayStation/Named_Boxarts/Mat Hoffman's Pro BMX (Europe, Australia).png"
1209,Sony - PlayStation/Named_Boxarts/Mary-Kate and Ashley - Winners Circle (Europe).png
1210,"Sony - PlayStation/Named_Boxarts/Mary-Kate and Ashley - Magical Mystery Mall (Europe, Australia).png"
1211,Sony - PlayStation/Named_Boxarts/Mary-Kate and Ashley - Crush Course (Europe).png
1213,Sony - PlayStation/Named_Boxarts/Marvel vs. Capcom - Clash of Super Heroes (Europe).png
1214,Sony - PlayStation/Named_Boxarts/Marvel Super Heroes vs. Street Fighter (Europe).png
1215,Sony - PlayStation/Named_Boxarts/Marvel Super Heroes (Europe).png
1216,"Sony - PlayStation/Named_Boxarts/Martian Gothic - Unification (Europe) (En,Fr,Es,It).png"
1218,"Sony - PlayStation/Named_Boxarts/Magical Drop III (Europe) (En,Fr,De,Es,It,Nl) (Disc 1) (Magical Drop III).png"
1220,"Sony - PlayStation/Named_Boxarts/Magic Carpet (Europe) (En,Fr,De,Es,Sv).png"
1221,Sony - PlayStation/Named_Boxarts/Madden NFL 2001 (Europe).png
1222,Sony - PlayStation/Named_Boxarts/Madden NFL 2000 (Europe).png
1223,Sony - PlayStation/Named_Boxarts/Madden NFL 99 (Europe).png
1224,Sony - PlayStation/Named_Boxarts/Madden NFL 98 (Europe).png
1225,Sony - PlayStation/Named_Boxarts/Madden NFL 97 (Europe).png
1227,"Sony - PlayStation/Named_Boxarts/MDK (Europe) (En,Fr,De,Es,It).png"
1231,"Sony - PlayStation/Named_Boxarts/Lucky Luke - Western Fever (Europe) (En,Fr,De,Es,It,Nl).png"
1234,"Sony - PlayStation/Named_Boxarts/Lost World, The - Jurassic Park (Europe) (En,Fr,De,Es,It,Nl,Sv) (EDC).png"
1235,"Sony - PlayStation/Named_Boxarts/Lost Vikings 2 - Norse by Norsewest (Europe) (En,Fr,De).png"
1237,"Sony - PlayStation/Named_Boxarts/Looney Tunes Racing (Europe) (En,Fr,De,Es,It).png"
1239,Sony - PlayStation/Named_Boxarts/London Racer (Europe).png
1240,"Sony - PlayStation/Named_Boxarts/Lomax (Europe) (En,Fr,De,Es,It).png"
1241,"Sony - PlayStation/Named_Boxarts/Loaded (Europe) (En,Fr,De).png"
1242,Sony - PlayStation/Named_Boxarts/LNF Stars 2001 (France).png
1243,Sony - PlayStation/Named_Boxarts/LMA Manager 2002 (Europe).png
1244,Sony - PlayStation/Named_Boxarts/LMA Manager 2001 (Europe).png
1247,"Sony - PlayStation/Named_Boxarts/Little Big Adventure (Europe) (En,Fr,De,Es,It).png"
1249,
1252,Sony - PlayStation/Named_Boxarts/Lethal Enforcers (Europe).png
1253,"Sony - PlayStation/Named_Boxarts/Visiteurs, Les - La Relique de Sainte Rolande (France).png"
1254,"Sony - PlayStation/Named_Boxarts/Lemmings _ Oh No! More Lemmings (Europe) (En,Fr,De,Es,It).png"
1255,"Sony - PlayStation/Named_Boxarts/LEGO Rock Raiders (Europe) (En,Fr,De,Es,It,Nl,Sv,No,Da,Fi) (Rev 1).png"
1256,"Sony - PlayStation/Named_Boxarts/LEGO Racers (Europe) (En,Fr,De,Es,It,Nl,Sv,No,Da,Fi).png"
1259,Sony - PlayStation/Named_Boxarts/Legend of Legaia (Europe).png
1260,"Sony - PlayStation/Named_Boxarts/Legend of Kartia (Europe) (En,Fr,De).png"
1261,"Sony - PlayStation/Named_Boxarts/Legend of Dragoon, The (Europe) (Disc 1).png"
1263,Sony - PlayStation/Named_Boxarts/Legacy of Kain - Soul Reaver (Europe).png
1264,"Sony - PlayStation/Named_Boxarts/Le Mans 24 Hours (Europe) (En,Fr,De,Es,It,Pt).png"
1266,"Sony - PlayStation/Named_Boxarts/Largo Winch - Commando SAR (Europe) (En,De,Es,It).png"
1268,"Sony - PlayStation/Named_Boxarts/Land Before Time, The - Return to the Great Valley (Europe).png"
1269,"Sony - PlayStation/Named_Boxarts/Land Before Time, The - Racing Adventure (Europe) (En,Fr,De,Es,It).png"
1271,Sony - PlayStation/Named_Boxarts/Kurushi Final (Europe).png
1272,"Sony - PlayStation/Named_Boxarts/Kurushi (Europe) (En,Fr,De,Es,It).png"
1273,Sony - PlayStation/Named_Boxarts/Kula World (Europe).png
1274,Sony - PlayStation/Named_Boxarts/Krazy Ivan (Europe).png
1277,Sony - PlayStation/Named_Boxarts/Konami Open Golf (Europe).png
1278,Sony - PlayStation/Named_Boxarts/Knockout Kings 2001 (Europe).png
1279,Sony - PlayStation/Named_Boxarts/Knockout Kings 2000 (Europe).png
1280,Sony - PlayStation/Named_Boxarts/Knockout Kings 99 (Europe).png
1281,Sony - PlayStation/Named_Boxarts/Klonoa - Door to Phantomile (Europe).png
1282,"Sony - PlayStation/Named_Boxarts/Klonoa Beach Volleyball (Europe) (En,Fr,De,Es,It).png"
1283,"Sony - PlayStation/Named_Boxarts/KISS Pinball (Europe) (En,Fr,De).png"
1284,"Sony - PlayStation/Named_Boxarts/Kirikou (Europe) (En,Fr,De).png"
1286,"Sony - PlayStation/Named_Boxarts/King's Field (Europe) (En,Fr,De).png"
1287,"Sony - PlayStation/Named_Boxarts/King of Fighters '95, The (Europe).png"
1289,Sony - PlayStation/Named_Boxarts/Killing Zone (Europe).png
1292,Sony - PlayStation/Named_Boxarts/Kickboxing Knockout (Europe).png
1293,"Sony - PlayStation/Named_Boxarts/Kick Off World (Europe) (Es,Nl).png"
1294,Sony - PlayStation/Named_Boxarts/Kensei - Sacred Fist (Europe).png
1295,"Sony - PlayStation/Named_Boxarts/Kart Challenge (Europe) (En,Fr,De,It).png"
1296,Sony - PlayStation/Named_Boxarts/Kagero - Deception II (Europe).png
1297,Sony - PlayStation/Named_Boxarts/K-1 The Arena Fighters (Europe).png
1300,Sony - PlayStation/Named_Boxarts/Jumping Flash! 2 (Europe).png
1301,Sony - PlayStation/Named_Boxarts/Jumping Flash! (Europe).png
1302,Sony - PlayStation/Named_Boxarts/Judge Dredd (Europe).png
1303,"Sony - PlayStation/Named_Boxarts/Jonah Lomu Rugby (Europe) (En,De,Es,It).png"
1304,
1307,"Sony - PlayStation/Named_Boxarts/Jimmy White's 2 - Cueball (Europe) (En,Fr,De,Es,It).png"
1311,Sony - PlayStation/Named_Boxarts/Jet Rider 2 (Europe).png
1315,"Sony - PlayStation/Named_Boxarts/Jersey Devil (Europe) (En,Fr,De).png"
1316,"Sony - PlayStation/Named_Boxarts/Jeremy McGrath Supercross 2000 (Europe) (En,Fr,De).png"
1317,Sony - PlayStation/Named_Boxarts/Jeremy McGrath Supercross 98 (Europe).png
1318,Sony - PlayStation/Named_Boxarts/Jeff Wayne's The War of the Worlds (Europe).png
1319,Sony - PlayStation/Named_Boxarts/Jade Cocoon - La Leggenda del Tamamayu (Italy).png
1320,Sony - PlayStation/Named_Boxarts/Jackie Chan Stuntmaster (Europe) (Recalled).png
1321,"Sony - PlayStation/Named_Boxarts/Iznogoud (Europe) (En,Fr,De,It,Nl).png"
1323,"Sony - PlayStation/Named_Boxarts/ISS Pro Evolution 2 (Europe) (En,Fr,De).png"
1324,"Sony - PlayStation/Named_Boxarts/ISS Pro Evolution (Europe) (En,Fr,De) (EDC).png"
1325,"Sony - PlayStation/Named_Boxarts/International Superstar Soccer Pro '98 (Europe) (En,Fr,De,Es).png"
1328,"Sony - PlayStation/Named_Boxarts/Invasion (Europe) (En,Fr,De,Es,It,Nl).png"
1329,Sony - PlayStation/Named_Boxarts/Interplay Sports Baseball 2000 (Europe).png
1331,Sony - PlayStation/Named_Boxarts/International Track _ Field (Europe).png
1332,
1333,"Sony - PlayStation/Named_Boxarts/International Superstar Soccer (Europe) (En,De).png"
1334,Sony - PlayStation/Named_Boxarts/International Superstar Soccer Deluxe (Europe).png
1336,Sony - PlayStation/Named_Boxarts/International Karate + (Europe).png
1337,Sony - PlayStation/Named_Boxarts/International Cricket Captain 2002 (Europe).png
1338,Sony - PlayStation/Named_Boxarts/International Cricket Captain 2001 - Ashes Edition (Europe).png
1339,Sony - PlayStation/Named_Boxarts/International Cricket Captain 2000 (Europe).png
1340,"Sony - PlayStation/Named_Boxarts/Inspector Gadget - Gadget's Crazy Maze (Europe) (En,Fr,De,Es,It,Nl).png"
1342,Sony - PlayStation/Named_Boxarts/Indy 500 (Europe).png
1343,Sony - PlayStation/Named_Boxarts/Independence Day (USA).png
1344,"Sony - PlayStation/Named_Boxarts/Incredible Hulk, The - The Pantheon Saga (Europe) (En,Fr,De,Es,It).png"
1345,"Sony - PlayStation/Named_Boxarts/Incredible Crisis (Europe) (En,Fr,De,Es,It).png"
1347,"Sony - PlayStation/Named_Boxarts/Hydro Thunder (Europe) (En,Fr).png"
1348,Sony - PlayStation/Named_Boxarts/Hybrid (Europe).png
1349,Sony - PlayStation/Named_Boxarts/Hunchback of Notredame (Europe).png
1350,
1352,
1353,
1354,Sony - PlayStation/Named_Boxarts/Hugo 2 (Europe).png
1355,"Sony - PlayStation/Named_Boxarts/Hugo (Europe) (Nl,Pt) (Rev 1).png"
1356,"Sony - PlayStation/Named_Boxarts/Hot Wheels - Turbo Racing (Europe) (En,Fr,De).png"
1357,Sony - PlayStation/Named_Boxarts/Hot Wheels - Extreme Racing (Europe).png
1358,Sony - PlayStation/Named_Boxarts/Hogs of War (Europe).png
1359,
1360,"Sony - PlayStation/Named_Boxarts/Hi-Octane (Europe) (En,Fr,De,Es).png"
1361,Sony - PlayStation/Named_Boxarts/Hexen (Europe).png
1362,"Sony - PlayStation/Named_Boxarts/Herkules (Europe) (En,De).png"
1363,Sony - PlayStation/Named_Boxarts/Herc's Adventures (Europe).png
1364,Sony - PlayStation/Named_Boxarts/Hebereke's Popoitto (Europe).png
1365,Sony - PlayStation/Named_Boxarts/Heart of Darkness (Europe) (Disc 1) (EDC).png
1367,"Sony - PlayStation/Named_Boxarts/Harvest Moon - Back to Nature (Europe) (En,De) (Rev 1).png"
1368,
1369,
1371,Sony - PlayStation/Named_Boxarts/Hard Boiled (Europe).png
1377,"Sony - PlayStation/Named_Boxarts/Gundam Battle Assault 2 (Europe) (En,Fr,De,Es,It).png"
1378,"Sony - PlayStation/Named_Boxarts/Gundam Battle Assault (Europe) (En,Fr,De,Es,It).png"
1379,Sony - PlayStation/Named_Boxarts/Guilty Gear (Europe).png
1380,Sony - PlayStation/Named_Boxarts/Gubble (Europe).png
1381,Sony - PlayStation/Named_Boxarts/Guardian's Crusade (Europe).png
1384,"Sony - PlayStation/Named_Boxarts/Grinch, The (Europe) (En,Fr,De,Es,It).png"
1386,"Sony - PlayStation/Named_Boxarts/Granstream Saga, The (Europe).png"
1387,Sony - PlayStation/Named_Boxarts/Grandia (Europe) (Disc 1).png
1389,
1390,
1391,
1394,"Sony - PlayStation/Named_Boxarts/Golden Goal 98 (Europe) (En,Fr,De,Es,It).png"
1396,Sony - PlayStation/Named_Boxarts/Global Domination (Europe).png
1397,"Sony - PlayStation/Named_Boxarts/Ghoul Panic (Europe) (En,Fr,De,Es,It).png"
1398,Sony - PlayStation/Named_Boxarts/Ghost in the Shell (Europe).png
1399,Sony - PlayStation/Named_Boxarts/Gex 3 - Deep Cover Gecko (USA).png
1400,Sony - PlayStation/Named_Boxarts/Gex 3D - Enter the Gecko (Europe).png
1401,Sony - PlayStation/Named_Boxarts/Gex (Europe).png
1402,Sony - PlayStation/Named_Boxarts/Gekioh - Shooting King (Europe).png
1403,"Sony - PlayStation/Named_Boxarts/Gekido - Urban Fighters (Europe) (En,Fr,De,Es,It).png"
1404,Sony - PlayStation/Named_Boxarts/Gauntlet Legends (Europe).png
1406,Sony - PlayStation/Named_Boxarts/Galaxy Fight (Europe).png
1407,Sony - PlayStation/Named_Boxarts/Galaxian^3 (Europe).png
1408,"Sony - PlayStation/Named_Boxarts/Galaga - Destination Earth (Europe) (En,Fr,De,It).png"
1409,Sony - PlayStation/Named_Boxarts/G-Police - Weapons of Justice (Europe).png
1410,Sony - PlayStation/Named_Boxarts/G-Police (Europe) (Disc 1).png
1411,Sony - PlayStation/Named_Boxarts/G. Darius (Europe).png
1413,"Sony - PlayStation/Named_Boxarts/Future Cop - L.A.P.D. (Europe) (En,Fr).png"
1414,Sony - PlayStation/Named_Boxarts/Front Mission 3 (Europe).png
1415,"Sony - PlayStation/Named_Boxarts/Frogger 2 - Swampy's Revenge (Europe) (En,Fr,De,It).png"
1416,"Sony - PlayStation/Named_Boxarts/Frogger (Europe) (En,Fr,De,Es,It).png"
1422,Sony - PlayStation/Named_Boxarts/Forsaken (Europe).png
1423,"Sony - PlayStation/Named_Boxarts/Formula One Arcade (Europe) (En,Fr,De,Es,It).png"
1424,"Sony - PlayStation/Named_Boxarts/Formula One 2001 (Europe) (En,Fi).png"
1425,"Sony - PlayStation/Named_Boxarts/Formula One 2000 (Europe) (En,Fi).png"
1426,"Sony - PlayStation/Named_Boxarts/Formula One 99 (Europe) (En,Es,Fi).png"
1427,"Sony - PlayStation/Named_Boxarts/Formula Nippon (Europe) (En,Es,It).png"
1430,"Sony - PlayStation/Named_Boxarts/Formula 1 98 (Europe) (En,Fr,De,Es,It,Fi) (Rev 1).png"
1431,"Sony - PlayStation/Named_Boxarts/Formula 1 97 (Europe) (En,Fr,De,Es,It) (Rev 1).png"
1432,"Sony - PlayStation/Named_Boxarts/Formula 1 (Europe) (En,Fr,De,Es,It) (Rev 1).png"
1433,"Sony - PlayStation/Named_Boxarts/Ford Truck Mania (Europe) (En,Fr,De,Es).png"
1435,Sony - PlayStation/Named_Boxarts/Football Manager Campionato 2002 (Italy).png
1436,Sony - PlayStation/Named_Boxarts/Football Manager Campionato 2001 (Italy).png
1439,"Sony - PlayStation/Named_Boxarts/Flintstones, The - Bedrock Bowling (Europe).png"
1440,Sony - PlayStation/Named_Boxarts/Fisherman's Bait 3 (Europe).png
1441,Sony - PlayStation/Named_Boxarts/Fisherman's Bait 2 - Big Ol' Bass (Europe).png
1442,Sony - PlayStation/Named_Boxarts/Fisherman's Bait - Bass Challenge (Europe).png
1443,"Sony - PlayStation/Named_Boxarts/Firestorm - Thunderhawk 2 (Europe) (En,Fr).png"
1444,"Sony - PlayStation/Named_Boxarts/Firebugs (Europe) (En,Fr,De,Es,It,Nl,Pt,Sv,No,Da,Fi).png"
1445,Sony - PlayStation/Named_Boxarts/Final Fantasy Tactics (USA).png
1446,Sony - PlayStation/Named_Boxarts/Final Fantasy IX (Europe) (Disc 1).png
1447,"Sony - PlayStation/Named_Boxarts/Final Fantasy VIII (Europe, Australia) (Disc 1).png"
1448,Sony - PlayStation/Named_Boxarts/Final Fantasy VII (Europe) (Disc 1).png
1449,Sony - PlayStation/Named_Boxarts/Final Fantasy VI (Europe) (Disc 1).png
1450,
1451,Sony - PlayStation/Named_Boxarts/Final Fantasy Origins (USA) (Rev 1).png
1452,"Sony - PlayStation/Named_Boxarts/Fighting Force 2 (Europe) (En,Fr).png"
1453,"Sony - PlayStation/Named_Boxarts/Fighting Force (Europe) (En,Fr,De) (EDC).png"
1455,"Sony - PlayStation/Named_Boxarts/Fifth Element, The (Europe) (En,Fr,De,Es,It).png"
1456,"Sony - PlayStation/Named_Boxarts/FIFA Football 2005 (Europe) (En,Nl).png"
1457,"Sony - PlayStation/Named_Boxarts/FIFA Football 2004 (Europe) (En,Nl,Sv).png"
1458,"Sony - PlayStation/Named_Boxarts/FIFA Football 2003 (Europe) (En,Nl,Sv).png"
1459,"Sony - PlayStation/Named_Boxarts/FIFA Football 2002 (Europe) (En,De,Es,Nl,Sv).png"
1460,"Sony - PlayStation/Named_Boxarts/FIFA 2001 (Europe) (En,De,Es,Nl,Sv).png"
1461,"Sony - PlayStation/Named_Boxarts/FIFA 2000 (Europe) (En,De,Es,Nl,Sv) (Rev 1).png"
1462,"Sony - PlayStation/Named_Boxarts/FIFA 99 (Europe) (En,Fr,De,Es,Nl,Sv).png"
1463,"Sony - PlayStation/Named_Boxarts/FIFA - Road to World Cup 98 (Europe) (En,Fr,De,Es,Nl,Sv).png"
1464,"Sony - PlayStation/Named_Boxarts/FIFA 97 (Europe) (En,Fr,De,Es,It,Sv).png"
1465,"Sony - PlayStation/Named_Boxarts/FIFA Soccer 96 (Europe) (En,Fr,De,Es,It,Sv).png"
1467,"Sony - PlayStation/Named_Boxarts/Fear Effect 2 - Retro Helix (Europe) (En,Fr,De) (Disc 1).png"
1468,"Sony - PlayStation/Named_Boxarts/Fear Effect (Europe) (En,Es,It) (Disc 1).png"
1470,"Sony - PlayStation/Named_Boxarts/Fade to Black (Europe) (En,Fr,De,Es,It) (SLES-00339).png"
1471,Sony - PlayStation/Named_Boxarts/F1 World Grand Prix (Europe).png
1472,"Sony - PlayStation/Named_Boxarts/F1 World Grand Prix - 1999 Season (Europe) (En,Fr,De,Es,It).png"
1473,
1474,"Sony - PlayStation/Named_Boxarts/F1 Championship Season 2000 (Europe) (En,Es,Sv,Fi).png"
1475,"Sony - PlayStation/Named_Boxarts/F1 2000 (Europe) (En,Es,Sv,Da,Fi).png"
1476,"Sony - PlayStation/Named_Boxarts/F.A. Premier League Stars 2001, The (Europe).png"
1478,"Sony - PlayStation/Named_Boxarts/F.A. Premier League Football Manager 2001, The (Europe).png"
1479,"Sony - PlayStation/Named_Boxarts/F.A. Premier League Football Manager 2000, The (Europe).png"
1481,Sony - PlayStation/Named_Boxarts/Extreme Pinball (Europe).png
1482,"Sony - PlayStation/Named_Boxarts/Extreme Ghostbusters - The Ultimate Invasion (Europe) (En,Fr,De,Es,It,Nl).png"
1483,"Sony - PlayStation/Named_Boxarts/Extreme 500 (Europe) (En,De).png"
1484,Sony - PlayStation/Named_Boxarts/Explosive Racing (Europe).png
1485,"Sony - PlayStation/Named_Boxarts/Exhumed (Europe) (En,Fr,De,Es).png"
1486,"Sony - PlayStation/Named_Boxarts/Excalibur 2555 A.D. (Europe) (En,Fr,De,Es) (Rev 1).png"
1487,"Sony - PlayStation/Named_Boxarts/Evo's Space Adventures (Europe) (En,Fr,De,Es,It).png"
1488,Sony - PlayStation/Named_Boxarts/Evil Zone (Europe).png
1489,Sony - PlayStation/Named_Boxarts/Everybody's Golf 2 (Europe).png
1490,"Sony - PlayStation/Named_Boxarts/Everybody's Golf (Europe, Australia) (En,Fr,De,Es,It).png"
1493,"Sony - PlayStation/Named_Boxarts/Eternal Eyes (Europe) (En,Fr,De,Es,It).png"
1494,Sony - PlayStation/Named_Boxarts/ESPN Extreme Games (Europe).png
1495,"Sony - PlayStation/Named_Boxarts/Equestriad 2001 (Europe) (En,De,Es).png"
1496,Sony - PlayStation/Named_Boxarts/Epidemic (Europe).png
1498,Sony - PlayStation/Named_Boxarts/Elemental Pinball (Europe).png
1499,Sony - PlayStation/Named_Boxarts/Ehrgeiz - God Bless the Ring (Europe).png
1502,Sony - PlayStation/Named_Boxarts/Earthworm Jim 2 (Europe).png
1503,"Sony - PlayStation/Named_Boxarts/Eagle One - Harrier Attack (Europe) (En,Fr,De,Es,It).png"
1504,Sony - PlayStation/Named_Boxarts/ECW Hardcore Revolution (Europe) (Rev 1).png
1505,Sony - PlayStation/Named_Boxarts/ECW Anarchy Rulz (Europe).png
1506,"Sony - PlayStation/Named_Boxarts/E.T. the Extra-Terrestrial - Interplanetary Mission (Europe) (En,Fr,De,Es,It).png"
1507,Sony - PlayStation/Named_Boxarts/Dynasty Warriors (Europe).png
1508,Sony - PlayStation/Named_Boxarts/Dune 2000 (Europe).png
1509,"Sony - PlayStation/Named_Boxarts/Dukes of Hazzard, The - Racing for Home (Europe).png"
1510,Sony - PlayStation/Named_Boxarts/Duke Nukem - Time to Kill (Europe) (Rerelease).png
1511,"Sony - PlayStation/Named_Boxarts/Duke Nukem - Land of the Babes (Europe) (En,Fr,De,Es,It).png"
1512,
1513,"Sony - PlayStation/Named_Boxarts/Ducati World (Europe) (Fr,De,It).png"
1514,Sony - PlayStation/Named_Boxarts/DSF Fussball Manager 2002 (Germany).png
1515,Sony - PlayStation/Named_Boxarts/DSF Fussball Manager 2001 (Germany).png
1516,Sony - PlayStation/Named_Boxarts/Driver 2 - Back on the Streets (Europe) (Disc 1) (Rev 1).png
1517,Sony - PlayStation/Named_Boxarts/Driver - You Are the Wheelman (USA) (Rev 1).png
1518,
1519,
1521,"Sony - PlayStation/Named_Boxarts/DragonHeart - Fire _ Steel (Europe) (En,Fr,De).png"
1522,Sony - PlayStation/Named_Boxarts/Dragon Valor (Europe) (Disc 1).png
1523,Sony - PlayStation/Named_Boxarts/Dragon Tales - Dragonseek (Europe).png
1524,Sony - PlayStation/Named_Boxarts/Dragon Ball Z - Ultimate Battle 22 (Europe).png
1525,Sony - PlayStation/Named_Boxarts/Dragon Ball GT - Final Bout (USA).png
1528,Sony - PlayStation/Named_Boxarts/Doom (Europe) (EDC).png
1530,Sony - PlayStation/Named_Boxarts/Disruptor (Europe).png
1532,"Sony - PlayStation/Named_Boxarts/Disney-Pixar Toy Story Racer (Europe) (Es,It,Nl).png"
1533,Sony - PlayStation/Named_Boxarts/Disney-Pixar Toy Story 2 - Woody e Buzz alla riscossa! (Italy).png
1534,Sony - PlayStation/Named_Boxarts/Disney-Pixar Monsters _ Co. - L'Isola dello Spavento (Italy).png
1536,Sony - PlayStation/Named_Boxarts/Disney-Pixar A Bug's Life - Megaminimondo (Italy) (Rev 1).png
1539,Sony - PlayStation/Named_Boxarts/Disney Tigro e la Caccia al Miele (Italy).png
1540,Sony - PlayStation/Named_Boxarts/Disney's Tarzan (Europe).png
1542,Sony - PlayStation/Named_Boxarts/Disney Pooh e Tigro! E Qui la Festa (Italy).png
1543,Sony - PlayStation/Named_Boxarts/Disney Pippo Giochi Pazzi (Italy).png
1544,Sony - PlayStation/Named_Boxarts/Disney Peter Pan - L'Avventura nell'Isola che non c'e (Italy).png
1546,Sony - PlayStation/Named_Boxarts/Disney Lilo _ Stitch - Grossi Guai alle Hawaii (Italy).png
1547,"Sony - PlayStation/Named_Boxarts/Disney Learning - Winnie the Pooh (Europe) (En,Fr,De,It,Nl,Sv,Da).png"
1549,Sony - PlayStation/Named_Boxarts/Disney Le Follie dell'Imperatore (Italy).png
1550,Sony - PlayStation/Named_Boxarts/Disney La Sirenetta II (Italy).png
1551,
1552,Sony - PlayStation/Named_Boxarts/Disney Il Pianeta del Tesoro (Italy).png
1553,
1554,"Sony - PlayStation/Named_Boxarts/Disney's Donald Duck - Quack Attack (Europe) (En,Fr,De,It).png"
1555,"Sony - PlayStation/Named_Boxarts/Disney's Dinosaur (Europe) (En,Nl,Sv,No,Da,Fi).png"
1556,Sony - PlayStation/Named_Boxarts/Disney Atlantis - L'Impero Perduto (Italy).png
1557,Sony - PlayStation/Named_Boxarts/Disney Aladdin - La Vendetta di Nasira (Italy).png
1558,
1559,"Sony - PlayStation/Named_Boxarts/Disney's 102 Dalmatians - Puppies to the Rescue (Europe) (Fr,De,Es,It,Nl).png"
1560,"Sony - PlayStation/Named_Boxarts/Discworld Noir (Europe) (En,Es,It).png"
1561,"Sony - PlayStation/Named_Boxarts/Discworld II - Missing Presumed...! (Europe) (En,Es,It).png"
1562,Sony - PlayStation/Named_Boxarts/Discworld (Japan).png
1563,"Sony - PlayStation/Named_Boxarts/Dinosaurs (Europe) (En,Fr,De).png"
1565,Sony - PlayStation/Named_Boxarts/Dino Crisis 2 (Europe).png
1566,Sony - PlayStation/Named_Boxarts/Dino Crisis (Europe).png
1567,"Sony - PlayStation/Named_Boxarts/Digimon World 2003 (Europe) (En,Fr,De,Es,It).png"
1568,Sony - PlayStation/Named_Boxarts/Digimon World (Europe).png
1569,"Sony - PlayStation/Named_Boxarts/Digimon Rumble Arena (Europe) (En,Fr,De,Es,It).png"
1570,Sony - PlayStation/Named_Boxarts/Digimon Digital Card Battle (Europe).png
1571,Sony - PlayStation/Named_Boxarts/Die Hard Trilogy 2 - Viva Las Vegas (Europe).png
1572,"Sony - PlayStation/Named_Boxarts/Die Hard Trilogy (Europe) (En,Fr,De,Es,It,Sv).png"
1573,"Sony - PlayStation/Named_Boxarts/Diablo (Europe) (En,Fr,De,Sv).png"
1574,"Sony - PlayStation/Named_Boxarts/Dexter's Laboratory - Mandark's Lab (Europe) (Fr,De).png"
1576,"Sony - PlayStation/Named_Boxarts/Devil Dice (Europe) (En,Fr,De,Es,It).png"
1578,"Sony - PlayStation/Named_Boxarts/Destruction Derby Raw (Europe) (En,Fr,De,Es,It).png"
1579,Sony - PlayStation/Named_Boxarts/Destruction Derby 2 (Europe).png
1580,Sony - PlayStation/Named_Boxarts/Destruction Derby (Europe).png
1581,Sony - PlayStation/Named_Boxarts/Destrega (Europe).png
1582,Sony - PlayStation/Named_Boxarts/Descent II (Europe).png
1583,Sony - PlayStation/Named_Boxarts/Descent (Europe).png
1585,"Sony - PlayStation/Named_Boxarts/Delta Force Urban Warfare (Europe) (En,Fr,De,Es,It).png"
1586,Sony - PlayStation/Named_Boxarts/Defcon 5 (Europe).png
1587,Sony - PlayStation/Named_Boxarts/Dead or Alive (Europe).png
1588,
1589,"Sony - PlayStation/Named_Boxarts/David Beckham Soccer (Europe) (Fr,De,Es,It).png"
1590,Sony - PlayStation/Named_Boxarts/Dave Mirra Freestyle BMX - Maximum Remix (Europe).png
1591,Sony - PlayStation/Named_Boxarts/Dave Mirra Freestyle BMX (Europe).png
1592,"Sony - PlayStation/Named_Boxarts/Darkstone (Europe) (En,Fr,De,Es,It).png"
1593,Sony - PlayStation/Named_Boxarts/Darkstalkers - The Night Warriors (Europe).png
1594,"Sony - PlayStation/Named_Boxarts/Darklight Conflict (Europe) (En,Fr,De,Es,It,Sv).png"
1595,Sony - PlayStation/Named_Boxarts/Danger Girl (Europe).png
1596,Sony - PlayStation/Named_Boxarts/Dancing Stage - Party Edition (Europe).png
1597,"Sony - PlayStation/Named_Boxarts/Dancing Stage Fusion (Europe) (En,Fr,De,Es,It).png"
1598,Sony - PlayStation/Named_Boxarts/Dancing Stage Fever (Europe).png
1599,Sony - PlayStation/Named_Boxarts/Dancing Stage - Euromix (Europe).png
1600,Sony - PlayStation/Named_Boxarts/Dancing Stage - Disney Mix (Europe).png
1601,Sony - PlayStation/Named_Boxarts/Dance-UK (UK).png
1606,"Sony - PlayStation/Named_Boxarts/CyberTiger (Europe) (En,Fr,De,Es,Sv).png"
1608,Sony - PlayStation/Named_Boxarts/CyberSled (Europe).png
1610,"Sony - PlayStation/Named_Boxarts/CT Special Forces 3 - Bioterror (Europe) (En,Fr,De,Es,It,Nl).png"
1613,Sony - PlayStation/Named_Boxarts/Crypt Killer (Europe).png
1614,Sony - PlayStation/Named_Boxarts/Crusaders of Might and Magic (Europe).png
1615,Sony - PlayStation/Named_Boxarts/Crusader - No Remorse (France).png
1616,"Sony - PlayStation/Named_Boxarts/Crow, The - City of Angels (Europe).png"
1617,"Sony - PlayStation/Named_Boxarts/Croc 2 (Europe) (En,Fr,De,Es,It,Nl,Sv).png"
1618,Sony - PlayStation/Named_Boxarts/Croc - Legend of the Gobbos (Europe).png
1619,Sony - PlayStation/Named_Boxarts/Criticom - The Critical Combat (Japan).png
1623,Sony - PlayStation/Named_Boxarts/Cricket 2000 (Europe).png
1624,"Sony - PlayStation/Named_Boxarts/Creatures (Europe) (En,Fr,De,Es,It).png"
1626,
1627,
1628,"Sony - PlayStation/Named_Boxarts/Crash Bash (Europe) (En,Fr,De,Es,It).png"
1629,"Sony - PlayStation/Named_Boxarts/Crash Bandicoot 3 - Warped (Europe) (En,Fr,De,Es,It).png"
1630,"Sony - PlayStation/Named_Boxarts/Crash Bandicoot 2 - Cortex Strikes Back (Europe) (En,Fr,De,Es,It) (EDC).png"
1631,Sony - PlayStation/Named_Boxarts/Crash Bandicoot (Europe) (EDC).png
1633,Sony - PlayStation/Named_Boxarts/Copa del Mundo - Francia '98 (Spain).png
1634,Sony - PlayStation/Named_Boxarts/Cool Boarders 4 (Europe).png
1635,Sony - PlayStation/Named_Boxarts/Cool Boarders 3 (Europe).png
1636,Sony - PlayStation/Named_Boxarts/Cool Boarders 2 (Europe).png
1637,Sony - PlayStation/Named_Boxarts/Cool Boarders (Europe).png
1638,Sony - PlayStation/Named_Boxarts/Contra - Legacy of War (Europe).png
1639,
1640,
1641,Sony - PlayStation/Named_Boxarts/Command _ Conquer - Red Alert (Europe) (Disc 1) (Allies).png
1642,
1643,Sony - PlayStation/Named_Boxarts/Colony Wars - Vengeance (Europe).png
1644,Sony - PlayStation/Named_Boxarts/Colony Wars - Red Sun (Europe).png
1645,Sony - PlayStation/Named_Boxarts/Colony Wars (Europe) (Disc 1).png
1646,"Sony - PlayStation/Named_Boxarts/Colin McRae Rally 2.0 (Europe) (En,Fr,De,Es,It) (Rev 1).png"
1647,"Sony - PlayStation/Named_Boxarts/Colin McRae Rally (Europe) (En,Fr,De,Es) (Rev 1).png"
1651,Sony - PlayStation/Named_Boxarts/Civilization II (Europe).png
1652,"Sony - PlayStation/Named_Boxarts/City of Lost Children, The (Europe) (En,Es,It).png"
1653,"Sony - PlayStation/Named_Boxarts/Circuit Breakers (Europe) (En,Fr,De,Es,It).png"
1658,Sony - PlayStation/Named_Boxarts/Chocobo Racing (Europe).png
1660,"Sony - PlayStation/Named_Boxarts/Chicken Run (Europe) (Fr,De,Es,It).png"
1661,Sony - PlayStation/Named_Boxarts/Chi Vuol Essere Miliardario (Italy).png
1662,Sony - PlayStation/Named_Boxarts/Chi Vuol Essere Miliardario (Italy).png
1668,"Sony - PlayStation/Named_Boxarts/Chaos Break (Europe) (En,Fr,De,It).png"
1670,Sony - PlayStation/Named_Boxarts/Championship Motocross 2001 featuring Ricky Carmichael (Europe).png
1671,Sony - PlayStation/Named_Boxarts/Championship Motocross featuring Ricky Carmichael (Europe).png
1672,Sony - PlayStation/Named_Boxarts/Championship Bass (Europe).png
1673,"Sony - PlayStation/Named_Boxarts/Centipede (Europe) (En,Es,Sv).png"
1678,Sony - PlayStation/Named_Boxarts/Castlevania - Symphony of the Night (Europe).png
1679,Sony - PlayStation/Named_Boxarts/Castlevania Chronicles (Europe).png
1681,"Sony - PlayStation/Named_Boxarts/Casper (Europe) (En,Fr,De).png"
1682,"Sony - PlayStation/Named_Boxarts/Carnage Heart (Europe) (En,Fr,De,Es,It).png"
1683,"Sony - PlayStation/Named_Boxarts/Carmageddon (Europe) (En,Fr,Es,It).png"
1686,Sony - PlayStation/Named_Boxarts/Capcom vs. SNK - Millennium Fight 2000 Pro (Europe).png
1687,
1688,
1692,Sony - PlayStation/Named_Boxarts/Calcio Manager 2000 (Italy).png
1693,Sony - PlayStation/Named_Boxarts/Caesars Palace 2000 - Millennium Gold Edition (Europe).png
1699,Sony - PlayStation/Named_Boxarts/Bust-A-Move 4 (Europe).png
1700,Sony - PlayStation/Named_Boxarts/Bust-A-Move 3 DX (Europe).png
1701,Sony - PlayStation/Named_Boxarts/Bust-A-Move 2 - Arcade Edition (Europe).png
1702,Sony - PlayStation/Named_Boxarts/Bust-A-Move '99 (USA).png
1703,Sony - PlayStation/Named_Boxarts/Bust A Groove 2 (USA).png
1704,"Sony - PlayStation/Named_Boxarts/Bust-A-Groove (Europe) (En,Fr,De,Es,It).png"
1705,Sony - PlayStation/Named_Boxarts/Bushido Blade (Europe).png
1708,Sony - PlayStation/Named_Boxarts/Bundesliga 2000 - Der Fussball-Manager (Germany).png
1709,Sony - PlayStation/Named_Boxarts/Bundesliga Stars 2001 (Germany).png
1710,Sony - PlayStation/Named_Boxarts/Bundesliga Stars 2000 (Germany).png
1712,"Sony - PlayStation/Named_Boxarts/Bugs Bunny - Lost in Time (Europe) (En,Fr,De,Es,It,Nl).png"
1715,
1716,
1717,
1718,Sony - PlayStation/Named_Boxarts/Brunswick Circuit Pro Bowling 2 (Europe).png
1719,Sony - PlayStation/Named_Boxarts/Brunswick Circuit Pro Bowling (Europe).png
1720,Sony - PlayStation/Named_Boxarts/Broken Sword II - La Profezia dei Maya (Italy).png
1721,
1722,Sony - PlayStation/Named_Boxarts/Broken Helix (Europe).png
1723,Sony - PlayStation/Named_Boxarts/Brian Lara Cricket (Europe).png
1724,Sony - PlayStation/Named_Boxarts/Breath of Fire IV (Europe).png
1725,Sony - PlayStation/Named_Boxarts/Breath of Fire III (Europe).png
1727,Sony - PlayStation/Named_Boxarts/Breakout (USA).png
1728,
1729,Sony - PlayStation/Named_Boxarts/Brahma Force (Europe).png
1731,Sony - PlayStation/Named_Boxarts/Box Champions 2001 (Germany).png
1732,Sony - PlayStation/Named_Boxarts/Box Champions 2000 (Germany).png
1734,"Sony - PlayStation/Named_Boxarts/Bomberman World (Europe, Australia) (En,Fr,De,Es,It).png"
1735,"Sony - PlayStation/Named_Boxarts/Bomberman Fantasy Race (Europe) (En,Fr,De,Es).png"
1736,Sony - PlayStation/Named_Boxarts/Bomberman (Europe).png
1739,Sony - PlayStation/Named_Boxarts/Bloody Roar 2 - Bringer of the New Age (Europe).png
1740,Sony - PlayStation/Named_Boxarts/Bloody Roar - Hyper Beast Duel (Europe).png
1741,Sony - PlayStation/Named_Boxarts/Blood Omen - Legacy of Kain (Europe).png
1742,"Sony - PlayStation/Named_Boxarts/Blood Lines (Europe) (En,Fr,De,Es,It).png"
1745,Sony - PlayStation/Named_Boxarts/Blazing Dragons (Europe).png
1746,"Sony - PlayStation/Named_Boxarts/Blasto (Europe) (En,Fr,De,Es,It).png"
1747,Sony - PlayStation/Named_Boxarts/Blaster Master (Japan).png
1749,"Sony - PlayStation/Named_Boxarts/Blast Chamber (Europe) (En,Fr,De,Es,It).png"
1752,
1753,"Sony - PlayStation/Named_Boxarts/Big Strike Bowling (Europe) (En,De,It).png"
1754,"Sony - PlayStation/Named_Boxarts/Big Bass Fishing (Europe) (En,Fr,De,Es,It).png"
1756,"Sony - PlayStation/Named_Boxarts/Beyblade (Europe) (En,Fr,De,Es,It).png"
1759,"Sony - PlayStation/Named_Boxarts/Bedlam (Europe) (En,Fr,De,Es,It,Nl).png"
1760,Sony - PlayStation/Named_Boxarts/Beatmania (Europe).png
1761,
1762,"Sony - PlayStation/Named_Boxarts/Beast Wars - Transformers (Europe) (En,Fr,De,Es,It).png"
1763,"Sony - PlayStation/Named_Boxarts/Beach Volleyball (Europe) (En,Fr,De,Es,It).png"
1764,"Sony - PlayStation/Named_Boxarts/BattleTanx - Global Assault (Europe) (En,Es,It).png"
1767,
1768,Sony - PlayStation/Named_Boxarts/Battle Arena Toshinden 3 (Europe).png
1769,Sony - PlayStation/Named_Boxarts/Battle Arena Toshinden 2 (Europe).png
1770,Sony - PlayStation/Named_Boxarts/Battle Arena Toshinden (Europe).png
1771,"Sony - PlayStation/Named_Boxarts/Batman of the Future - Return of the Joker (Europe) (En,Fr,De).png"
1772,Sony - PlayStation/Named_Boxarts/Batman Forever - The Arcade Game (Europe).png
1773,"Sony - PlayStation/Named_Boxarts/Batman - Gotham City Racer (Europe) (En,Fr,De,Es,It,Nl).png"
1774,
1775,"Sony - PlayStation/Named_Boxarts/Barca Manager 2000 (Spain) (Es,Ca).png"
1777,Sony - PlayStation/Named_Boxarts/Barbie - Super Sports (Europe).png
1779,Sony - PlayStation/Named_Boxarts/Barbie - Explorer (Europe).png
1783,Sony - PlayStation/Named_Boxarts/BallBlazer Champions (Europe).png
1784,Sony - PlayStation/Named_Boxarts/Baldies (Europe).png
1785,Sony - PlayStation/Named_Boxarts/Baby Universe (Europe).png
1788,"Sony - PlayStation/Named_Boxarts/B-Movie (Europe) (En,Es,It).png"
1789,"Sony - PlayStation/Named_Boxarts/Azure Dreams (Europe) (En,Fr,De).png"
1792,Sony - PlayStation/Named_Boxarts/Ayrton Senna Kart Duel (Europe).png
1793,
1797,"Sony - PlayStation/Named_Boxarts/Austin Powers Pinball (Europe) (En,Fr,De).png"
1800,Sony - PlayStation/Named_Boxarts/Atari Anniversary Edition Redux (Europe).png
1801,
1802,Sony - PlayStation/Named_Boxarts/Asterix _ Obelix contro Cesare (Italy).png
1803,"Sony - PlayStation/Named_Boxarts/Asterix - Mega Madness (Europe) (En,Fr,De,Es,It,Nl).png"
1804,"Sony - PlayStation/Named_Boxarts/Asterix (Europe) (De,Es,It) (Rev 1).png"
1806,"Sony - PlayStation/Named_Boxarts/Assault (Europe) (En,Fr,De,Es,It).png"
1807,"Sony - PlayStation/Named_Boxarts/Army Men 3D (Europe) (En,Fr,De).png"
1808,"Sony - PlayStation/Named_Boxarts/Army Men - Team Assault (Europe) (En,Fr,De,Es,It).png"
1809,"Sony - PlayStation/Named_Boxarts/Army Men - Sarge's Heroes 2 (Europe) (En,Fr,De,Es,It).png"
1810,Sony - PlayStation/Named_Boxarts/Army Men - Sarge's Heroes (Europe).png
1811,"Sony - PlayStation/Named_Boxarts/Army Men - Operation Meltdown (Europe) (En,Fr,De,Es,It).png"
1815,Sony - PlayStation/Named_Boxarts/Army Men - Air Attack 2 (Europe).png
1816,"Sony - PlayStation/Named_Boxarts/Army Men - Air Attack (Europe) (En,Es,It).png"
1818,"Sony - PlayStation/Named_Boxarts/Armorines - Project S.W.A.R.M. (Europe) (En,Fr,Es,It).png"
1819,"Sony - PlayStation/Named_Boxarts/Armored Core (Europe) (En,Fr,De,Es,It).png"
1821,"Sony - PlayStation/Named_Boxarts/Area 51 (Europe) (En,Fr,De,Es) (Midway Classics).png"
1822,Sony - PlayStation/Named_Boxarts/Archer Maclean's 3D Pool (Europe).png
1823,Sony - PlayStation/Named_Boxarts/Arcade's Greatest Hits - The Midway Collection 2 (Europe).png
1824,Sony - PlayStation/Named_Boxarts/Arcade's Greatest Hits - The Atari Collection 2 (Europe).png
1825,Sony - PlayStation/Named_Boxarts/Arcade's Greatest Hits - The Atari Collection 1 (Europe).png
1826,"Sony - PlayStation/Named_Boxarts/Arcade Party Pak (Europe, Australia).png"
1827,Sony - PlayStation/Named_Boxarts/Aquanaut's Holiday (Europe).png
1829,Sony - PlayStation/Named_Boxarts/Apocalypse (Europe).png
1830,Sony - PlayStation/Named_Boxarts/Ape Escape (Europe).png
1831,Sony - PlayStation/Named_Boxarts/Anstoss - Premier Manager (Germany).png
1832,Sony - PlayStation/Named_Boxarts/Anna Kournikova's Smash Court Tennis (Europe) (Rev 1).png
1835,Sony - PlayStation/Named_Boxarts/Andretti Racing (Europe).png
1836,"Sony - PlayStation/Named_Boxarts/Anastasia (Europe) (En,Fr,De,Nl).png"
1837,Sony - PlayStation/Named_Boxarts/Amerzone - Il Testamento dell'Esploratore (Italy) (Disc 1).png
1840,
1841,Sony - PlayStation/Named_Boxarts/Alundra (Europe).png
1847,"Sony - PlayStation/Named_Boxarts/All Star Tennis 2000 (Europe) (En,De,Es,It).png"
1848,"Sony - PlayStation/Named_Boxarts/All Star Tennis '99 (Europe) (En,Fr,De,Es,It).png"
1852,Sony - PlayStation/Named_Boxarts/All Star Racing (Europe).png
1855,"Sony - PlayStation/Named_Boxarts/Alien Trilogy (Europe) (En,Fr,Es,It).png"
1856,"Sony - PlayStation/Named_Boxarts/Alien Resurrection (Europe) (En,Fr,De,Es,It).png"
1857,"Sony - PlayStation/Named_Boxarts/Alfred Chicken (Europe) (En,Fr,De,Es,It).png"
1859,Sony - PlayStation/Named_Boxarts/Alex Ferguson's Player Manager 2002 (Europe).png
1860,Sony - PlayStation/Named_Boxarts/Alex Ferguson's Player Manager 2001 (Europe).png
1866,Sony - PlayStation/Named_Boxarts/Air Combat (Europe) (EDC).png
1869,Sony - PlayStation/Named_Boxarts/Advanced Dungeons _ Dragons - Iron _ Blood - Warriors of Ravenloft (Europe).png
1870,"Sony - PlayStation/Named_Boxarts/Adidas Power Soccer 98 (Europe) (En,Fr,De,Es,It,Nl).png"
1871,
1872,"Sony - PlayStation/Named_Boxarts/Adidas Power Soccer 2 (Europe) (En,Fr,De,Es,It,Nl).png"
1873,"Sony - PlayStation/Named_Boxarts/Adidas Power Soccer (Europe) (En,Fr,De,Es,It).png"
1874,"Sony - PlayStation/Named_Boxarts/Adiboo _ Paziral's Secret (Europe) (En,Fr,De,Es,It).png"
1876,Sony - PlayStation/Named_Boxarts/Actua Soccer 3 (Europe).png
1877,"Sony - PlayStation/Named_Boxarts/Actua Soccer 2 (Europe) (En,Fr).png"
1878,Sony - PlayStation/Named_Boxarts/Actua Soccer - Club Edition (Europe).png
1879,"Sony - PlayStation/Named_Boxarts/Actua Soccer (Europe) (En,Fr) (Rev 1).png"
1880,Sony - PlayStation/Named_Boxarts/Actua Pool (Europe).png
1881,Sony - PlayStation/Named_Boxarts/Actua Ice Hockey 2 (Europe).png
1882,"Sony - PlayStation/Named_Boxarts/Actua Ice Hockey (Europe) (En,Fr,De,Sv,Fi).png"
1883,Sony - PlayStation/Named_Boxarts/Actua Golf 3 (Europe).png
1884,Sony - PlayStation/Named_Boxarts/Actua Golf 2 (Europe).png
1885,"Sony - PlayStation/Named_Boxarts/Actua Golf (Europe) (En,Fr,De).png"
1886,"Sony - PlayStation/Named_Boxarts/Action Man - Mission Xtreme (Europe) (En,Fr,De,Es,It,Nl,Sv,No,Da,Fi) (EDC).png"
1889,"Sony - PlayStation/Named_Boxarts/Ace Combat 3 - Electrosphere (Europe) (En,Fr,De,Es,It).png"
1890,Sony - PlayStation/Named_Boxarts/Ace Combat 2 (Europe).png
1894,"Sony - PlayStation/Named_Boxarts/ATV - Quad Power Racing (Europe) (En,Fr,De).png"
1895,Sony - PlayStation/Named_Boxarts/AFL 99 (Australia).png
1899,
1900,"Sony - PlayStation/Named_Boxarts/4x4 World Trophy (Europe) (En,Fr,De,Es,It).png"
1903,
1904,Sony - PlayStation/Named_Boxarts/2Xtreme (Europe).png
1905,
1907,Sony - PlayStation/Named_Boxarts/007 - Tomorrow Never Dies (Europe).png
1908,Sony - PlayStation/Named_Boxarts/007 - The World Is Not Enough (Europe).png
1909,"Sony - PlayStation 2/Named_Boxarts/Aggressive Inline (Europe) (En,Fr,De,Es).png"
1910,"Sony - PlayStation 2/Named_Boxarts/Jaws Unleashed (Europe, Australia) (En,Fr,De,Es,It).png"
1911,"Sony - PlayStation 2/Named_Boxarts/Warriors, The (Europe, Australia) (En,Fr,De,Es,It).png"
1912,"Sony - PlayStation 2/Named_Boxarts/Crisis Zone (Europe, Australia) (En,Fr,De,Es,It).png"
1913,"Sony - PlayStation 2/Named_Boxarts/Time Crisis 3 (Europe, Australia) (En,Fr,De,Es,It).png"
1914,"Sony - PlayStation 2/Named_Boxarts/Time Crisis II (Europe) (En,Fr,De,Es,It).png"
1915,
1916,"Sony - PlayStation 2/Named_Boxarts/Kao the Kangaroo - Round 2 (Europe) (En,Fr,De,Es,It).png"
1917,"Sony - PlayStation 2/Named_Boxarts/Rogue Galaxy (Europe) (En,Fr,De,Es,It).png"
1918,"Sony - PlayStation 2/Named_Boxarts/Winx Club (Europe) (En,Fr,De,Es,It).png"
1921,"Sony - PlayStation 2/Named_Boxarts/Second Sight (Europe) (En,Fr,De,Es,It).png"
1922,"Sony - PlayStation 2/Named_Boxarts/Airborne Troops - Countdown to D-Day (Europe) (En,Fr,Es,It).png"
1923,"Sony - PlayStation 2/Named_Boxarts/Samurai Jack - The Shadow of Aku (Europe) (En,Fr,De,Es,It).png"
1924,"Sony - PlayStation 2/Named_Boxarts/Dragon Ball Z - Infinite World (Europe) (En,Fr,De,Es,It).png"
1925,Sony - PlayStation 2/Named_Boxarts/Dragon Ball Z (Korea).png
1926,Sony - PlayStation 2/Named_Boxarts/Dragon Ball Z - Sagas (USA).png
1928,"Sony - PlayStation 2/Named_Boxarts/Dragon Ball Z - Budokai Tenkaichi 3 (Europe, Australia) (En,Fr,De,Es,It).png"
1929,"Sony - PlayStation 2/Named_Boxarts/Dragon Ball Z - Budokai Tenkaichi 2 (Europe, Australia) (En,Fr,De,Es,It).png"
1930,"Sony - PlayStation 2/Named_Boxarts/Dragon Ball Z - Budokai Tenkaichi (Europe, Australia) (En,Ja,Fr,De,Es,It).png"
1931,"Sony - PlayStation 2/Named_Boxarts/Dragon Ball Z - Budokai 3 - Collector's Edition (Europe) (En,Fr,De,Es,It).png"
1932,"Sony - PlayStation 2/Named_Boxarts/Dragon Ball Z - Budokai 3 (Europe, Australia) (En,Fr,De,Es,It).png"
1933,"Sony - PlayStation 2/Named_Boxarts/Dragon Ball Z - Budokai 2 (Europe) (En,Fr,De,Es,It).png"
1934,"Sony - PlayStation 2/Named_Boxarts/Dragon Ball Z - Budokai (Europe, Australia) (En,Fr,De,Es,It).png"
1936,
1937,"Sony - PlayStation 2/Named_Boxarts/Xiaolin Showdown (Europe) (En,Fr,De,Es,It).png"
1942,
1943,
1944,
1945,"Sony - PlayStation 2/Named_Boxarts/Ratchet _ Clank - Size Matters (Europe, Australia) (En,Fr,De,Es,It,Nl,Pt,Sv,No,Da,Fi,Pl,Hr).png"
1946,
1947,"Sony - PlayStation 2/Named_Boxarts/Sims 2, The - Pets (Europe) (En,Fr,De,Es,It,Nl,Sv,No,Da,Fi,Pl) (v1.00).png"
1948,"Sony - PlayStation 2/Named_Boxarts/Sims 2, The (Europe) (En,Fr,De,Es,It,Nl,Sv,No,Da,Fi).png"
1949,"Sony - PlayStation 2/Named_Boxarts/Sims, The (Europe) (En,Fr,De,Es,It,Nl,Sv,Da).png"
1950,"Sony - PlayStation 2/Named_Boxarts/Final Fantasy X (Europe, Australia).png"
1951,"Sony - PlayStation 2/Named_Boxarts/Soulcalibur III (Europe, Australia) (En,Fr,De,Es,It) (v1.00).png"
1952,Sony - PlayStation 2/Named_Boxarts/SNK vs. Capcom - SVC Chaos (Europe).png
1953,"Sony - PlayStation 2/Named_Boxarts/Bouncer, The (Europe) (En,Fr,De,Es,It).png"
1954,"Sony - PlayStation 2/Named_Boxarts/Ghosthunter (Europe) (En,Fr,De,Es,It,Pt).png"
1956,"Sony - PlayStation 2/Named_Boxarts/Killzone (Europe) (En,Fr,De,Es,It) (Bonus Disc).png"
1957,Sony - PlayStation 2/Named_Boxarts/Kingdom Hearts II - Final Mix (Japan).png
1958,"Sony - PlayStation 2/Named_Boxarts/Kingdom Hearts (Europe, Australia).png"
1959,
1960,Sony - PlayStation 2/Named_Boxarts/Tenchu - Wrath of Heaven (Europe).png
1961,Sony - PlayStation 2/Named_Boxarts/Tenchu - Fatal Shadows (Europe).png
1962,"Sony - PlayStation 2/Named_Boxarts/X-Men Legends II - Rise of Apocalypse (Europe) (En,Fr,De).png"
1963,"Sony - PlayStation 2/Named_Boxarts/X-Men Legends (Europe) (Fr,De).png"
1964,Sony - PlayStation 2/Named_Boxarts/X2 - Wolverine's Revenge (USA).png
1965,Sony - PlayStation 2/Named_Boxarts/X-Men - Next Dimension (Europe).png
1966,
1967,"Sony - PlayStation 2/Named_Boxarts/X-Men - The Official Game (Europe) (En,Fr,Es,It).png"
1968,"Sony - PlayStation 2/Named_Boxarts/Taito Legends 2 (Europe) (En,Fr,De,Es,It).png"
1969,"Sony - PlayStation 2/Named_Boxarts/Taito Legends (Europe) (En,Fr,De,Es,It).png"
1970,"Sony - PlayStation 2/Named_Boxarts/Activision Anthology (Europe, Australia).png"
1971,
1972,"Sony - PlayStation 2/Named_Boxarts/Gun (Europe, Australia) (En,Fr,Es,It).png"
1973,"Sony - PlayStation 2/Named_Boxarts/Outlaw Golf 2 (Europe) (En,Fr,De,Es,It).png"
1974,"Sony - PlayStation 2/Named_Boxarts/Shadow the Hedgehog (Europe, Australia) (En,Fr,De,Es,It).png"
1975,"Sony - PlayStation 2/Named_Boxarts/PDC World Championship Darts (Europe) (En,Fr,De,Es,It,Nl) (v1.02).png"
1976,"Sony - PlayStation 2/Named_Boxarts/PDC World Championship Darts 2008 (Europe) (En,Fr,De,Es,It,Nl).png"
1977,"Sony - PlayStation 2/Named_Boxarts/Robin Hood - Defender of the Crown (Europe) (En,Fr,De,Es,It).png"
1978,Sony - PlayStation 2/Named_Boxarts/Buzz! Il Superquiz (Italy).png
1980,Sony - PlayStation 2/Named_Boxarts/Buzz! The Schools Quiz (Europe).png
1981,"Sony - PlayStation 2/Named_Boxarts/RoboCop (Europe) (En,Fr,De,Es,It).png"
1982,"Sony - PlayStation 2/Named_Boxarts/Monopoly Party (Europe) (En,Fr,De,Es,It).png"
1983,"Sony - PlayStation 2/Named_Boxarts/Metal Gear Solid 3 - Subsistence (Europe) (En,Fr) (Disc 1) (Subsistence).png"
1984,"Sony - PlayStation 2/Named_Boxarts/Metal Gear Solid 3 - Snake Eater (Europe) (En,Fr).png"
1985,"Sony - PlayStation 2/Named_Boxarts/Metal Gear Solid 2 - Substance (Europe) (En,Fr,De,Es,It).png"
1986,"Sony - PlayStation 2/Named_Boxarts/Onimusha - Dawn of Dreams (Europe) (En,Fr,De,Es,It) (Disc 1).png"
1987,Sony - PlayStation 2/Named_Boxarts/Onimusha 3 - Demon Siege (USA).png
1989,"Sony - PlayStation 2/Named_Boxarts/Onimusha - Blade Warriors (Europe) (En,Fr,De).png"
1990,"Sony - PlayStation 2/Named_Boxarts/Onimusha - Warlords (Europe) (En,Fr,De).png"
1991,"Sony - PlayStation 2/Named_Boxarts/Astro Boy (Europe) (En,Fr,De,Es,It).png"
1992,"Sony - PlayStation 2/Named_Boxarts/Gran Turismo 4 - Prologue (Europe) (En,Fr,De,Es,It).png"
1993,Sony - PlayStation 2/Named_Boxarts/Gran Turismo 4 (Europe) (BMW 1 Series Virtual Drive).png
1994,"Sony - PlayStation 2/Named_Boxarts/Gran Turismo 3 - A-Spec (Europe, Australia) (En,Fr,De,Es,It) (v1.00).png"
1995,
1996,"Sony - PlayStation 2/Named_Boxarts/Canis Canem Edit (Europe, Australia) (En,Fr,De,Es,It).png"
1997,"Sony - PlayStation 2/Named_Boxarts/Rumble Racing (Europe) (En,Fr,De).png"
1998,"Sony - PlayStation 2/Named_Boxarts/Enthusia - Professional Racing (Europe) (En,Fr,De,Es,It).png"
2000,"Sony - PlayStation 2/Named_Boxarts/Need for Speed - Undercover (Europe) (En,Nl,Pl,Ru,Cs,Hu).png"
2001,"Sony - PlayStation 2/Named_Boxarts/Need for Speed - Carbon (Europe) (En,Nl,Sv,Da,Fi,Pl,Cs,Hu).png"
2002,"Sony - PlayStation 2/Named_Boxarts/Need for Speed - ProStreet (Europe) (En,Nl,Sv,Da,Fi,Pl,Cs,Hu).png"
2003,"Sony - PlayStation 2/Named_Boxarts/Need for Speed - Hot Pursuit 2 (Europe, Australia) (En,Fr,De,Es,It,Sv) (v1.00).png"
2004,"Sony - PlayStation 2/Named_Boxarts/Need for Speed - Underground 2 (Europe) (En,Fr,De,Es,It,Nl,Sv,Da) (v1.01).png"
2005,"Sony - PlayStation 2/Named_Boxarts/Need for Speed - Underground (Europe) (En,Fr,De,Es,It,Nl,Sv).png"
2006,"Sony - PlayStation 2/Named_Boxarts/Need for Speed - Most Wanted (Europe) (En,Fr,De,Es,It,Nl,Sv).png"
2007,"Sony - PlayStation 2/Named_Boxarts/Headhunter - Redemption (Europe) (Fr,De,Es,It).png"
2008,"Sony - PlayStation 2/Named_Boxarts/Headhunter (Europe) (En,Fr,De,Es,It).png"
2009,"Sony - PlayStation 2/Named_Boxarts/Ridge Racer V (Europe) (En,Fr,De,Es,It).png"
2010,"Sony - PlayStation 2/Named_Boxarts/Bloody Roar 4 (Europe) (En,Fr,De,Es,It).png"
2011,Sony - PlayStation 2/Named_Boxarts/Bloody Roar 3 (Europe).png
2014,Sony - PlayStation 2/Named_Boxarts/Terminator 3 - Le Macchine Ribelli (Italy).png
2015,"Sony - PlayStation 2/Named_Boxarts/Terminator, The - Dawn of Fate (Europe) (En,Fr,De,Es,It).png"
2016,Sony - PlayStation 2/Named_Boxarts/Heracles - Battle with the Gods (Europe).png
2017,"Sony - PlayStation 2/Named_Boxarts/Heracles - Chariot Racing (Europe) (En,Fr).png"
2018,
2019,Sony - PlayStation 2/Named_Boxarts/Hasbro Family Party (Italy).png
2021,Sony - PlayStation 2/Named_Boxarts/Harvest Moon - Save the Homeland (USA).png
2022,Sony - PlayStation 2/Named_Boxarts/Brunswick Pro Bowling (Europe).png
2023,
2024,Sony - PlayStation 2/Named_Boxarts/Splatter Master (Europe).png
2029,"Sony - PlayStation 2/Named_Boxarts/FIFA Street 2 (Europe) (En,Fr,De,Es,It,Nl).png"
2030,"Sony - PlayStation 2/Named_Boxarts/FIFA Street (Europe) (En,Fr,De,Es,It,Nl,Sv).png"
2031,"Sony - PlayStation 2/Named_Boxarts/FIFA 14 (Europe) (En,Es,Pt,Pl).png"
2032,
2033,"Sony - PlayStation 2/Named_Boxarts/FIFA 12 (Europe) (En,De,Sv,No,Da).png"
2034,"Sony - PlayStation 2/Named_Boxarts/FIFA 11 (Europe) (En,De,Sv,No,Da).png"
2035,"Sony - PlayStation 2/Named_Boxarts/FIFA 10 (Europe) (En,Es,It,Nl,Pt).png"
2036,"Sony - PlayStation 2/Named_Boxarts/FIFA 09 (Europe) (En,Es,It,Nl,Pt).png"
2037,"Sony - PlayStation 2/Named_Boxarts/FIFA 08 (Europe) (En,Nl,Sv,No,Da).png"
2038,"Sony - PlayStation 2/Named_Boxarts/FIFA 07 (Europe) (En,Nl,Sv,No,Da).png"
2039,"Sony - PlayStation 2/Named_Boxarts/FIFA World Cup Germany 2006 (Europe) (En,Es,Pt).png"
2040,"Sony - PlayStation 2/Named_Boxarts/FIFA 06 (Europe) (En,Nl,Sv,No,Da,Pl,El,Hu).png"
2042,"Sony - PlayStation 2/Named_Boxarts/FIFA Football 2005 (Europe) (En,Nl,Sv,No,Da,El).png"
2043,"Sony - PlayStation 2/Named_Boxarts/FIFA Football 2004 (Europe) (En,It,Nl,Sv) (v1.00).png"
2044,"Sony - PlayStation 2/Named_Boxarts/FIFA Football 2003 (Europe) (En,Fr,De,Es,It,Nl,Sv).png"
2045,"Sony - PlayStation 2/Named_Boxarts/FIFA Football 2002 (Europe) (En,De,Es,Nl,Sv).png"
2046,
2048,"Sony - PlayStation 2/Named_Boxarts/Tom and Jerry in War of the Whiskers (Europe) (En,Fr,De,Es,It,Nl).png"
2050,"Sony - PlayStation 2/Named_Boxarts/Gungrave - Overdose (Europe) (En,Fr,De).png"
2051,"Sony - PlayStation 2/Named_Boxarts/Gungrave (Europe) (En,Fr,De).png"
2052,"Sony - PlayStation 2/Named_Boxarts/Mark of Kri, The (Europe) (En,Fr,De,Es,It).png"
2053,"Sony - PlayStation 2/Named_Boxarts/James Cameron's Dark Angel (Europe) (En,Fr,De,Es,It).png"
2054,"Sony - PlayStation 2/Named_Boxarts/Dr. Dolittle (Europe) (En,Fr,De,Es,It,Nl).png"
2055,"Sony - PlayStation 2/Named_Boxarts/Signore degli Anelli, Il - Il ritorno del Re (Italy).png"
2056,"Sony - PlayStation 2/Named_Boxarts/Signore degli Anelli, Il - La Terza Era (Italy).png"
2057,"Sony - PlayStation 2/Named_Boxarts/Signore degli Anelli, Il - Le Due Torri (Italy).png"
2058,
2060,"Sony - PlayStation 2/Named_Boxarts/Pippa Funnell - Ranch Rescue (Europe, Australia) (En,Fr,De,Es,It,Nl,Sv,No,Da).png"
2061,"Sony - PlayStation 2/Named_Boxarts/Klonoa 2 - Lunatea's Veil (Europe) (En,Fr,De,Es,It).png"
2062,"Sony - PlayStation 2/Named_Boxarts/Babe (Europe) (En,Fr,De,Es,It,Nl).png"
2066,"Sony - PlayStation 2/Named_Boxarts/Brave - The Search for Spirit Dancer (Europe, Australia) (En,Fr,De,Es,It).png"
2067,"Sony - PlayStation 2/Named_Boxarts/Spy vs. Spy (Europe) (En,Fr,De,Es).png"
2068,"Sony - PlayStation 2/Named_Boxarts/Scaler (Europe) (En,De,Es,It).png"
2069,"Sony - PlayStation 2/Named_Boxarts/Simpsons Game, The (Europe) (Es,It).png"
2070,"Sony - PlayStation 2/Named_Boxarts/Simpsons, The - Road Rage (Europe) (En,Fr,De,Es,It).png"
2072,
2073,"Sony - PlayStation 2/Named_Boxarts/Ultimate Board Game Collection (Europe) (En,Fr,De,Es,It).png"
2076,"Sony - PlayStation 2/Named_Boxarts/Looney Tunes - Back in Action (Europe) (En,Fr,De,Es,It).png"
2077,"Sony - PlayStation 2/Named_Boxarts/Looney Tunes - Space Race (Europe) (En,Fr,De,Es,It,Nl).png"
2079,"Sony - PlayStation 2/Named_Boxarts/Black (Europe) (En,Fr,De,Es,It).png"
2080,"Sony - PlayStation 2/Named_Boxarts/MotoGP 08 (Europe) (En,Fr,De,Es,It).png"
2081,"Sony - PlayStation 2/Named_Boxarts/MotoGP 07 (Europe, Australia) (En,Fr,De,Es,It).png"
2082,"Sony - PlayStation 2/Named_Boxarts/MotoGP 4 (Europe, Australia) (En,Fr,De,Es,It).png"
2083,"Sony - PlayStation 2/Named_Boxarts/MotoGP 3 (Europe, Australia) (En,Fr,De,Es,It).png"
2084,"Sony - PlayStation 2/Named_Boxarts/MotoGP 2 (Europe) (En,Fr,De,Es,It).png"
2085,"Sony - PlayStation 2/Named_Boxarts/MotoGP (Europe) (En,Fr,De,Es,It).png"
2086,Sony - PlayStation 2/Named_Boxarts/Pac-Man Fever (USA).png
2087,Sony - PlayStation 2/Named_Boxarts/Pac-Man World Rally (USA).png
2088,"Sony - PlayStation 2/Named_Boxarts/Pac-Man World 3 (Europe) (En,Fr,De,Es,It).png"
2089,"Sony - PlayStation 2/Named_Boxarts/Pac-Man World 2 (Europe) (En,Fr,De,Es,It).png"
2090,
2093,Sony - PlayStation 2/Named_Boxarts/Paparazzi (Europe).png
2094,"Sony - PlayStation 2/Named_Boxarts/Virtua Fighter 4 - Evolution (Europe) (En,Fr,De,Es,It).png"
2096,
2097,
2098,
2099,
2100,
2101,
2102,"Sony - PlayStation 2/Named_Boxarts/Devil May Cry 2 (Europe) (En,Fr,De,Es,It) (Disc 1).png"
2103,"Sony - PlayStation 2/Named_Boxarts/Devil May Cry (Europe) (En,Fr,De,Es,It).png"
2104,"Sony - PlayStation 2/Named_Boxarts/Jet Li - Rise to Honor (USA) (En,Zh).png"
2105,"Sony - PlayStation 2/Named_Boxarts/Malice (Europe) (En,Fr,De,Es,It).png"
2106,"Sony - PlayStation 2/Named_Boxarts/Aeon Flux (Europe) (En,Fr,De,Es).png"
2107,"Sony - PlayStation 2/Named_Boxarts/Asterix at the Olympic Games (Europe) (En,De,Es,It,Nl).png"
2108,
2109,"Sony - PlayStation 2/Named_Boxarts/Asterix _ Obelix XXL (Europe) (En,Fr,De,Es,It).png"
2110,
2114,"Sony - PlayStation 2/Named_Boxarts/Sonic Mega Collection Plus (Europe, Australia) (En,Fr,De,Es,It).png"
2115,"Sony - PlayStation 2/Named_Boxarts/Sonic Gems Collection (Europe, Australia) (En,Fr,De,Es,It).png"
2116,"Sony - PlayStation 2/Named_Boxarts/Sonic Riders - Zero Gravity (Europe, Australia) (En,Fr,De,Es,It).png"
2117,
2118,"Sony - PlayStation 2/Named_Boxarts/Jonny Moseley Mad Trix (Europe) (Es,It).png"
2119,"Sony - PlayStation 2/Named_Boxarts/Marc Ecko's Getting Up - Contents Under Pressure (Europe) (En,Fr,De,Es,It).png"
2120,"Sony - PlayStation 2/Named_Boxarts/Turok - Evolution (Europe) (En,Fr,Es,It).png"
2121,"Sony - PlayStation 2/Named_Boxarts/Superman - Shadow of Apokolips (Europe) (En,Fr,De,Es,It).png"
2122,Sony - PlayStation 2/Named_Boxarts/Superman Returns (Europe).png
2123,"Sony - PlayStation 2/Named_Boxarts/Iron Man (USA) (En,Fr,Es).png"
2125,Sony - PlayStation 2/Named_Boxarts/Dragon Quest VIII - Journey of the Cursed King (USA).png
2126,
2127,"Sony - PlayStation 2/Named_Boxarts/Dark Chronicle (Europe) (En,Fr,De,Es,It).png"
2128,"Sony - PlayStation 2/Named_Boxarts/Digimon World 4 (Europe) (En,De,Es,It).png"
2129,"Sony - PlayStation 2/Named_Boxarts/Digimon Rumble Arena 2 (Europe) (En,Fr,De,Es,It).png"
2130,"Sony - PlayStation 2/Named_Boxarts/LEGO Star Wars II - The Original Trilogy (Europe, Australia) (En,Fr,De,Es,It,Da).png"
2131,"Sony - PlayStation 2/Named_Boxarts/LEGO Star Wars - The Video Game (Europe) (En,Fr,De,Es,It,Nl,Da).png"
2132,
2133,
2134,
2135,"Sony - PlayStation 2/Named_Boxarts/LEGO Island Xtreme Stunts (Europe) (En,Fr,De,Es,It,Nl,Sv,Da).png"
2136,"Sony - PlayStation 2/Named_Boxarts/Buzz! Junior - Ace Racers (Europe) (En,Sv,No,Da,Fi,Pl,Ru,Cs).png"
2137,"Sony - PlayStation 2/Named_Boxarts/Buzz! Junior - Jungle Party (Europe) (En,Sv,No,Da,Fi,Pl,Ru,El).png"
2139,
2141,
2142,"Sony - PlayStation 2/Named_Boxarts/WWE SmackDown vs. Raw 2011 (Europe, Australia) (En,Fr,De,Es,It).png"
2143,"Sony - PlayStation 2/Named_Boxarts/WWE SmackDown vs. Raw 2010 (Europe, Australia) (En,Fr,De,Es,It).png"
2144,"Sony - PlayStation 2/Named_Boxarts/WWE SmackDown vs. Raw 2009 (Europe) (En,Fr,De,Es,It).png"
2145,"Sony - PlayStation 2/Named_Boxarts/WWE SmackDown vs. Raw 2008 (Europe) (En,Fr,De,Es,It).png"
2146,"Sony - PlayStation 2/Named_Boxarts/WWE SmackDown vs. Raw 2007 (Europe, Australia).png"
2147,"Sony - PlayStation 2/Named_Boxarts/WWE SmackDown! vs. Raw 2006 (Europe, Australia).png"
2148,"Sony - PlayStation 2/Named_Boxarts/WWE SmackDown! vs. Raw (Europe, Australia).png"
2149,Sony - PlayStation 2/Named_Boxarts/WWE SmackDown! Here Comes the Pain (Europe).png
2150,Sony - PlayStation 2/Named_Boxarts/WWE SmackDown! Shut Your Mouth (Europe).png
2151,"Sony - PlayStation 2/Named_Boxarts/WWF SmackDown! Just Bring It (Europe, Australia).png"
2152,Sony - PlayStation 2/Named_Boxarts/WWE Crush Hour (Europe).png
2153,
2154,Sony - PlayStation 2/Named_Boxarts/World Wrestling Championship (Europe).png
2155,
2156,"Sony - PlayStation 2/Named_Boxarts/Rumble Roses (Europe) (En,Fr,De,Es,It).png"
2157,Sony - PlayStation 2/Named_Boxarts/Legends of Wrestling II (Europe).png
2158,Sony - PlayStation 2/Named_Boxarts/Showdown - Legends of Wrestling (Europe).png
2159,Sony - PlayStation 2/Named_Boxarts/Kinnikuman Generations (Japan).png
2160,Sony - PlayStation 2/Named_Boxarts/Galactic Wrestling featuring Ultimate Muscle - The Kinnikuman Legacy (USA).png
2161,Sony - PlayStation 2/Named_Boxarts/Fire Pro Wrestling Returns (Europe).png
2162,
2163,
2164,"Sony - PlayStation 2/Named_Boxarts/WWE All Stars (Europe, Australia) (En,Fr,De,Es,It).png"
2165,
2166,Sony - PlayStation 2/Named_Boxarts/All Star Pro-Wrestling II (Japan).png
2167,Sony - PlayStation 2/Named_Boxarts/All Star Pro-Wrestling (Japan).png
2168,
2169,"Sony - PlayStation 2/Named_Boxarts/King of Fighters, The - Maximum Impact 2 (Europe, Australia) (En,Fr,De,Es,It).png"
2170,"Sony - PlayStation 2/Named_Boxarts/King of Fighters, The - Maximum Impact (Europe) (En,Ja).png"
2171,"Sony - PlayStation 2/Named_Boxarts/King of Fighters XI, The (Europe).png"
2172,
2173,"Sony - PlayStation 2/Named_Boxarts/King of Fighters, The - Neowave (Europe, Australia).png"
2174,"Sony - PlayStation 2/Named_Boxarts/King of Fighters 2006, The (USA).png"
2175,"Sony - PlayStation 2/Named_Boxarts/King of Fighters 2003, The (Europe).png"
2176,"Sony - PlayStation 2/Named_Boxarts/King of Fighters 2002, The (Europe).png"
2178,"Sony - PlayStation 2/Named_Boxarts/King of Fighters '98, The - Ultimate Match (Europe).png"
2179,"Sony - PlayStation 2/Named_Boxarts/King of Fighters '94, The - Re-Bout (Japan) (Special Genteiban).png"
2180,Sony - PlayStation 2/Named_Boxarts/Magna Carta (Japan) (PlayStation 2 the Best).png
2181,"Sony - PlayStation 2/Named_Boxarts/Ultimate Pro Pinball (Europe) (En,Fr,De,Es,It).png"
2182,"Sony - PlayStation 2/Named_Boxarts/Dark Cloud (Europe) (En,Fr,De,Es,It).png"
2184,"Sony - PlayStation 2/Named_Boxarts/Killer7 (Europe) (En,Fr,De).png"
2185,
2186,"Sony - PlayStation 2/Named_Boxarts/Football Generation (Europe) (En,Fr,De,Es,It) (v1.04).png"
2188,"Sony - PlayStation 2/Named_Boxarts/Knight Rider - The Game (Europe) (En,Fr,De,Nl).png"
2189,"Sony - PlayStation 2/Named_Boxarts/God Hand (Europe) (En,Fr,De,Es,It).png"
2190,"Sony - PlayStation 2/Named_Boxarts/Disney's Stitch - Experiment 626 (Europe) (En,Sv).png"
2192,"Sony - PlayStation 2/Named_Boxarts/Avventure di Lupin III, Le - Il Tesoro del Re Stregone (Italy).png"
2193,"Sony - PlayStation 2/Named_Boxarts/Shadow of Zorro, The (Europe) (En,Fr,De,Es,It).png"
2194,"Sony - PlayStation 2/Named_Boxarts/Shadow of Memories (Europe) (En,Fr,De,Es,It).png"
2195,"Sony - PlayStation 2/Named_Boxarts/Shadow of the Colossus (Europe, Australia) (En,Fr,De,Es,It).png"
2196,"Sony - PlayStation 2/Named_Boxarts/Scarface - The World Is Yours (Europe) (En,Fr,Es,It).png"
2197,"Sony - PlayStation 2/Named_Boxarts/OutRun 2006 - Coast 2 Coast (Europe) (En,Fr,De,Es,It).png"
2198,Sony - PlayStation 2/Named_Boxarts/Chou Aniki - Seinaru Protein Densetsu (Japan) (Fukkatsu Kinen Taikenban).png
2199,"Sony - PlayStation 2/Named_Boxarts/Yu-Gi-Oh! The Duelists of the Roses (Europe) (Fr,De,Es,It).png"
2200,"Sony - PlayStation 2/Named_Boxarts/Yu-Gi-Oh! Capsule Monster Coliseum (Europe) (En,Fr,De,Es,It).png"
2201,
2202,
2203,
2204,
2208,
2209,
2210,
2211,
2212,
2213,
2214,
2216,
2217,
2218,
2219,
2220,
2221,
2222,
2223,
2224,
2225,Sony - PlayStation 3/Named_Boxarts/Heavy Rain (Europe).png
2226,
2227,
2229,
2230,
2231,
2232,
2233,
2234,
2235,
2236,
2237,
2238,
2239,
2240,
2242,
2243,
2244,
2246,
2247,
2248,
2249,
2250,Sony - PlayStation 3/Named_Boxarts/Killzone 2 (USA).png
2251,
2252,
2253,
2254,
2255,
2256,
2257,
2258,
2259,
2260,
2261,
2262,
2265,
2266,
2268,
2271,
2272,
2275,
2276,
2277,
2278,
2279,
2280,
2281,
2283,
2284,
2285,
2286,
2287,
2289,
2290,
2291,
2292,
2293,
2294,
2295,
2296,
2297,
2298,
2299,
2300,
2301,
2302,
2303,
2304,Sony - PlayStation 3/Named_Boxarts/Grand Theft Auto V (USA).png
2305,
2307,
2308,
2309,
2311,
2312,
2313,
2314,
2315,
2316,
2317,
2318,
2319,
2320,
2322,
2323,
2324,
2325,
2326,
2327,
2328,
2329,
2330,
2331,
2332,
2333,
2334,
2335,
2336,
2337,
2338,
2339,
2340,
2341,
2342,
2343,
2344,
2345,
2346,
2347,
2348,
2349,
2350,
2351,
2352,
2353,
2354,
2355,
2356,"Nintendo - GameCube/Named_Boxarts/Donkey Kong Jungle Beat (Europe) (En,Fr,De,Es,It).png"
2359,
2360,
2361,
2362,Nintendo - GameCube/Named_Boxarts/Spider-Man 2 (Europe).png
2363,"Nintendo - GameCube/Named_Boxarts/Def Jam - Fight for NY (Europe) (En,Fr).png"
2364,Nintendo - GameCube/Named_Boxarts/Freedom Fighters (Europe).png
2365,Nintendo - Super Nintendo Entertainment System/Named_Boxarts/Castlevania - Dracula X (USA) (Castlevania Advance Collection).png
2366,Nintendo - Super Nintendo Entertainment System/Named_Boxarts/Ultimate Mortal Kombat 3 (Europe).png
2367,Nintendo - Super Nintendo Entertainment System/Named_Boxarts/Fatal Fury 2 (Europe).png
2368,Nintendo - Super Nintendo Entertainment System/Named_Boxarts/Fatal Fury (Europe).png
2369,
2370,"Nintendo - GameCube/Named_Boxarts/Mario Smash Football (Europe) (En,Fr,De,Es,It).png"
2372,
2373,
2374,
2375,
2376,
2377,
2378,"Nintendo - Nintendo 3DS/Named_Boxarts/Dragon Ball Fusions (Europe) (En,Fr,De,Es,It).png"
2379,
2380,"Nintendo - Wii/Named_Boxarts/Endless Ocean (Europe) (En,Fr,De,Es,It).png"
2381,Nintendo - Wii/Named_Boxarts/Tatsunoko vs. Capcom - Ultimate All-Stars (Europe).png
2382,
2384,"Nintendo - Wii/Named_Boxarts/Captain America - Super Soldier (Europe) (En,Fr,De,Es,It).png"
2385,"Nintendo - Wii/Named_Boxarts/101-in-1 Party Megamix (USA) (En,Fr,Es).png"
2386,"Nintendo - Nintendo DS/Named_Boxarts/Phoenix Wright - Ace Attorney - Justice for All (Europe) (En,Fr,De).png"
2387,Nintendo - Nintendo DS/Named_Boxarts/Gyakuten Kenji 2 (Japan).png
2388,Nintendo - Nintendo DS/Named_Boxarts/Ace Attorney Investigations - Miles Edgeworth (Europe).png
2389,"Nintendo - Nintendo DS/Named_Boxarts/Apollo Justice - Ace Attorney (Europe) (Es,It).png"
2390,
2391,"Nintendo - GameCube/Named_Boxarts/Mario Power Tennis (Europe) (En,Fr,De,Es,It).png"
2392,"Nintendo - Wii/Named_Boxarts/PokePark 2 - Wonders Beyond (Europe) (En,Fr,De,Es,It).png"
2393,
2394,
2395,Nintendo - Nintendo DS/Named_Boxarts/Inazuma Eleven 2 - Tempesta di Fuoco (Italy).png
2396,Nintendo - Nintendo DS/Named_Boxarts/Inazuma Eleven 2 - Bufera di Neve (Italy).png
2397,Nintendo - Nintendo DS/Named_Boxarts/Inazuma Eleven (Europe).png
2399,
2400,
2401,
2402,
2403,"Nintendo - Nintendo 3DS/Named_Boxarts/Pokemon Ultra Sun (Europe) (En,Ja,Fr,De,Es,It,Zh,Ko).png"
2404,
2405,
2406,
2407,"Nintendo - Nintendo 3DS/Named_Boxarts/Pokemon Y (Europe) (En,Ja,Fr,De,Es,It,Ko).png"
2408,"Nintendo - Nintendo 3DS/Named_Boxarts/Pokemon X (Europe) (En,Ja,Fr,De,Es,It,Ko).png"
2409,Nintendo - Nintendo DS/Named_Boxarts/Pokemon - Versione Bianca 2 (Italy) (NDSi Enhanced).png
2410,Nintendo - Nintendo DS/Named_Boxarts/Pokemon - Versione Bianca (Italy) (NDSi Enhanced).png
2411,Nintendo - Nintendo DS/Named_Boxarts/Pokemon - Versione Nera 2 (Italy) (NDSi Enhanced).png
2412,Nintendo - Nintendo DS/Named_Boxarts/Pokemon - Versione Nera (Italy) (NDSi Enhanced).png
2413,Nintendo - Nintendo DS/Named_Boxarts/Pokemon - Versione Argento SoulSilver (Italy).png
2414,Nintendo - Nintendo DS/Named_Boxarts/Pokemon - Versione Oro HeartGold (Italy).png
2415,Nintendo - Nintendo DS/Named_Boxarts/Pokemon - Versione Platino (Italy).png
2416,Nintendo - Nintendo DS/Named_Boxarts/Pokemon - Versione Perla (Italy) (Rev 5).png
2417,Nintendo - Nintendo DS/Named_Boxarts/Pokemon - Versione Diamante (Italy) (Rev 5).png
2418,Nintendo - Game Boy Advance/Named_Boxarts/Pokemon - Versione Verde Foglia (Italy).png
2419,Nintendo - Game Boy Advance/Named_Boxarts/Pokemon - Versione Rosso Fuoco (Italy).png
2420,Nintendo - Game Boy Advance/Named_Boxarts/Pokemon - Versione Smeraldo (Italy).png
2421,Nintendo - Game Boy Advance/Named_Boxarts/Pokemon - Versione Zaffiro (Italy) (Rev 1).png
2422,
2423,
2424,Nintendo - Game Boy Advance/Named_Boxarts/Pokemon - Versione Rubino (Italy) (Rev 1).png
2425,Nintendo - Game Boy Color/Named_Boxarts/Pokemon - Versione Cristallo (Italy).png
2426,Nintendo - Game Boy Color/Named_Boxarts/Pokemon - Versione Argento (Italy) (SGB Enhanced) (GB Compatible).png
2427,Nintendo - Game Boy Color/Named_Boxarts/Pokemon - Versione Oro (Italy) (SGB Enhanced) (GB Compatible).png
2428,
2429,Nintendo - Game Boy/Named_Boxarts/Pokemon - Versione Blu (Italy) (SGB Enhanced).png
2430,Nintendo - Game Boy/Named_Boxarts/Pokemon - Versione Rossa (Italy) (SGB Enhanced).png
2431,"Nintendo - Nintendo DS/Named_Boxarts/Flushed Away (Europe) (De,It).png"
2432,"Nintendo - Super Nintendo Entertainment System/Named_Boxarts/Legend of Zelda, The - A Link to the Past (Europe).png"
2433,"Nintendo - Nintendo 3DS/Named_Boxarts/Garfield Kart (Europe) (En,Fr,De,Es,It).png"
2434,"Nintendo - Nintendo 3DS/Named_Boxarts/Pilotwings Resort (Europe) (En,Fr,De,Es,It) (Rev 1).png"
2435,"Nintendo - Nintendo 3DS/Named_Boxarts/Teenage Mutant Ninja Turtles (Europe) (En,Fr,De,Es,It,Nl,Sv).png"
2436,"Nintendo - GameCube/Named_Boxarts/Enter the Matrix (Europe) (En,Fr,De,Es,It) (Disc 1).png"
2437,"Nintendo - Nintendo 3DS/Named_Boxarts/2in1 Horses 3D Vol.3 - My Riding Stables 3D - Jumping for the Team and My Western Horse 3D (Europe) (En,Fr,De,It,Nl).png"
2438,Nintendo - Super Nintendo Entertainment System/Named_Boxarts/Super Mario All-Stars (Europe) (Wii).png
2439,
2440,"Nintendo - Nintendo 3DS/Named_Boxarts/Pokemon Ultra Moon (Europe) (En,Ja,Fr,De,Es,It,Zh,Ko).png"
2441,
2442,"Nintendo - Game Boy Color/Named_Boxarts/Batman - Chaos in Gotham (Europe) (En,Fr,De,Es,It,Nl).png"
2443,
2444,"Nintendo - Game Boy/Named_Boxarts/Super Mario Land 2 - 6 Golden Coins (USA, Europe) (Rev 1).png"
2445,Nintendo - Game Boy/Named_Boxarts/Super Mario Land (World) (Rev 1).png
2446,Nintendo - Game Boy Color/Named_Boxarts/Super Mario Bros. Deluxe (Europe) (Rev 2).png
2447,Nintendo - Game Boy/Named_Boxarts/Metroid II - Return of Samus (World).png
2448,"Nintendo - Nintendo 3DS/Named_Boxarts/Resident Evil - The Mercenaries 3D (Europe) (En,Fr,De,Es,It).png"
2449,"Nintendo - Nintendo 3DS/Named_Boxarts/Poochy _ Yoshi's Woolly World (Europe) (En,Fr,De,Es,It,Nl).png"
2450,"Nintendo - Nintendo 3DS/Named_Boxarts/Mario Kart 7 (Europe) (En,Fr,De,Es,It,Nl,Pt,Ru) (Rev 1).png"
2451,"Nintendo - Nintendo 3DS/Named_Boxarts/Mario _ Sonic at the Rio 2016 Olympic Games (Europe) (En,Fr,De,Es,It,Nl).png"
2452,Nintendo - Nintendo 64/Named_Boxarts/WWF No Mercy (Europe) (Rev 1).png
2453,"Nintendo - Nintendo 64/Named_Boxarts/Taz Express (Europe) (En,Fr,De,Es,It,Nl).png"
2454,"Nintendo - Nintendo 64/Named_Boxarts/Duck Dodgers Starring Daffy Duck (USA) (En,Fr,Es).png"
2455,"Nintendo - Nintendo 64/Named_Boxarts/Superman (Europe) (En,Fr,De,Es,It,Nl).png"
2456,"Nintendo - Nintendo 64/Named_Boxarts/LEGO Racers (Europe) (En,Fr,De,Es,It,Nl,Sv,No,Da,Fi).png"
2457,"Nintendo - Nintendo 64/Named_Boxarts/Super Smash Bros. (Europe) (En,Fr,De).png"
2458,"Nintendo - Nintendo 3DS/Named_Boxarts/Sonic - Lost World (Europe) (En,Fr,De,Es,It).png"
2459,
2461,"Nintendo - Nintendo 3DS/Named_Boxarts/Tom Clancy's Ghost Recon - Shadow Wars (Europe) (En,Fr,De,Es,It).png"
2462,"Nintendo - Nintendo 3DS/Named_Boxarts/Tetris Ultimate (Europe) (En,Fr,De,Es,It).png"
2463,"Nintendo - Nintendo 3DS/Named_Boxarts/Dragon Ball Z - Extreme Butoden (Europe) (En,Fr,De,Es,It).png"
2464,
2465,"Nintendo - Nintendo 3DS/Named_Boxarts/Deca Sports Extreme (USA) (En,Fr,Es).png"
2466,"Nintendo - Nintendo DS/Named_Boxarts/Tenchu - Dark Secret (Europe) (En,Es,It).png"
2467,"Nintendo - Nintendo 3DS/Named_Boxarts/Batman - Arkham Origins Blackgate (Europe) (En,Fr,De,Es,It).png"
2468,"Nintendo - Nintendo 3DS/Named_Boxarts/WWE All Stars (Europe) (En,Fr,De,Es,It).png"
2469,"Nintendo - Nintendo 3DS/Named_Boxarts/Kid Icarus - Uprising (Europe) (En,Fr,De,Es,It).png"
2470,"Nintendo - Nintendo 3DS/Named_Boxarts/Bravely Default (Europe) (En,Ja,Fr,De,Es,It).png"
2471,"Nintendo - Nintendo 3DS/Named_Boxarts/Rayman Origins (Europe) (En,Fr,De,Es,It,Nl) (Rev 1).png"
2472,"Nintendo - Game Boy Color/Named_Boxarts/Adventures of the Smurfs, The (Europe) (En,Fr,De,Es,It,Nl).png"
2473,"Nintendo - Game Boy Advance/Named_Boxarts/Kingdom Hearts - Chain of Memories (Europe) (En,Fr,De,Es,It).png"
2474,"Nintendo - GameCube/Named_Boxarts/Super Monkey Ball 2 (Europe) (En,Fr,De,Es,It).png"
2475,"Nintendo - GameCube/Named_Boxarts/Super Monkey Ball (Europe) (En,Fr,De,Es,It).png"
2476,"Nintendo - GameCube/Named_Boxarts/Viewtiful Joe (Europe) (En,Fr,De,Es,It).png"
2477,Nintendo - GameCube/Named_Boxarts/SoulCalibur II (Europe).png
2478,"Nintendo - GameCube/Named_Boxarts/Gun (Europe) (En,Fr,Es,It).png"
2479,"Nintendo - GameCube/Named_Boxarts/Spyro - A Hero's Tail (Europe) (En,Fr,De,Es,It,Nl).png"
2480,"Nintendo - GameCube/Named_Boxarts/Spyro - Enter the Dragonfly (Europe) (En,Fr,De,Es,It,Nl).png"
2481,
2482,
2483,
2484,"Nintendo - Game Boy/Named_Boxarts/Battle of Olympus, The (Europe) (En,Fr,De,Es,It).png"
2485,"Nintendo - GameCube/Named_Boxarts/Taz - Wanted (Europe) (En,Fr,De,Es,It).png"
2486,"Nintendo - GameCube/Named_Boxarts/XIII (Europe) (Fr,De,Es,It).png"
2487,"Nintendo - GameCube/Named_Boxarts/Terminator 3 - The Redemption (Europe) (En,Fr,De,Es,It).png"
2488,"Nintendo - Nintendo DS/Named_Boxarts/X-Men - The Official Game (Europe) (En,Fr,Es,It).png"
2489,
2490,"Nintendo - Game Boy Advance/Named_Boxarts/X-Men - The Official Game (Europe) (En,Fr,Es,It).png"
2492,"Nintendo - Game Boy Color/Named_Boxarts/Atlantis - The Lost Empire (Europe) (En,Es,It).png"
2493,
2494,"Nintendo - Game Boy/Named_Boxarts/Asterix (Europe) (En,Fr,De,Es,It).png"
2495,"Nintendo - Nintendo DS/Named_Boxarts/Star Fox Command (Europe) (En,Fr,De,Es,It).png"
2496,Sony - PlayStation/Named_Boxarts/Project Overkill (Europe).png
2497,Sony - PlayStation/Named_Boxarts/Pro Racer (Europe) (Rev 1).png
2498,
2499,"Sony - PlayStation/Named_Boxarts/Power Diggerz (Europe) (En,Fr,De).png"
2500,Sony - PlayStation/Named_Boxarts/Perfect Weapon (Europe).png
2501,Sony - PlayStation/Named_Boxarts/Overboard! (Europe).png
2502,Sony - PlayStation/Named_Boxarts/NBA Jam - Tournament Edition (Europe).png
2503,"Sony - PlayStation/Named_Boxarts/Mighty Hits Special (Europe) (En,Fr,De).png"
2504,Sony - PlayStation/Named_Boxarts/MechWarrior 2 - 31st Century Combat - Arcade Combat Edition (Europe).png
2505,"Sony - PlayStation/Named_Boxarts/Master of Monsters - Disciples of Gaia (Europe) (En,Fr,De).png"
2506,"Sony - PlayStation/Named_Boxarts/Mass Destruction (Europe) (En,Fr,De,Es).png"
2507,"Sony - PlayStation/Named_Boxarts/Lord of the Jungle (Europe) (En,Fr,De,Nl).png"
2508,Sony - PlayStation/Named_Boxarts/London Racer II (Europe).png
2509,"Sony - PlayStation/Named_Boxarts/Lion and the King 2 (Europe) (En,Fr,De).png"
2510,Sony - PlayStation/Named_Boxarts/LEGO Isola 2 - La Rivincita del Briccone (Italy).png
2511,Sony - PlayStation/Named_Boxarts/KKND Krossfire (Europe).png
2512,Sony - PlayStation/Named_Boxarts/King of Bowling 3 (Europe).png
2513,Sony - PlayStation/Named_Boxarts/Jupiter Strike (Europe).png
2514,Sony - PlayStation/Named_Boxarts/In the Hunt (Europe).png
2515,Sony - PlayStation/Named_Boxarts/Hyper Final Match Tennis (Japan).png
2516,"Sony - PlayStation/Named_Boxarts/Hunter, The (Europe).png"
2519,Sony - PlayStation/Named_Boxarts/Gungage (Europe).png
2520,
2522,Sony - PlayStation/Named_Boxarts/Floating Runner - Quest for the 7 Crystals (USA).png
2523,
2524,Sony - PlayStation/Named_Boxarts/Final Doom (Europe).png
2525,
2526,Sony - PlayStation/Named_Boxarts/Extreme Snow Break (Europe).png
2528,"Sony - PlayStation/Named_Boxarts/Dukes of Hazzard II, The - Daisy Dukes It Out (Europe).png"
2529,
2530,"Sony - PlayStation/Named_Boxarts/Diver's Dream (Europe) (En,Fr,De).png"
2531,Sony - PlayStation/Named_Boxarts/Destructo 2 (Europe).png
2532,Sony - PlayStation/Named_Boxarts/Darkstalkers 3 (Europe).png
2533,Sony - PlayStation/Named_Boxarts/Dance-UK eXtra Trax (UK).png
2534,"Sony - PlayStation/Named_Boxarts/Dalmatians 2 (Europe) (En,Fr,De).png"
2535,"Sony - PlayStation/Named_Boxarts/Cyberia (Europe) (Fr,De).png"
2536,Sony - PlayStation/Named_Boxarts/Cindy's Caribbean Holiday (Europe).png
2537,"Sony - PlayStation/Named_Boxarts/Cheesy (Europe) (En,Fr).png"
2538,Sony - PlayStation/Named_Boxarts/Championship Manager Quiz (Europe).png
2539,Sony - PlayStation/Named_Boxarts/Brave Sword (Japan).png
2540,"Sony - PlayStation/Named_Boxarts/Bombing Islands, The (Europe).png"
2541,Sony - PlayStation/Named_Boxarts/Blaze _ Blade - Eternal Quest (Europe).png
2542,Sony - PlayStation/Named_Boxarts/Blam! Machinehead (Europe).png
2543,Sony - PlayStation/Named_Boxarts/Black Dawn (Europe).png
2544,
2545,
2546,
2547,Sony - PlayStation/Named_Boxarts/All Star Boxing (Europe).png
2548,
2549,Sony - PlayStation/Named_Boxarts/3D Lemmings (Europe).png
2550,Sony - PlayStation/Named_Boxarts/3Xtreme (USA).png
2551,
2552,Sony - PlayStation/Named_Boxarts/007 Racing (Europe).png
2553,"Sony - PlayStation 2/Named_Boxarts/Lake Masters EX (Europe) (En,Fr,De).png"
2554,Sony - PlayStation 2/Named_Boxarts/Konami Kids Playground - Toy Pals Fun with Numbers (USA).png
2555,"Sony - PlayStation 2/Named_Boxarts/Looney Tunes - Acme Arsenal (Europe) (En,Fr,De,Es,It).png"
2556,
2558,Sony - PlayStation 2/Named_Boxarts/Onmyou Taisenki - Hasha no In (Japan).png
2559,Sony - PlayStation 2/Named_Boxarts/Onmyou Taisenki - Byakko Enbu (Japan) (EyeToy Camera Doukonban).png
2560,
2561,
2562,
2563,
2564,
2565,
2567,Nintendo - Nintendo 64/Named_Boxarts/Star Fox 64 (USA) (Rev 1).png
2570,"Nintendo - Game Boy Color/Named_Boxarts/Aladdin (Europe) (En,Fr,De,Es,It,Nl).png"
2571,"Nintendo - Game Boy Color/Named_Boxarts/3D Pocket Pool (Europe) (En,Fr,De,Es,It,Nl).png"
2573,"Nintendo - Game Boy Color/Named_Boxarts/Antz (Europe) (En,Fr,De,Es,It,Nl) (GB Compatible).png"
2574,"Nintendo - Game Boy Color/Named_Boxarts/Antz Racing (Europe) (En,Fr,De,Es,It,Nl).png"
2577,"Nintendo - Game Boy Color/Named_Boxarts/Barca Total 2000 (Europe) (En,Fr,De,Es,It,Nl,Ca).png"
2578,"Nintendo - Game Boy Advance/Named_Boxarts/Hamtaro - Ham-Ham Games (Europe) (En,Fr,De,Es,It).png"
2579,"Nintendo - Game Boy Advance/Named_Boxarts/Sonic Pinball Party (Europe) (En,Ja,Fr,De,Es,It).png"
2580,"Nintendo - Game Boy Advance/Named_Boxarts/Sonic Advance 3 (Europe) (En,Ja,Fr,De,Es,It).png"
2585,"Nintendo - Nintendo 3DS/Named_Boxarts/LEGO Batman 3 - Beyond Gotham (Europe) (En,Fr,De,Es,It,Nl,Da).png"
2586,"Nintendo - Nintendo 3DS/Named_Boxarts/LEGO Batman 2 - DC Super Heroes (Europe) (En,Fr,De,Es,It,Nl,Da) (Rev 1).png"
2587,
2589,"Nintendo - Nintendo 3DS/Named_Boxarts/Luigi's Mansion 2 (Europe) (En,Fr,De,Es,It,Nl,Pt,Ru).png"
2590,"Nintendo - Nintendo 3DS/Named_Boxarts/Luigi's Mansion (Europe) (En,Fr,De,Es,It).png"
2591,
2592,"Nintendo - GameCube/Named_Boxarts/Luigi's Mansion (Europe) (En,Fr,De,Es,It) (Rev 1).png"
2593,"Nintendo - Super Nintendo Entertainment System/Named_Boxarts/American Tail, An - Fievel Goes West (Europe).png"
2594,"Nintendo - Game Boy Advance/Named_Boxarts/Gekido Advance - Kintaro's Revenge (Europe) (En,Fr,De,Es,It).png"
2595,"Nintendo - GameCube/Named_Boxarts/Legend of Zelda, The - The Wind Waker (Europe) (En,Fr,De,Es,It).png"
2596,"Nintendo - Nintendo 64/Named_Boxarts/Diddy Kong Racing (Europe) (En,Fr,De) (Rev 1).png"
2597,"Nintendo - Nintendo DS/Named_Boxarts/Diddy Kong Racing DS (Europe) (En,Fr,De,Es,It).png"
2598,"Nintendo - Nintendo DS/Named_Boxarts/Donkey Kong - Jungle Climber (Europe) (En,Fr,De,Es,It).png"
2599,
2600,"Nintendo - Nintendo 64/Named_Boxarts/Donkey Kong 64 (Europe) (En,Fr,De,Es).png"
2601,"Nintendo - Super Nintendo Entertainment System/Named_Boxarts/Donkey Kong Country 3 - Dixie Kong's Double Trouble! (Europe) (En,Fr,De).png"
2602,"Nintendo - Super Nintendo Entertainment System/Named_Boxarts/Donkey Kong Country 2 - Diddy's Kong Quest (Europe) (En,Fr) (Rev 1) (Virtual Console).png"
2603,"Nintendo - Super Nintendo Entertainment System/Named_Boxarts/Donkey Kong Country (Europe) (En,Fr,De) (Rev 1).png"
2604,"Nintendo - Game Boy/Named_Boxarts/Donkey Kong Land III (USA, Europe) (Rev 1) (SGB Enhanced).png"
2605,"Nintendo - Game Boy/Named_Boxarts/Donkey Kong Land 2 (USA, Europe) (SGB Enhanced).png"
2606,"Nintendo - Game Boy/Named_Boxarts/Donkey Kong Land (USA, Europe) (SGB Enhanced).png"
2607,Nintendo - Game Boy/Named_Boxarts/Donkey Kong (World) (Rev 1) (SGB Enhanced).png
2608,Nintendo - Nintendo Entertainment System/Named_Boxarts/Donkey Kong 3 (World) (GameCube Edition).png
2609,"Nintendo - Nintendo Entertainment System/Named_Boxarts/Donkey Kong Jr. Math (USA, Europe).png"
2610,Nintendo - Nintendo Entertainment System/Named_Boxarts/Donkey Kong Jr. (World) (Rev 1) (GameCube Edition).png
2611,Nintendo - Nintendo Entertainment System/Named_Boxarts/Donkey Kong (World) (Rev 1) (GameCube Edition).png
2612,"Nintendo - Game Boy Advance/Named_Boxarts/Donkey Kong Country 3 (Europe) (En,Fr,De,Es,It).png"
2613,"Nintendo - Game Boy Advance/Named_Boxarts/Donkey Kong Country 2 (Europe) (En,Fr,De,Es,It).png"
2614,"Nintendo - Game Boy Advance/Named_Boxarts/Donkey Kong Country (Europe) (En,Fr,De,Es,It).png"
2615,Nintendo - Game Boy Advance/Named_Boxarts/Golden Sun - L'Era Perduta (Italy).png
2616,"Nintendo - Game Boy Advance/Named_Boxarts/Golden Sun (USA, Europe).png"
2617,
2620,"Nintendo - Game Boy Advance/Named_Boxarts/Simpsons, The - Road Rage (Europe) (En,Fr,De,Es,It).png"
2621,"Nintendo - Game Boy Color/Named_Boxarts/Simpsons, The - Night of the Living Treehouse of Horror (USA, Europe).png"
2622,"Nintendo - Super Nintendo Entertainment System/Named_Boxarts/Simpsons, The - Bart's Nightmare (Europe).png"
2623,"Nintendo - Game Boy/Named_Boxarts/Simpsons, The - Bart _ the Beanstalk (USA, Europe).png"
2624,"Nintendo - Game Boy/Named_Boxarts/Simpsons, The - Bart vs. the Juggernauts (USA, Europe).png"
2625,"Nintendo - Game Boy/Named_Boxarts/Bart Simpson's Escape from Camp Deadly (USA, Europe).png"
2626,Nintendo - GameCube/Named_Boxarts/Tales of Symphonia (Europe) (Disc 1).png
2627,"Nintendo - Wii/Named_Boxarts/Tales of Symphonia - Dawn of the New World (Europe) (En,Fr,De,Es,It).png"
2628,Nintendo - Super Nintendo Entertainment System/Named_Boxarts/Goof Troop (Europe).png
2629,"Nintendo - GameCube/Named_Boxarts/Skies of Arcadia Legends (Europe) (En,Fr,De,Es).png"
2630,"Nintendo - Nintendo 3DS/Named_Boxarts/Doctor Lautrec and the Forgotten Knights (Europe) (En,Fr,De,Es,It).png"
2632,"Nintendo - Nintendo DS/Named_Boxarts/50 Classic Games (Europe) (En,Fr,De,Es,It,Nl).png"
2636,
2637,"Nintendo - Nintendo DS/Named_Boxarts/42 All-Time Classics (Europe) (En,Fr,De,Es,It) (Rev 1).png"
2640,"Nintendo - Nintendo 3DS/Named_Boxarts/Metal Gear Solid 3D - Snake Eater (Europe) (En,Fr,De,Es,It).png"
2641,"Nintendo - GameCube/Named_Boxarts/Metal Gear Solid - The Twin Snakes (Europe) (En,Fr,De,Es,It) (Disc 1).png"
2644,"Nintendo - Game Boy Advance/Named_Boxarts/Franklin the Turtle (Europe) (En,Fr,De,Es,It,Sv,No,Da,Fi) (Rev 2).png"
2646,Nintendo - Nintendo DS/Named_Boxarts/Elite Beat Agents (Europe).png
2647,
2650,"Nintendo - Nintendo DS/Named_Boxarts/Guitar Hero - On Tour - Decades (Europe) (Fr,De,Es,It).png"
2651,"Nintendo - Nintendo DS/Named_Boxarts/Guitar Hero - On Tour - Modern Hits (Europe) (Fr,De,Es,It).png"
2652,"Nintendo - Nintendo DS/Named_Boxarts/Guitar Hero - On Tour (Europe) (Fr,De,Es,It).png"
2653,"Nintendo - Nintendo 3DS/Named_Boxarts/Fire Emblem Fates - Conquest (Europe) (En,Fr,De,Es,It).png"
2654,"Nintendo - Nintendo 3DS/Named_Boxarts/Fire Emblem Echoes - Shadows of Valentia (Europe) (En,Fr,De,Es,It,Nl).png"
2655,"Nintendo - Nintendo 3DS/Named_Boxarts/Fire Emblem - Awakening (Europe) (En,Fr,De,Es,It).png"
2656,Nintendo - Nintendo 3DS/Named_Boxarts/Fire Emblem Warriors (USA).png
2657,
2658,"Nintendo - Nintendo DS/Named_Boxarts/Fire Emblem - Shadow Dragon (Europe) (En,Fr,De,Es,It).png"
2659,Nintendo - Super Nintendo Entertainment System/Named_Boxarts/Fire Emblem - Seisen no Keifu (Japan).png
2660,"Nintendo - Game Boy Advance/Named_Boxarts/Fire Emblem - The Sacred Stones (Europe) (En,Fr,De,Es,It) (Virtual Console).png"
2662,"Nintendo - GameCube/Named_Boxarts/Fire Emblem - Path of Radiance (Europe) (En,Fr,De,Es,It).png"
2663,
2664,"Nintendo - Wii/Named_Boxarts/Fire Emblem - Radiant Dawn (Europe) (En,Fr,De,Es,It) (Rev 1).png"
2665,
2667,"Nintendo - Nintendo DS/Named_Boxarts/Puzzler World 2013 (Europe) (En,Fr,De,Es,It).png"
2668,"Nintendo - Nintendo 3DS/Named_Boxarts/Puzzler World 2012 3D (Europe) (En,Fr,De,Es,It).png"
2670,Nintendo - Nintendo 64/Named_Boxarts/Mario Tennis (Europe) (Wii Virtual Console).png
2671,Nintendo - Nintendo 64/Named_Boxarts/Mario Golf (Europe).png
2672,Nintendo - Nintendo 64/Named_Boxarts/Mario Kart 64 (Europe) (Rev 1).png
2673,"Nintendo - Nintendo 64/Named_Boxarts/Mario Party 3 (Europe) (En,Fr,De,Es).png"
2674,"Nintendo - Nintendo 64/Named_Boxarts/Mario Party 2 (Europe) (En,Fr,De,Es,It) (Wii Virtual Console).png"
2675,"Nintendo - Nintendo 64/Named_Boxarts/Mario Party (Europe) (En,Fr,De).png"
2676,"Nintendo - Nintendo 64/Named_Boxarts/Paper Mario (Europe) (En,Fr,De,Es).png"
2677,"Nintendo - Nintendo 64/Named_Boxarts/Super Mario 64 (Europe) (En,Fr,De).png"
2678,"Nintendo - Game Boy Advance/Named_Boxarts/Mario _ Luigi - Superstar Saga (Europe) (En,Fr,De,Es,It) (Virtual Console).png"
2679,"Nintendo - Nintendo DS/Named_Boxarts/New Super Mario Bros. (Europe) (En,Fr,De,Es,It).png"
2680,"Nintendo - Nintendo DS/Named_Boxarts/Super Mario 64 DS (Europe) (En,Fr,De,Es,It).png"
2681,"Nintendo - Nintendo DS/Named_Boxarts/Mario vs. Donkey Kong 2 - March of the Minis (Europe) (En,Fr,De,Es,It).png"
2682,"Nintendo - Nintendo DS/Named_Boxarts/Mario vs. Donkey Kong - Mini-Land Mayhem! (Europe) (En,Fr,De,Es,It) (NDSi Enhanced).png"
2683,Nintendo - Nintendo DS/Named_Boxarts/Mario Hoops 3 on 3 (USA).png
2684,"Nintendo - Nintendo DS/Named_Boxarts/Mario Slam Basketball (Europe) (En,Ja,Fr,De,Es,It).png"
2685,"Nintendo - Nintendo DS/Named_Boxarts/Mario Party DS (Europe) (En,Fr,De,Es,It) (Rev 1).png"
2686,"Nintendo - Nintendo DS/Named_Boxarts/Mario Kart DS (Europe) (En,Fr,De,Es,It).png"
2687,"Nintendo - Nintendo DS/Named_Boxarts/Mario _ Sonic at the Olympic Winter Games (Europe) (En,Fr,De,Es,It).png"
2688,Nintendo - Nintendo DS/Named_Boxarts/Mario and Sonic at the Olympic Games (USA).png
2689,"Nintendo - Nintendo DS/Named_Boxarts/Mario _ Luigi - Partners in Time (Europe) (En,Fr,De,Es,It).png"
2690,"Nintendo - Nintendo DS/Named_Boxarts/Mario _ Luigi - Bowser's Inside Story (Europe) (En,Fr,De,Es,It).png"
2691,"Nintendo - GameCube/Named_Boxarts/Mario Golf - Toadstool Tour (Europe) (En,Fr,De,Es,It).png"
2692,
2693,
2694,
2695,
2696,
2697,
2698,"Nintendo - Wii/Named_Boxarts/Super Smash Bros. Brawl (Europe) (En,Fr,De,Es,It) (Rev 1).png"
2699,"Nintendo - Wii/Named_Boxarts/Wario Land - The Shake Dimension (Europe) (En,Fr,De,Es,It).png"
2700,"Nintendo - Wii/Named_Boxarts/Mario Strikers Charged Football (Europe) (En,Fr,De,Es,It) (Rev 1).png"
2701,"Nintendo - Wii/Named_Boxarts/Super Paper Mario (Europe) (En,Fr,De,Es,It) (Rev 1).png"
2702,"Nintendo - Wii/Named_Boxarts/Super Mario Galaxy 2 (Europe) (En,Fr,De,Es,It).png"
2703,Nintendo - Wii/Named_Boxarts/Super Mario Galaxy (Europe).png
2704,"Nintendo - Wii/Named_Boxarts/Mario Sports Mix (Europe) (En,Fr,De,Es,It).png"
2705,Nintendo - Wii/Named_Boxarts/Mario Tennis (Europe) (N64) (Virtual Console).png
2706,"Nintendo - Wii/Named_Boxarts/Mario Party 8 (Europe) (En,Fr,De,Es,It).png"
2707,"Nintendo - Wii/Named_Boxarts/New Super Mario Bros. Wii (Europe) (En,Fr,De,Es,It) (Rev 1).png"
2708,Nintendo - Wii/Named_Boxarts/Mario Kart Wii (Europe).png
2709,"Nintendo - Game Boy Advance/Named_Boxarts/Jonny Moseley Mad Trix (USA, Europe) (En,Fr,De,Es,It).png"
2711,"Nintendo - Nintendo DS/Named_Boxarts/Battle of Giants - Mutant Insects (USA) (En,Fr,Es).png"
2712,"Nintendo - Nintendo DS/Named_Boxarts/Battle of Giants - Dragons (USA) (En,Fr,Es) (Rev 1).png"
2713,"Nintendo - Nintendo DS/Named_Boxarts/Battle of Giants - Dinosaurs (USA) (En,Fr,Es).png"
2714,"Nintendo - Wii/Named_Boxarts/Battle of Giants - Dinosaurs Strike (USA) (En,Fr,Es).png"
2715,"Nintendo - Nintendo 3DS/Named_Boxarts/Captain Toad - Treasure Tracker (Europe) (En,Fr,De,Es,It,Nl).png"
2716,
2718,"Nintendo - Game Boy Advance/Named_Boxarts/Tim Burton's The Nightmare Before Christmas - The Pumpkin King (USA, Europe) (En,Fr,De,Es,It).png"
2719,
2720,"Nintendo - Wii/Named_Boxarts/Dragon Ball - Revenge of King Piccolo (Europe) (En,Fr,De,Es,It).png"
2721,"Nintendo - Wii/Named_Boxarts/Crash of the Titans (Europe) (En,Fr,De,Es,It,Nl).png"
2722,"Nintendo - Nintendo DS/Named_Boxarts/Crash Boom Bang! (Europe) (En,Fr,De,Es,It).png"
2723,"Nintendo - Nintendo DS/Named_Boxarts/Crash - Mind over Mutant (Europe) (En,Fr,De,Es,It,Nl).png"
2724,"Nintendo - Nintendo DS/Named_Boxarts/Crash of the Titans (Europe) (En,Fr,De,Es,It,Nl).png"
2725,
2726,
2727,"Nintendo - Game Boy Advance/Named_Boxarts/Crash of the Titans (Europe) (En,Fr,De,Es,It,Nl).png"
2728,"Nintendo - Game Boy Advance/Named_Boxarts/Crash Bandicoot Fusion (Europe) (En,Fr,De,Es,It).png"
2729,"Nintendo - Game Boy Advance/Named_Boxarts/Crash Bandicoot 2 - N-Tranced (Europe) (En,Fr,De,Es,It,Nl).png"
2730,"Nintendo - Game Boy Advance/Named_Boxarts/Crash Bandicoot XS (Europe) (En,Fr,De,Es,It,Nl).png"
2731,"Nintendo - Game Boy Advance/Named_Boxarts/Crash Nitro Kart (Europe) (En,Fr,De,Es,It,Nl).png"
2732,"Nintendo - Nintendo 64/Named_Boxarts/Legend of Zelda, The - Majora's Mask (Europe) (En,Fr,De,Es) (Rev 1) (Debug).png"
2733,"Nintendo - Game Boy Advance/Named_Boxarts/Legend of Zelda, The - The Minish Cap (Europe) (En,Fr,De,Es,It).png"
2734,
2735,"Nintendo - Nintendo 64/Named_Boxarts/Legend of Zelda, The - Ocarina of Time (Europe) (Debug) (GameCube).png"
2736,
2737,"Nintendo - Nintendo Entertainment System/Named_Boxarts/Legend of Zelda, The (Europe) (Rev 1) (Virtual Console).png"
2738,"Nintendo - GameCube/Named_Boxarts/Legend of Zelda, The - Four Swords Adventures (Europe) (En,Fr,De,Es,It).png"
2739,"Nintendo - GameCube/Named_Boxarts/Legend of Zelda, The - Twilight Princess (Europe) (En,Fr,De,Es,It).png"
2740,"Nintendo - Nintendo DS/Named_Boxarts/Legend of Zelda, The - Phantom Hourglass (Europe) (En,Fr,De,Es,It).png"
2741,"Nintendo - Nintendo DS/Named_Boxarts/Legend of Zelda, The - Spirit Tracks (Europe) (En,Fr,De,Es,It) (Rev 1).png"
2742,"Nintendo - Game Boy Color/Named_Boxarts/Legend of Zelda, The - Oracle of Seasons (Europe) (En,Fr,De,Es,It).png"
2743,"Nintendo - Game Boy Color/Named_Boxarts/Legend of Zelda, The - Oracle of Ages (Europe) (En,Fr,De,Es,It).png"
2744,"Nintendo - Wii/Named_Boxarts/Legend of Zelda, The - Skyward Sword (Europe) (En,Fr,De,Es,It) (Rev 1).png"
2746,
2748,
2749,
2750,"Nintendo - Wii/Named_Boxarts/Dragon Ball Z - Budokai Tenkaichi 3 (Europe) (En,Fr,De,Es,It).png"
2751,Nintendo - Nintendo DS/Named_Boxarts/Jump Ultimate Stars (Japan).png
2753,"Nintendo - Nintendo DS/Named_Boxarts/Dragon Ball Z - Attack of the Saiyans (Europe) (En,Fr,De,Es,It).png"
2754,"Nintendo - Nintendo DS/Named_Boxarts/Dragon Ball - Origins 2 (Europe) (En,Fr,De,Es,It).png"
2755,"Nintendo - Nintendo DS/Named_Boxarts/Dragon Ball - Origins (Europe) (En,Fr,De,Es,It).png"
2758,Nintendo - Game Boy Advance/Named_Boxarts/Dragon Ball GT - Transformation (USA).png
2759,Nintendo - Game Boy Advance/Named_Boxarts/Dragon Ball Z - Buu's Fury (USA).png
2760,"Nintendo - Game Boy Advance/Named_Boxarts/Dragon Ball - Advanced Adventure (Europe) (En,Fr,De,Es,It).png"
2762,"Nintendo - Game Boy Advance/Named_Boxarts/Dragon Ball Z - Supersonic Warriors (Europe) (En,Fr,De,Es,It).png"
2764,
2765,Nintendo - Game Boy Color/Named_Boxarts/Dragon Ball Z - Legendary Super Warriors (Europe).png
2766,Nintendo - Game Boy Advance/Named_Boxarts/Dragon Ball Z - Collectible Card Game (USA).png
2767,"Nintendo - Game Boy Advance/Named_Boxarts/Dragon Ball Z - Taiketsu (Europe) (En,Fr,De,Es,It).png"
2768,"Nintendo - Game Boy Advance/Named_Boxarts/Dragon Ball Z - The Legacy of Goku II (Europe) (En,Fr,De,Es,It).png"
2769,"Nintendo - Game Boy Advance/Named_Boxarts/Dragon Ball Z - The Legacy of Goku (Europe) (En,Fr,De,Es,It).png"
2771,
2772,"Nintendo - Nintendo DS/Named_Boxarts/Dragon Ball Z - Supersonic Warriors 2 (Europe) (En,Fr,De,Es,It).png"
2774,"Nintendo - Game Boy Color/Named_Boxarts/Dragon Warrior Monsters (USA, Europe) (SGB Enhanced) (GB Compatible).png"
2775,"Nintendo - Wii/Named_Boxarts/Dragon Quest Swords - The Masked Queen and the Tower of Mirrors (Europe) (En,Fr,De,Es,It).png"
2776,
2777,
2778,
2779,
2780,
2781,
2782,Nintendo - Super Nintendo Entertainment System/Named_Boxarts/Dragon Quest I _ II (Japan).png
2783,
2784,"Nintendo - Wii/Named_Boxarts/Animal Crossing - City Folk (USA) (En,Fr,Es).png"
2785,"Nintendo - GameCube/Named_Boxarts/Animal Crossing (Europe) (En,Fr,De,Es,It).png"
2786,"Nintendo - Nintendo DS/Named_Boxarts/Animal Crossing - Wild World (Europe) (En,Fr,De,Es,It).png"
2787,
2788,
2789,
2791,
2792,
2793,
2794,
2797,
2798,
2803,
2804,
2809,
2810,
2812,
2813,
2814,
2815,
2817,
2818,
2821,
2822,
2824,
2825,
2826,
2827,
2830,
2831,
2834,
2835,
2837,
2838,
2839,
2840,
2841,
2842,
2843,
2844,
2845,
2846,
2847,
2848,
2850,
2851,
2852,
2853,
2854,
2855,
2856,
2857,
2858,
2859,
2860,
2861,
2862,
2863,
2864,
2865,
2866,
2867,
2868,
2869,
2871,
2872,
2873,
2874,
2875,
2877,
2879,
2881,
2883,
2894,
2899,
2901,
2902,
2905,
2907,
2908,
2910,
2911,
2912,
2913,
2914,
2915,
2918,
2920,
2922,
2923,
2924,
2925,
2926,
2928,
2929,
2930,
2931,
2932,
2933,
2934,
2935,
2938,
2939,
2940,
2942,
2943,
2944,
2945,
2946,
2949,
2950,
2951,
2953,
2954,
2955,
2956,
2959,
2960,
2961,
2964,
2965,
2968,
2969,
2971,
2972,
2975,
2981,
2983,
2985,
2986,
2987,
2988,
2989,
2991,
2992,
2993,
2994,
2995,
2996,
2997,
2998,
2999,
3000,
3002,
3003,
3004,
3005,
3006,
3007,
3008,
3009,
3012,
3013,
3014,
3015,
3016,
3018,
3019,
3020,
3021,
3022,
3023,
3024,
3025,
3026,
3027,
3028,
3029,
3030,
3031,
3032,
3033,
3034,
3038,
3039,
3040,
3042,
3044,
3045,
3046,
3047,
3048,
3049,
3050,
3051,
3052,
3053,
3054,
3055,
3056,"Sony - PlayStation 2/Named_Boxarts/Miami Vice (Europe) (En,Fr,De,Es,It,Nl).png"
3057,"Sony - PlayStation 2/Named_Boxarts/Mummy Returns, The (Europe) (En,Fr,De,Es,It).png"
3058,"Sony - PlayStation 2/Named_Boxarts/MTV Music Generator 3 (Europe) (En,Fr,De,Es,It).png"
3059,"Sony - PlayStation 2/Named_Boxarts/Bionicle Heroes (Europe) (En,Fr,De,Es,It,Da).png"
3060,Sony - PlayStation/Named_Boxarts/LSD - Dream Emulator (English v1).png
3061,"Sony - PlayStation 2/Named_Boxarts/Kuon (Europe) (En,Fr,De).png"
3062,
3063,
3064,
3065,
3066,"Sony - PlayStation 2/Named_Boxarts/Crashed (Europe) (En,Fr,De,Es,It).png"
3067,
3068,
3069,
3070,"Sony - PlayStation 2/Named_Boxarts/Motocross Mania 3 (Europe) (En,Fr,De,Es,It).png"
3073,
3074,"Sony - PlayStation 2/Named_Boxarts/Smash Cars (Europe) (En,Fr,De,Es,It).png"
3075,"Sony - PlayStation 2/Named_Boxarts/Flintstones in Viva Rock Vegas, The (Europe) (En,Fr,De).png"
3076,"Sony - PlayStation 2/Named_Boxarts/Twisted Metal - Black (Europe) (En,Fr,De,Es,It).png"
3078,"Sony - PlayStation 2/Named_Boxarts/MX Rider (Europe) (En,Fr,De,Es,It).png"
3079,Sony - PlayStation Portable/Named_Boxarts/Tactics Ogre - Let Us Cling Together (Europe).png
3080,Sony - PlayStation 2/Named_Boxarts/Robot Wars - Arenas of Destruction (Europe).png
3081,"Sony - PlayStation 2/Named_Boxarts/Sly Raccoon (Europe) (En,Fr,De,Es,It).png"
3082,"Sony - PlayStation 2/Named_Boxarts/International Superstar Soccer 3 (Europe) (En,Fr,De,Es,It).png"
3083,"Sony - PlayStation 2/Named_Boxarts/Futurama (Europe) (En,Fr,De,Es,It).png"
3084,"Sony - PlayStation 2/Named_Boxarts/Soulcalibur II (Europe) (En,Fr,De,Es,It).png"
3085,
3086,"Sony - PlayStation 2/Named_Boxarts/Midnight Club II (Europe) (En,Fr,De,Es,It).png"
3087,
3088,
